target,trait,model,cultivar_ascii,n,rmse,mae,bias,r2,pearson_r,ccc,rpd,rpiq,y_mean,y_sd
adhesive_force_g_mean,AF,global_pls,3.13,300,44.30464253858437,40.483045677514916,39.99066821887457,-10.817070622130641,0.49120471085069334,0.123013859277885,0.2913869634566135,0.357848173483669,38.68445742011228,12.909795256348808
adhesive_force_g_mean,AF,global_pls,A181,310,28.666580985422986,23.76096484479869,16.593065817528952,-1.4511489759332763,0.12882425844753603,0.08930125892065953,0.6397595144559589,0.915424908520928,76.45893583979601,18.339717932346634
adhesive_force_g_mean,AF,global_pls,Cuihongli,295,31.447974649633103,24.67159407909635,0.31744769482226354,-0.4696250896782199,-0.011676484248237617,-0.01081969424165734,0.8262929815715542,1.1435941144776907,106.02743629130423,25.98524073763199
adhesive_force_g_mean,AF,global_pls,Fengtangli,183,27.654874108540195,21.92745746150834,4.870906944313781,0.02281862398020862,0.37394147396691396,0.33842708323512455,1.0143836960132984,1.5981631880372196,68.50951194951885,28.052653411003472
adhesive_force_g_mean,AF,global_pls,Fengwei Huanghou,86,34.999051674703615,25.95372501693186,-22.05899328412974,-0.34471935452710767,0.4369260238015893,0.2358205874993273,0.8674090218688839,0.9592543366355023,115.47397264559014,30.358493179493188
adhesive_force_g_mean,AF,global_pls,Furongli,278,53.019243708555045,39.18063163075646,-26.225537406581804,-0.011833632812368489,0.5070210766510712,0.26564179539337435,0.9959280353259453,1.4511558134882823,141.80926585854257,52.803351221128715
adhesive_force_g_mean,AF,global_pls,Konglongdan,778,36.74029804858557,27.705618864785336,-7.1517945805580005,0.07253809932821575,0.33462334414685846,0.22404335150814406,1.0390375669520413,1.362777751945878,106.62807619586955,38.17454989349518
adhesive_force_g_mean,AF,global_pls,L31,216,26.945258267325144,22.696689070137996,18.476219311137893,-0.7140061829798738,0.3676365808285584,0.1980424915618572,0.7655991692229026,1.194490011946651,74.43171021251251,20.629267343960677
adhesive_force_g_mean,AF,global_pls,Naili,144,29.82779133136457,24.292427410298696,2.929786972247196,0.42242360209470087,0.6563433414060995,0.578351429934527,1.3204090988503272,1.9681240705082912,91.8440194881232,39.38488707254269
adhesive_force_g_mean,AF,global_pls,Qingcuili,329,49.73110769819231,36.24070352473695,-19.7981313788762,-0.12361832434750175,0.26533845593604144,0.1560858667549044,0.9448255316093204,1.3999220218290773,111.57698302838881,46.98722026846492
adhesive_force_g_mean,AF,global_pls,Weidi,681,19.477856447444484,15.866699439782348,8.383332340436045,-4.526563552496182,0.5353915462329621,0.3247348662398984,0.4256881054654732,0.5599823390190752,32.398667364542575,8.291491809641094
adhesive_force_g_mean,AF,global_pls,Weijin,320,24.69880282327399,18.893229709084682,-5.655670836856603,-0.257801272991778,0.18773119603998623,0.16547755925751248,0.8930455950718377,1.1102478073861053,101.26466770337531,22.057157064872705
adhesive_force_g_mean,AF,global_pls,Weiwang,478,47.57808892170187,35.30060013300637,-3.9459538727808754,-0.04016496807517789,0.10168576461235403,0.05712842226720721,0.9815301562710519,1.0955608192842479,117.2650247902797,46.69932905439604
adhesive_force_g_mean,AF,global_pls,Weixin,191,31.613277838878037,24.509837687420216,-13.380062683498258,-0.25970992222878464,0.2367257383304122,0.1679022213855178,0.8933149621988771,1.2072171157712819,96.85608926969753,28.240614097619932
adhesive_force_g_mean,AF,global_pls,Zaoshu Konglongdan,264,20.897855715168852,15.060578460461612,-3.1855118134201965,-1.1918818418985127,0.175379248576014,0.16755911295261672,0.6767301405735251,0.8361307844309709,62.35195305455833,14.142208835811463
adhesive_force_g_mean,AF,cultivar_aware_pls,3.13,300,17.74674693227472,14.11133690049597,0.20970262265169698,-0.896046001288826,0.4222324818692188,0.3938053622264521,0.7274457288209085,0.8933657232946817,38.68445742011228,12.909795256348808
adhesive_force_g_mean,AF,cultivar_aware_pls,A181,310,19.25740260420235,15.355850467026862,0.09526852326882825,-0.10614823522786065,0.34612705318894754,0.339532324848406,0.9523463942299539,1.362702064008469,76.45893583979601,18.339717932346634
adhesive_force_g_mean,AF,cultivar_aware_pls,Cuihongli,295,26.355403344453123,21.05028740636103,-0.004783052301910961,-0.03219209896892572,0.24486532027363,0.20647897447217692,0.985954963314988,1.364567191461068,106.02743629130423,25.98524073763199
adhesive_force_g_mean,AF,cultivar_aware_pls,Fengtangli,183,28.32860753603891,22.381580549257734,-0.03510651868619552,-0.02537391520399268,0.24999070508763094,0.21038318902678674,0.9902588178863231,1.5601544027127454,68.50951194951885,28.052653411003472
adhesive_force_g_mean,AF,cultivar_aware_pls,Fengwei Huanghou,86,28.808541006837025,22.21716625051984,0.0361281825169454,0.08890926511231301,0.33611375347918937,0.26602516301216855,1.0538018281553487,1.1653832830035276,115.47397264559014,30.358493179493188
adhesive_force_g_mean,AF,cultivar_aware_pls,Furongli,278,48.17516430719289,39.02463904614216,-0.071056059466096,0.16461155627140656,0.4318744085251247,0.22691457413464547,1.0960699767295823,1.597071537604162,141.80926585854257,52.803351221128715
adhesive_force_g_mean,AF,cultivar_aware_pls,Konglongdan,778,36.70398926437865,28.54726225611365,-0.07980336147166416,0.07437033129411841,0.2977425609137614,0.21161320206775927,1.040065416827694,1.3641258561794802,106.62807619586955,38.17454989349518
adhesive_force_g_mean,AF,cultivar_aware_pls,L31,216,20.6455061595551,16.688626980838233,-0.016871460392080588,-0.006233455153132672,0.2624523091181092,0.21867557811226368,0.9992134455087259,1.5589756734904092,74.43171021251251,20.629267343960677
adhesive_force_g_mean,AF,cultivar_aware_pls,Naili,144,29.306138320574206,23.78551274045016,-0.05579283365904855,0.44244920979514224,0.6807977603201836,0.566798315025849,1.343912549709518,2.0031569307152215,91.8440194881232,39.38488707254269
adhesive_force_g_mean,AF,cultivar_aware_pls,Qingcuili,329,44.90900575116111,36.499276957644426,-0.012728753635643044,0.08371742364501278,0.2950694645221983,0.18521054999109288,1.046276119511955,1.5502385695736087,111.57698302838881,46.98722026846492
adhesive_force_g_mean,AF,cultivar_aware_pls,Weidi,681,15.53142971390302,12.254187853575116,0.18235378423483384,-2.5139511387599307,0.4714492925035191,0.36318837240196583,0.5338524503136329,0.70226990131849,32.398667364542575,8.291491809641094
adhesive_force_g_mean,AF,cultivar_aware_pls,Weijin,320,25.95915330167574,20.022190055551214,-0.036009462708976335,-0.38944471162334593,0.10942854283137946,0.10477164482884838,0.8496870760206516,1.056343839913744,101.26466770337531,22.057157064872705
adhesive_force_g_mean,AF,cultivar_aware_pls,Weiwang,478,45.554584775276076,34.23607645940564,0.06114246277829357,0.04643034872761154,0.233374291695996,0.13651445090651165,1.0251290684519916,1.144224897146428,117.2650247902797,46.69932905439604
adhesive_force_g_mean,AF,cultivar_aware_pls,Weixin,191,29.53375740679192,23.841569481551847,-0.06625647099602018,-0.09943333354838568,0.16672041123488385,0.13699387439996977,0.9562147378892398,1.2922192583578909,96.85608926969753,28.240614097619932
adhesive_force_g_mean,AF,cultivar_aware_pls,Zaoshu Konglongdan,264,15.832607426553935,12.228964202095522,-0.06824481174039189,-0.2581098804965851,0.29096359322516824,0.28844611513471874,0.8932330888273405,1.1036299973397725,62.35195305455833,14.142208835811463
adhesive_force_g_mean,AF,nested_rbf_svr,3.13,300,14.037665626573302,10.892990581586561,0.5049950874561528,-0.18631806564710396,0.45166283087616577,0.45015803105535457,0.9196539937459804,1.1294139517945934,38.68445742011228,12.909795256348808
adhesive_force_g_mean,AF,nested_rbf_svr,A181,310,19.289621155474872,15.60654873299879,0.025917022401935056,-0.10985260874208436,0.20732219898581353,0.1826807796081393,0.9507557346268238,1.360426006538778,76.45893583979601,18.339717932346634
adhesive_force_g_mean,AF,nested_rbf_svr,Cuihongli,295,26.545352477621655,21.38594684262708,-0.12685222361552922,-0.04712418176426025,0.12301664536992624,0.08047576184869668,0.9788998190752278,1.3548028323180972,106.02743629130423,25.98524073763199
adhesive_force_g_mean,AF,nested_rbf_svr,Fengtangli,183,26.877392464726494,21.254883383191046,0.05383811631986444,0.07699070294639165,0.2888709417968563,0.18771271266893372,1.0437267472214566,1.6443932136674373,68.50951194951885,28.052653411003472
adhesive_force_g_mean,AF,nested_rbf_svr,Fengwei Huanghou,86,29.013958325406637,21.520016578282277,-0.2154123475460595,0.07587000294421431,0.279901747499984,0.16623486170259158,1.046340965924294,1.1571324298653396,115.47397264559014,30.358493179493188
adhesive_force_g_mean,AF,nested_rbf_svr,Furongli,278,48.81214173124354,39.58834424473917,-0.0019535862598073278,0.14237431077433793,0.40335865987902597,0.19699093196227085,1.0817667356589373,1.5762304419675703,141.80926585854257,52.803351221128715
adhesive_force_g_mean,AF,nested_rbf_svr,Konglongdan,778,35.62431619348333,27.762971475198686,-0.2665476355924955,0.12802546577489093,0.3615867201669033,0.2044694861820419,1.0715868814480811,1.405468683484006,106.62807619586955,38.17454989349518
adhesive_force_g_mean,AF,nested_rbf_svr,L31,216,20.025041952536988,16.460204465053547,-0.2297872401226231,0.0533388549567021,0.2623074392060393,0.1762800083072756,1.030173489416692,1.6072796224811483,74.43171021251251,20.629267343960677
adhesive_force_g_mean,AF,nested_rbf_svr,Naili,144,31.190120816756913,25.4741713150345,0.01581128840082593,0.36845927759794583,0.66597794725254,0.4525761441002115,1.262735957450448,1.8821598811447364,91.8440194881232,39.38488707254269
adhesive_force_g_mean,AF,nested_rbf_svr,Qingcuili,329,45.282560796799885,36.661282145572834,-0.49222380804071364,0.06841067026627812,0.2617793758464819,0.12706632973839624,1.0376449441389697,1.5374499942497286,111.57698302838881,46.98722026846492
adhesive_force_g_mean,AF,nested_rbf_svr,Weidi,681,9.810918172387515,7.5673192485122485,0.13311148184486546,-0.40214250249945227,0.4886715469286848,0.47328164036618386,0.8451290352188654,1.1117466704814465,32.398667364542575,8.291491809641094
adhesive_force_g_mean,AF,nested_rbf_svr,Weijin,320,23.18343044181025,18.05538609388964,-0.4666823654836404,-0.10819355810274955,0.14242775541910035,0.11393419295075093,0.9514190369814141,1.1828185543304135,101.26466770337531,22.057157064872705
adhesive_force_g_mean,AF,nested_rbf_svr,Weiwang,478,45.59140444251667,34.37128957725603,-0.08355931633990009,0.044888273155325176,0.2118874060573234,0.08674449134866782,1.0243011731142497,1.143300819889399,117.2650247902797,46.69932905439604
adhesive_force_g_mean,AF,nested_rbf_svr,Weixin,191,28.239218801547782,22.520952535878948,-0.325727566818502,-0.005163825417020318,0.14866124208304646,0.08483107621645838,1.0000494098679555,1.351457005979031,96.85608926969753,28.240614097619932
adhesive_force_g_mean,AF,nested_rbf_svr,Zaoshu Konglongdan,264,14.0014268378469,10.555618285346263,-0.09445070065591932,0.016083424462803086,0.3166406468108096,0.2808294430315356,1.0100548322392415,1.2479685602339927,62.35195305455833,14.142208835811463
adhesive_force_g_mean,AF,residual_cnn,3.13,300,15.410119286752664,12.170508821654106,-1.8770406841735292,-0.42962902959168936,0.44064517622241806,0.42862369148581275,0.8377479120130327,1.0288262611249535,38.68445742011228,12.909795256348808
adhesive_force_g_mean,AF,residual_cnn,A181,310,18.297254068390245,14.397834210706979,-3.436535955420773,0.001404170873599897,0.35799004977721394,0.3213839376626172,1.002320777959232,1.4342098643929109,76.45893583979601,18.339717932346634
adhesive_force_g_mean,AF,residual_cnn,Cuihongli,295,24.801317620903784,19.751832726373408,-2.201393994226628,0.08594841787357921,0.33549418660238073,0.2584589574319604,1.0477362991283308,1.4500729062576911,106.02743629130423,25.98524073763199
adhesive_force_g_mean,AF,residual_cnn,Fengtangli,183,26.718426923954,20.953368891974378,-0.6189205046539007,0.08787663743282714,0.3265438306926215,0.24844497481246203,1.049936565908126,1.6541767932620468,68.50951194951885,28.052653411003472
adhesive_force_g_mean,AF,residual_cnn,Fengwei Huanghou,86,27.256870004657312,19.705471826914295,-5.7514338898925015,0.18441154866215015,0.5075230744612189,0.2819793803128094,1.1137923457207635,1.2317258764984003,115.47397264559014,30.358493179493188
adhesive_force_g_mean,AF,residual_cnn,Furongli,278,48.60683452963204,38.36510433009578,-6.849870966735945,0.1495736029453869,0.4408020895598511,0.2211719703985977,1.086335938805856,1.5828881777421133,141.80926585854257,52.803351221128715
adhesive_force_g_mean,AF,residual_cnn,Konglongdan,778,35.57186976188216,27.104463570987605,-4.530314676812934,0.13059103301427133,0.3825717446310114,0.23120811214263373,1.0731668070594922,1.407540877542664,106.62807619586955,38.17454989349518
adhesive_force_g_mean,AF,residual_cnn,L31,216,21.090947356068575,17.428631603881744,-2.61331053410556,-0.05012224498916762,0.16236562977017688,0.11204491560693436,0.9781100391407949,1.526050078560452,74.43171021251251,20.629267343960677
adhesive_force_g_mean,AF,residual_cnn,Naili,144,27.55841988992205,21.530751346182456,-4.687313723522292,0.5069671332645415,0.7440354620810716,0.6300022244000554,1.4291417007890757,2.130194485890142,91.8440194881232,39.38488707254269
adhesive_force_g_mean,AF,residual_cnn,Qingcuili,329,44.72018329009991,35.898504728700324,-3.618736921845064,0.09140634942208314,0.31219735893740735,0.1717000368075019,1.0506938212587085,1.556784156832051,111.57698302838881,46.98722026846492
adhesive_force_g_mean,AF,residual_cnn,Weidi,681,12.496116337569772,9.695122575681317,3.8066227805846453,-1.2746939191477695,0.5235265612452629,0.43610008715093923,0.6635254974949771,0.872851637890478,32.398667364542575,8.291491809641094
adhesive_force_g_mean,AF,residual_cnn,Weijin,320,22.516808427751858,17.205446438784396,-0.9078528446504853,-0.04537928400587332,0.20356582048209812,0.16171059302513907,0.9795863004140216,1.2178365227731152,101.26466770337531,22.057157064872705
adhesive_force_g_mean,AF,residual_cnn,Weiwang,478,43.82690840121903,30.42081903748976,-7.4273078846769165,0.11738783723787982,0.3914481927717278,0.20404363310837198,1.0655401158320608,1.189330755476895,117.2650247902797,46.69932905439604
adhesive_force_g_mean,AF,residual_cnn,Weixin,191,27.313248626525148,21.845307140790467,0.04747019922310937,0.05967450833851562,0.27324556165685465,0.1869573661813516,1.0339529538860557,1.3972739242619285,96.85608926969753,28.240614097619932
adhesive_force_g_mean,AF,residual_cnn,Zaoshu Konglongdan,264,14.225026964892654,10.663621552428562,-0.5451514508323061,-0.01559343017184589,0.29195087134115494,0.2587434219119393,0.9941779984469916,1.2283520119275386,62.35195305455833,14.142208835811463
adhesive_force_g_mean,AF,no_neural_b50,3.13,300,14.854903503632515,11.758945428043413,0.35734885505392505,-0.3284677845490773,0.46068701253734423,0.4532961642438677,0.8690595164884064,1.0672795959531054,38.68445742011228,12.909795256348808
adhesive_force_g_mean,AF,no_neural_b50,A181,310,18.64161392818735,14.97751168002397,0.06059277283538207,-0.036537287076912506,0.30611638353590176,0.28262036033931365,0.983805265091118,1.407716219061313,76.45893583979601,18.339717932346634
adhesive_force_g_mean,AF,no_neural_b50,Cuihongli,295,26.04789241327987,20.874168024441747,-0.06581763795872028,-0.008245692157962115,0.2075054599180831,0.15156443718351414,0.9975947506748783,1.3806767223604173,106.02743629130423,25.98524073763199
adhesive_force_g_mean,AF,no_neural_b50,Fengtangli,183,27.2111419756771,21.548983241475753,0.009365798816834733,0.05392547973773054,0.2795237230942552,0.20452694198504576,1.0309252524601342,1.6242244375329198,68.50951194951885,28.052653411003472
adhesive_force_g_mean,AF,no_neural_b50,Fengwei Huanghou,86,28.659122134239706,21.685975263480497,-0.08964208251455615,0.0983357135082571,0.322664652036335,0.22196544267107943,1.0592959908992887,1.1714591933358303,115.47397264559014,30.358493179493188
adhesive_force_g_mean,AF,no_neural_b50,Furongli,278,48.22270048872345,39.167012675228555,-0.03650482286295289,0.16296212675684218,0.4473191752663864,0.213925921029021,1.0949895108731296,1.5954972026590133,141.80926585854257,52.803351221128715
adhesive_force_g_mean,AF,no_neural_b50,Konglongdan,778,35.83602981867432,27.902480287515118,-0.17317549853207895,0.11763046199955907,0.343005976259248,0.21122189499185934,1.0652561147720179,1.3971653956594785,106.62807619586955,38.17454989349518
adhesive_force_g_mean,AF,no_neural_b50,L31,216,19.903610445797923,16.27813886311753,-0.12332935025735105,0.06478511793803887,0.28750128317839274,0.20564170475880578,1.0364585561066362,1.61708560149387,74.43171021251251,20.629267343960677
adhesive_force_g_mean,AF,no_neural_b50,Naili,144,29.854490408403933,24.256724912855262,-0.019990772629111357,0.42138915350350514,0.6920718307185056,0.5195930613715553,1.3192282478704103,1.9663639635541046,91.8440194881232,39.38488707254269
adhesive_force_g_mean,AF,no_neural_b50,Qingcuili,329,44.81882048868605,36.471237251777715,-0.2524762808381782,0.08739384489740387,0.2957156246834896,0.15853846916301909,1.0483814557396987,1.5533579883974764,111.57698302838881,46.98722026846492
adhesive_force_g_mean,AF,no_neural_b50,Weidi,681,11.60536169058934,9.11263634309702,0.1577326330398496,-0.9619602643239595,0.5066837509847614,0.45409361860042524,0.7144535457576108,0.9398462454955032,32.398667364542575,8.291491809641094
adhesive_force_g_mean,AF,no_neural_b50,Weijin,320,23.733369317006037,18.302310775276073,-0.251345914096308,-0.1613925038218469,0.13616193154859785,0.11610360248128208,0.9293731863460174,1.1554108189751524,101.26466770337531,22.057157064872705
adhesive_force_g_mean,AF,no_neural_b50,Weiwang,478,45.35909903984615,34.14289481959866,-0.011208426780804626,0.05459678474595098,0.2347351813352292,0.11324792371758235,1.0295471039531132,1.1491562042105168,117.2650247902797,46.69932905439604
adhesive_force_g_mean,AF,no_neural_b50,Weixin,191,28.410263043084214,22.863234130102764,-0.19599201890726112,-0.0173772060763433,0.1721237103865594,0.11626627586837474,0.9940286034942017,1.3433205470449399,96.85608926969753,28.240614097619932
adhesive_force_g_mean,AF,no_neural_b50,Zaoshu Konglongdan,264,14.36701960886635,10.849487109903695,-0.08134775619815554,-0.03596970430424817,0.321654044686711,0.3014732030356904,0.9843523027617955,1.2162119192254752,62.35195305455833,14.142208835811463
adhesive_force_g_mean,AF,cultivar_mean_null,3.13,300,12.902228264752237,9.918390043496402,-1.2316074086508404e-15,-0.0021686187784177857,-0.06209124151394073,-0.00192719676358334,1.000586487189755,1.228805992573542,38.68445742011228,12.909795256348808
adhesive_force_g_mean,AF,cultivar_mean_null,A181,310,18.39089655109344,14.758797593529668,-4.2174149477373686e-15,-0.008843299005624639,-0.12538508864471798,-0.007852993963476492,0.9972171765196644,1.4269071767808064,76.45893583979601,18.339717932346634
adhesive_force_g_mean,AF,cultivar_mean_null,Cuihongli,295,26.059423856023542,21.001810969802293,1.1175994216701237e-14,-0.009138593650882987,-0.12746132241853098,-0.008114954437329435,0.9971533093440051,1.3800657650860209,106.02743629130423,25.98524073763199
adhesive_force_g_mean,AF,cultivar_mean_null,Fengtangli,183,28.094360126220867,22.81480221085858,-0.011757807336940724,-0.008486525253495802,-0.12302902050150849,-0.007538788050129539,0.9985154773046969,1.573162783259935,68.50951194951885,28.052653411003472
adhesive_force_g_mean,AF,cultivar_mean_null,Fengwei Huanghou,86,30.285419092297943,22.700401360524395,-0.008348723380857279,-0.006899852996471889,-0.1112303829198056,-0.006133723722338746,1.0024128471517118,1.108552996898353,115.47397264559014,30.358493179493188
adhesive_force_g_mean,AF,cultivar_mean_null,Furongli,278,52.77048372246624,43.27003210742585,0.001522291963942571,-0.002361100920289516,-0.06464259356413568,-0.002097257685189733,1.0006228386845066,1.457996559953192,141.80926585854257,52.803351221128715
adhesive_force_g_mean,AF,cultivar_mean_null,Konglongdan,778,38.2052649769259,30.44858082002013,-0.0012102094036607874,-0.0028989121745099933,-0.07178952838995319,-0.002575986037893186,0.9991960510298967,1.310522536899354,106.62807619586955,38.17454989349518
adhesive_force_g_mean,AF,cultivar_mean_null,L31,216,20.614510484758505,17.044650906214716,0.0018886795364229966,-0.0032143504305202075,-0.0756661189666165,-0.0028567220986081363,1.0007158481504124,1.561319726385919,74.43171021251251,20.629267343960677
adhesive_force_g_mean,AF,cultivar_mean_null,Naili,144,39.44283737152855,32.79763954974049,0.0070991568871689266,-0.009958534223654558,-0.13266879067444393,-0.00883700306450932,0.9985307776304224,1.4883511938147909,91.8440194881232,39.38488707254269
adhesive_force_g_mean,AF,cultivar_mean_null,Qingcuili,329,46.93877221075932,38.52059175741077,0.001059298484501306,-0.0009813795385740232,-0.04170982181620308,-0.0008719928099922431,1.001032154345411,1.4832018299084253,111.57698302838881,46.98722026846492
adhesive_force_g_mean,AF,cultivar_mean_null,Weidi,681,8.3170175007574,6.555153313605367,0.0004399965734838186,-0.007646214575995014,-0.11659204341846208,-0.006790885369346211,0.9969309080912742,1.3114383385058952,32.398667364542575,8.291491809641094
adhesive_force_g_mean,AF,cultivar_mean_null,Weijin,320,22.235275760312145,17.10253856811182,7.105427357601002e-16,-0.019401489024763574,-0.1857189706088857,-0.017208670928661695,0.9919893642264889,1.233256199527194,101.26466770337531,22.057157064872705
adhesive_force_g_mean,AF,cultivar_mean_null,Weiwang,478,46.79964542523634,35.29032473258567,0.006404735995762874,-0.006406333098897932,-0.10676935540105917,-0.005690987771771221,0.9978564715623635,1.1137838674933778,117.2650247902797,46.69932905439604
adhesive_force_g_mean,AF,cultivar_mean_null,Weixin,191,28.330744694801005,22.902222559804766,0.009075922380760833,-0.01169004028453502,-0.14371160530516533,-0.010371028709668967,0.9968186294376649,1.3470909608574477,96.85608926969753,28.240614097619932
adhesive_force_g_mean,AF,cultivar_mean_null,Zaoshu Konglongdan,264,14.20489352438971,11.010169564759027,-0.004333340029122705,-0.012720617373612964,-0.1511696569449745,-0.011303087802003623,0.995587106058161,1.2300930282967464,62.35195305455833,14.142208835811463
adhesive_force_g_mean,AF,plumspectra_corrected,3.13,300,13.985341633154814,11.07588359838613,-0.6860227983586882,-0.17749078409627206,0.4670880527539678,0.4646158123115138,0.9230947369740167,1.133639479474257,38.68445742011228,12.909795256348808
adhesive_force_g_mean,AF,plumspectra_corrected,A181,310,18.210534094187665,14.550231450083665,-1.705309466509419,0.010847444470246104,0.3086798979029629,0.26710247773692586,1.0070939071578466,1.4410396828813723,76.45893583979601,18.339717932346634
adhesive_force_g_mean,AF,plumspectra_corrected,Cuihongli,295,25.372176237986807,20.249924410021695,-1.1641231089210786,0.04338621457800351,0.25662230987070067,0.17655995574058683,1.0241628662001532,1.4174471430527014,106.02743629130423,25.98524073763199
adhesive_force_g_mean,AF,plumspectra_corrected,Fengtangli,183,26.452326739145573,20.87293497980624,-0.2825411941670191,0.10595461328755562,0.33082620491000436,0.22355335405636187,1.0604985220256504,1.6708171725652952,68.50951194951885,28.052653411003472
adhesive_force_g_mean,AF,plumspectra_corrected,Fengwei Huanghou,86,27.735998173597633,20.220844478017806,-2.9834231187192803,0.15548629491175947,0.42760409898957885,0.23001157822009108,1.0945520326862421,1.2104483093400324,115.47397264559014,30.358493179493188
adhesive_force_g_mean,AF,plumspectra_corrected,Furongli,278,48.389714199973426,38.825586653077366,-3.425912276497876,0.1571541199374491,0.4445979258992771,0.21140383113613676,1.0912102312263237,1.5899904557498696,141.80926585854257,52.803351221128715
adhesive_force_g_mean,AF,plumspectra_corrected,Konglongdan,778,35.29408426268456,27.12244757077423,-2.3984311562027147,0.1441166765431715,0.39443605478928656,0.22098656602479233,1.081613270070193,1.4186190639718446,106.62807619586955,38.17454989349518
adhesive_force_g_mean,AF,plumspectra_corrected,L31,216,20.281883973828453,16.803661046971868,-1.4215488871140918,0.028899291776091074,0.228957697301783,0.1471469744562153,1.017127766364332,1.586925648089453,74.43171021251251,20.629267343960677
adhesive_force_g_mean,AF,plumspectra_corrected,Naili,144,28.854096563127882,23.008706112269277,-2.3357512175607327,0.45951678998418033,0.7294848580142677,0.5574492061146568,1.3649669115917464,2.0345393230705042,91.8440194881232,39.38488707254269
adhesive_force_g_mean,AF,plumspectra_corrected,Qingcuili,329,44.798450412945996,36.17813620227457,-2.0554803649428885,0.08822321219306006,0.3021748986360536,0.15084904935753132,1.0488581599439968,1.554064307914857,111.57698302838881,46.98722026846492
adhesive_force_g_mean,AF,plumspectra_corrected,Weidi,681,10.100363632121708,7.876248230057176,1.9698671312147555,-0.48609600271818754,0.5420153221657005,0.5039113094440387,0.8209102277537866,1.0798874188875645,32.398667364542575,8.291491809641094
adhesive_force_g_mean,AF,plumspectra_corrected,Weijin,320,22.420353621930715,17.21120868598728,-0.6872676050670629,-0.0364423256034232,0.1888589192015374,0.14238723920453472,0.9838005874848136,1.2230757882774324,101.26466770337531,22.057157064872705
adhesive_force_g_mean,AF,plumspectra_corrected,Weiwang,478,44.319762014528266,31.994157903339538,-3.7554336005084084,0.09742546761097881,0.33918784316176787,0.14936806863168398,1.053690880359144,1.17610491820673,117.2650247902797,46.69932905439604
adhesive_force_g_mean,AF,plumspectra_corrected,Weixin,191,27.473864644240816,21.925778055419467,-0.13912868379769713,0.04858279171021529,0.2374744649202594,0.1398581620139299,1.0279083217198512,1.389105267384603,96.85608926969753,28.240614097619932
adhesive_force_g_mean,AF,plumspectra_corrected,Zaoshu Konglongdan,264,13.828654717443678,10.336029087710866,-0.31980107574411293,0.04021589743595555,0.3221544716872254,0.27789146274494697,1.0226742314978956,1.2635604004204575,62.35195305455833,14.142208835811463
adhesive_force_g_mean,AF,plumspectra_fixed_gate_sensitivity,3.13,300,14.17308834216367,11.198229566768678,-0.36160360081221476,-0.20931752191275743,0.4666023750609553,0.46348431217795294,0.9108667740356434,1.118622492609042,38.68445742011228,12.909795256348808
adhesive_force_g_mean,AF,plumspectra_fixed_gate_sensitivity,A181,310,18.23509031681214,14.608614577588405,-1.0321924792161936,0.008177975555846206,0.31153922567058834,0.27516392529483663,1.0057377075581595,1.4390991116723055,76.45893583979601,18.339717932346634
adhesive_force_g_mean,AF,plumspectra_fixed_gate_sensitivity,Cuihongli,295,25.555377332522912,20.417329172890476,-0.8098180976944881,0.029521782816451236,0.24097516854870646,0.16814558060418655,1.016820859246794,1.4072857643074206,106.02743629130423,25.98524073763199
adhesive_force_g_mean,AF,plumspectra_fixed_gate_sensitivity,Fengtangli,183,26.619196719994232,21.06868233153393,-0.22865499690391894,0.09463916979207454,0.31799077538227066,0.21852211920167516,1.053850486402264,1.660343181463296,68.50951194951885,28.052653411003472
adhesive_force_g_mean,AF,plumspectra_fixed_gate_sensitivity,Fengwei Huanghou,86,27.927999216598987,20.53962456134416,-1.9036185144039306,0.14375361883072424,0.38934565551887423,0.22934137679524125,1.0870271423328326,1.202126648483125,115.47397264559014,30.358493179493188
adhesive_force_g_mean,AF,plumspectra_fixed_gate_sensitivity,Furongli,278,48.32023001178036,38.96388409522446,-2.2909914172575054,0.15957291556435205,0.4461295628045357,0.21127032654529573,1.0927793847060616,1.5922768520692905,141.80926585854257,52.803351221128715
adhesive_force_g_mean,AF,plumspectra_fixed_gate_sensitivity,Konglongdan,778,35.41706736724962,27.33308421903802,-1.6618975836646708,0.13814159150657312,0.38022627791303343,0.21635297687644817,1.0778574492815127,1.413693015892444,106.62807619586955,38.17454989349518
adhesive_force_g_mean,AF,plumspectra_fixed_gate_sensitivity,L31,216,19.990282643941647,16.47832676650899,-0.9347858169447727,0.056622416467938086,0.2649352063227469,0.17290709956296488,1.0319647656514093,1.6100743767821215,74.43171021251251,20.629267343960677
adhesive_force_g_mean,AF,plumspectra_fixed_gate_sensitivity,Naili,144,29.1599948877963,23.417413791977815,-1.5696682000969888,0.4479961172681073,0.7199035272365721,0.5442645770330803,1.3506479416093995,2.013196309369917,91.8440194881232,39.38488707254269
adhesive_force_g_mean,AF,plumspectra_fixed_gate_sensitivity,Qingcuili,329,44.76922820294341,36.257039795760576,-1.4773545232303888,0.0894123355884271,0.3019929698358389,0.15368840383385005,1.0495427809357607,1.5550786920216715,111.57698302838881,46.98722026846492
adhesive_force_g_mean,AF,plumspectra_fixed_gate_sensitivity,Weidi,681,10.383230135392258,8.109311564804674,1.3988859051273292,-0.5704995157556894,0.5353896286328862,0.49639390334185385,0.7985464736429881,1.050468444818466,32.398667364542575,8.291491809641094
adhesive_force_g_mean,AF,plumspectra_fixed_gate_sensitivity,Weijin,320,22.776784189246417,17.514355438658264,-0.5502246454738264,-0.06965823130330451,0.1720246635607514,0.13520440295939828,0.9684052358579457,1.2039360539995951,101.26466770337531,22.057157064872705
adhesive_force_g_mean,AF,plumspectra_fixed_gate_sensitivity,Weiwang,478,44.540958734459,32.64792324544949,-2.469147254030434,0.08839361691365488,0.3106931528469504,0.13940893054087303,1.0484581019641865,1.17026421433341,117.2650247902797,46.69932905439604
adhesive_force_g_mean,AF,plumspectra_fixed_gate_sensitivity,Weixin,191,27.754892235734726,22.234154147427287,-0.21369042039779063,0.029019329173173958,0.21295914078828004,0.12996065515207733,1.0175004052532344,1.3750401107156829,96.85608926969753,28.240614097619932
adhesive_force_g_mean,AF,plumspectra_fixed_gate_sensitivity,Zaoshu Konglongdan,264,13.951561989515284,10.437038990154567,-0.2045859874821443,0.023079209230548736,0.32376601516412096,0.28768255253767877,1.013664910526825,1.2524289757075762,62.35195305455833,14.142208835811463
flesh_force_mean_g_mean,MFF,global_pls,3.13,300,51.27691603916483,45.493519646271295,44.27489728930154,-4.586986956585304,0.4714753039261029,0.17696207407949713,0.42377585080273533,0.5444255972851395,34.814495237215766,21.729918721037503
flesh_force_mean_g_mean,MFF,global_pls,A181,310,41.568360730988836,35.51445420095269,28.833576906891444,-2.530261890241048,0.11664204432141906,0.06407678378179649,0.5330870652384347,0.6241398854678445,76.02027885384486,22.159555428855434
flesh_force_mean_g_mean,MFF,global_pls,Cuihongli,295,49.0149200900098,38.924675749620135,-27.57852511768912,-1.2247983927796477,-0.024720663502213323,-0.015736167886361955,0.671571120152852,0.9702437730431183,151.24803232740976,32.91700478905042
flesh_force_mean_g_mean,MFF,global_pls,Fengtangli,183,51.511904862934344,43.49344708551566,10.395406996585644,-0.055943399822603546,0.2481576087985477,0.19675392902931885,0.9758195863422684,1.7058184601615913,75.02611698046637,50.266325695050874
flesh_force_mean_g_mean,MFF,global_pls,Fengwei Huanghou,86,37.789694740612816,29.176629407180275,-13.738219113200591,0.06289624360561463,0.44420835147838134,0.3415044722411363,1.0390726732449092,1.2936762908022175,125.48688608270685,39.26623913523764
flesh_force_mean_g_mean,MFF,global_pls,Furongli,278,53.879640915041136,41.36853729455687,-23.867170802752536,-0.004711437973200949,0.4429830439391777,0.30794065637051365,0.999451767142461,1.2429115861394893,149.49428637493716,53.850102325539105
flesh_force_mean_g_mean,MFF,global_pls,Konglongdan,778,45.51499727083939,36.314151181141476,-3.62641277188608,-0.0012501904626909255,0.25853013252712714,0.20749186618696866,1.000018382261662,1.414620046744757,111.4826406871008,45.51583393942876
flesh_force_mean_g_mean,MFF,global_pls,L31,216,61.73620097808966,55.50067863745398,53.58926723096832,-3.2957522777739747,0.24528929283472334,0.06316875465638874,0.48360193632763077,0.7456200911117197,42.9095003401583,29.855746334515935
flesh_force_mean_g_mean,MFF,global_pls,Naili,144,44.462842204092034,34.03520004145807,-19.872076445616308,0.14404500397032316,0.5642100749898051,0.4504412462603177,1.0846453575215962,1.3981346279500602,131.78362563230147,48.22641537888372
flesh_force_mean_g_mean,MFF,global_pls,Qingcuili,329,64.7464502090142,50.28617718996694,-27.334443679933123,-0.22309541616649176,0.20713864369670132,0.12615893366041878,0.9055884145798982,1.3844436367728075,128.1665671385613,58.63363519445749
flesh_force_mean_g_mean,MFF,global_pls,Weidi,681,28.27875914788984,22.862877524888354,15.246169974868616,-3.5426395735999483,0.414382472595482,0.2635580645618708,0.46953174435941303,0.6728862841741089,25.805077564907663,13.277775111028426
flesh_force_mean_g_mean,MFF,global_pls,Weijin,320,54.51724933780858,42.017528526362334,-33.67184681455813,-0.8240724621243587,0.12493287763400822,0.06460437667131562,0.7415810169756664,0.9188960043697914,156.5362412056466,40.42895720664806
flesh_force_mean_g_mean,MFF,global_pls,Weiwang,478,62.45122538799646,48.59079289659252,-5.107480639773589,-0.12380718609353458,0.003573992870108282,0.002187080398315217,0.9442975358024928,1.1430279068858793,131.84109463191817,58.97253824173113
flesh_force_mean_g_mean,MFF,global_pls,Weixin,191,34.50200197648716,27.55502153239032,-1.1891362089213833,-0.2096425818022425,0.19204248549640357,0.17909574932238453,0.9116147635154229,1.25550503738239,92.96896148683136,31.452534372603996
flesh_force_mean_g_mean,MFF,global_pls,Zaoshu Konglongdan,264,29.707584237485896,20.98494639313212,-8.144633076012184,-1.779464602722837,0.13131243630503445,0.11619316621687477,0.6009571621434263,0.8150255481076559,74.04582969281023,17.852985517496307
flesh_force_mean_g_mean,MFF,cultivar_aware_pls,3.13,300,21.65009199132815,16.511066315503243,-0.01859759105365214,0.004013722922970975,0.23926857361011739,0.18421738158493983,1.0036871312020903,1.2894386616345133,34.814495237215766,21.729918721037503
flesh_force_mean_g_mean,MFF,cultivar_aware_pls,A181,310,21.87956162690142,17.065313927370383,0.0471265857027106,0.0219560731591093,0.22366874604697673,0.15177140064659542,1.0127970480729265,1.1857857277097406,76.02027885384486,22.159555428855434
flesh_force_mean_g_mean,MFF,cultivar_aware_pls,Cuihongli,295,31.794075548511664,26.046646858464452,-0.022318968514441543,0.06389089808028547,0.25344760441211106,0.12837905974203512,1.035318820288559,1.4957636032214892,151.24803232740976,32.91700478905042
flesh_force_mean_g_mean,MFF,cultivar_aware_pls,Fengtangli,183,49.39529820432566,41.91742452099935,-0.03713476806372572,0.029050498039247974,0.17051614259627496,0.05805869991868859,1.017633813791794,1.7789134073004964,75.02611698046637,50.266325695050874
flesh_force_mean_g_mean,MFF,cultivar_aware_pls,Fengwei Huanghou,86,37.76633250500982,29.146216583746742,0.14777652850842266,0.06405455259053194,0.2661648921140198,0.0946701867154971,1.0397154431140183,1.294476558349926,125.48688608270685,39.26623913523764
flesh_force_mean_g_mean,MFF,cultivar_aware_pls,Furongli,278,52.028918345809394,40.81347910909617,-0.06260024045119737,0.06312520413444633,0.3137652025898102,0.07772748698354107,1.0350033027330154,1.2871232399113237,149.49428637493716,53.850102325539105
flesh_force_mean_g_mean,MFF,cultivar_aware_pls,Konglongdan,778,46.53008431965925,37.79392035770121,-0.03126270068741941,-0.04640847580858032,-0.01929281870286146,-0.007317198582839259,0.9782022664463136,1.3837590992642717,111.4826406871008,45.51583393942876
flesh_force_mean_g_mean,MFF,cultivar_aware_pls,L31,216,30.371766848404636,25.549343039247354,0.013978089434637561,-0.03967964544659841,0.07199521099998943,0.03781887340058819,0.9830098618738802,1.5156099422181821,42.9095003401583,29.855746334515935
flesh_force_mean_g_mean,MFF,cultivar_aware_pls,Naili,144,44.15735892928049,35.02367492263683,-0.05580767880606125,0.15576632764373122,0.4395273049622661,0.20397626127867294,1.0921489995839644,1.4078070077103086,131.78362563230147,48.22641537888372
flesh_force_mean_g_mean,MFF,cultivar_aware_pls,Qingcuili,329,58.69825045069601,48.74895444635475,-0.06706895442142354,-0.005260752024453641,0.05280643247605773,0.014751965473506028,0.9988991962155194,1.5270951060251619,128.1665671385613,58.63363519445749
flesh_force_mean_g_mean,MFF,cultivar_aware_pls,Weidi,681,15.086320089170572,12.011261842908993,0.06529976682077986,-0.29286809419418613,0.15706671478440884,0.14899053255045444,0.880120203770542,1.261300903839191,25.805077564907663,13.277775111028426
flesh_force_mean_g_mean,MFF,cultivar_aware_pls,Weijin,320,42.26147927774406,32.867263326909395,-0.03455559626289251,-0.09613388954558011,-0.1870618106060894,-0.06354331970570412,0.9566384778191839,1.1853745643050784,156.5362412056466,40.42895720664806
flesh_force_mean_g_mean,MFF,cultivar_aware_pls,Weiwang,478,59.352627833391246,46.55876110112338,0.05386187378022992,-0.01505548040334359,0.02634721049059139,0.007820877140259615,0.9935960781260256,1.2027014816948034,131.84109463191817,58.97253824173113
flesh_force_mean_g_mean,MFF,cultivar_aware_pls,Weixin,191,32.03135161815308,26.06360544731034,-0.07266290314503984,-0.04260308280550662,0.0931270255895719,0.0540037542594044,0.9819296652714132,1.3523449711908995,92.96896148683136,31.452534372603996
flesh_force_mean_g_mean,MFF,cultivar_aware_pls,Zaoshu Konglongdan,264,19.12129500299177,15.308136407848618,0.05219541271121413,-0.15149240204702474,0.04205112813680774,0.030691845412167122,0.933670314416622,1.2662552469549244,74.04582969281023,17.852985517496307
flesh_force_mean_g_mean,MFF,nested_rbf_svr,3.13,300,22.01507194133915,17.10401340359655,0.9981858664466038,-0.029850254425842326,0.29495480426580856,0.2663114099756254,0.9870473636851399,1.2680615223946496,34.814495237215766,21.729918721037503
flesh_force_mean_g_mean,MFF,nested_rbf_svr,A181,310,23.885651296246397,18.857203216875355,-0.5150368083615838,-0.1656154723030776,0.06428401335101017,0.04984720921653362,0.9277350302915032,1.0861948700474648,76.02027885384486,22.159555428855434
flesh_force_mean_g_mean,MFF,nested_rbf_svr,Cuihongli,295,33.64136749459996,27.95486267516609,0.11387463428703248,-0.0480484177690641,0.06717933263123207,0.03660906227372084,0.9784680956959964,1.4136292471217675,151.24803232740976,32.91700478905042
flesh_force_mean_g_mean,MFF,nested_rbf_svr,Fengtangli,183,48.270292358343994,41.16514946075894,-0.35431061540185926,0.07277468873267423,0.2700827997742691,0.14068925907829255,1.0413511756234857,1.8203734417219015,75.02611698046637,50.266325695050874
flesh_force_mean_g_mean,MFF,nested_rbf_svr,Fengwei Huanghou,86,38.06554283743093,29.427498187686588,-0.2947136219680583,0.049165423538291786,0.22598204919018933,0.08003437989197264,1.0315428654974028,1.2843014568680065,125.48688608270685,39.26623913523764
flesh_force_mean_g_mean,MFF,nested_rbf_svr,Furongli,278,51.98918226464879,40.5316737220158,-0.11169461149247127,0.06455569771871095,0.25644655069994515,0.10839689217160685,1.0357943706715251,1.2881070067508262,149.49428637493716,53.850102325539105
flesh_force_mean_g_mean,MFF,nested_rbf_svr,Konglongdan,778,44.73138181109604,36.57603658709125,0.5763029885665437,0.03292936035973404,0.18759746924253767,0.08305144992534248,1.017536952729194,1.43940171217538,111.4826406871008,45.51583393942876
flesh_force_mean_g_mean,MFF,nested_rbf_svr,L31,216,29.164326692518372,24.05459944690405,0.6888232033418118,0.041342805595015464,0.20774528685572857,0.09547113186709016,1.0237077183124181,1.5783581182411917,42.9095003401583,29.855746334515935
flesh_force_mean_g_mean,MFF,nested_rbf_svr,Naili,144,42.48236450023042,33.35652172579871,0.31413097230650167,0.21859920004762512,0.48920565148066064,0.3019114934251383,1.1352102442090328,1.4633140145079089,131.78362563230147,48.22641537888372
flesh_force_mean_g_mean,MFF,nested_rbf_svr,Qingcuili,329,57.83846371259379,47.50831440142809,1.1941459685834868,0.02397282262848055,0.16023809022445512,0.060499075022847446,1.013748143204754,1.5497958493662292,128.1665671385613,58.63363519445749
flesh_force_mean_g_mean,MFF,nested_rbf_svr,Weidi,681,15.47245408349589,11.872234228090567,0.16347873331280605,-0.359896910277401,0.42832722750801605,0.42333342231869997,0.8581557288440443,1.2298235988546464,25.805077564907663,13.277775111028426
flesh_force_mean_g_mean,MFF,nested_rbf_svr,Weijin,320,41.57475881374888,32.7377107586992,0.07329979140414462,-0.06080044416310226,0.044984875585668486,0.024459644671934448,0.9724399698328039,1.2049542562632303,156.5362412056466,40.42895720664806
flesh_force_mean_g_mean,MFF,nested_rbf_svr,Weiwang,478,58.306476235415694,45.659748995832366,0.3142186872971597,0.02041197538495554,0.14298501605701117,0.04062576322460366,1.011423465270413,1.224280698244994,131.84109463191817,58.97253824173113
flesh_force_mean_g_mean,MFF,nested_rbf_svr,Weixin,191,31.859121160665378,25.75310766151853,1.0588536939407553,-0.03142121040602475,0.12212783240301867,0.0734456818294943,0.9872379785364773,1.3596557501635778,92.96896148683136,31.452534372603996
flesh_force_mean_g_mean,MFF,nested_rbf_svr,Zaoshu Konglongdan,264,19.373074003781507,15.541438267989099,-0.18202821500619665,-0.18201652426765258,0.16657464368283753,0.1496620655665226,0.9215360202522074,1.2497985668864517,74.04582969281023,17.852985517496307
flesh_force_mean_g_mean,MFF,residual_cnn,3.13,300,21.658191320358927,16.30539825034342,-1.8444248357111257,0.0032683838753841954,0.27601106743611914,0.22768358139451703,1.0033117908886118,1.2889564612590938,34.814495237215766,21.729918721037503
flesh_force_mean_g_mean,MFF,residual_cnn,A181,310,21.53268347988116,16.801630575267854,0.8515178750751026,0.052722022100529675,0.26124535704229557,0.1731877887234161,1.0291125790039122,1.204887998746945,76.02027885384486,22.159555428855434
flesh_force_mean_g_mean,MFF,residual_cnn,Cuihongli,295,31.350914160568095,25.678820299527857,-2.8531551008221827,0.08980492317090849,0.3122654190973395,0.18241119364982358,1.0499535873327766,1.516906995437874,151.24803232740976,32.91700478905042
flesh_force_mean_g_mean,MFF,residual_cnn,Fengtangli,183,49.00284250141888,41.46658974137105,-4.847715864998883,0.04441798865493485,0.2354631042902438,0.08749363195409864,1.0257838755699815,1.7931604320858892,75.02611698046637,50.266325695050874
flesh_force_mean_g_mean,MFF,residual_cnn,Fengwei Huanghou,86,37.06189636638063,29.00412660976508,0.4734044373335987,0.09864434893141372,0.371432779726339,0.12511402534611896,1.059477333460373,1.3190806978493068,125.48688608270685,39.26623913523764
flesh_force_mean_g_mean,MFF,residual_cnn,Furongli,278,51.264661268625936,40.055205506921105,-0.4066540604743365,0.09044671791246062,0.35301484603011907,0.11555247426250465,1.0504332027742367,1.3063117612234025,149.49428637493716,53.850102325539105
flesh_force_mean_g_mean,MFF,residual_cnn,Konglongdan,778,44.37327777791464,35.41260251066454,-2.9544954523353626,0.048351449085388576,0.2306225875475769,0.09069801364566563,1.0257487438100141,1.4510180629231892,111.4826406871008,45.51583393942876
flesh_force_mean_g_mean,MFF,residual_cnn,L31,216,30.358542597495145,25.458384683315487,-1.6245520591716998,-0.03877446325389089,0.06560532536487083,0.03249106647314678,0.9834380632283483,1.5162701453913894,42.9095003401583,29.855746334515935
flesh_force_mean_g_mean,MFF,residual_cnn,Naili,144,40.81155032899953,31.848673725835926,-0.32030324400864074,0.2788548692838281,0.5898293615038112,0.34860192631044346,1.1816854539979433,1.523221706636509,131.78362563230147,48.22641537888372
flesh_force_mean_g_mean,MFF,residual_cnn,Qingcuili,329,58.13795112273687,48.07175878610269,-2.404606191663135,0.013838921504387924,0.13273907094223872,0.04584876354739827,1.0085259982876618,1.5418123491531357,128.1665671385613,58.63363519445749
flesh_force_mean_g_mean,MFF,residual_cnn,Weidi,681,13.269123238017679,10.463308799330152,-0.6137577111947664,-0.0001658857032662553,0.3237732296942951,0.29441508643878683,1.0006520304963298,1.4340351523422057,25.805077564907663,13.277775111028426
flesh_force_mean_g_mean,MFF,residual_cnn,Weijin,320,41.24322439233771,32.10048510030312,-1.2739039956143183,-0.043949373807845804,-0.07856137992373134,-0.02200877580366803,0.9802569465000188,1.2146403033185467,156.5362412056466,40.42895720664806
flesh_force_mean_g_mean,MFF,residual_cnn,Weiwang,478,56.54154361914782,43.10351857710014,-4.034376795390192,0.07881852043297899,0.3144054923025694,0.11509585659761361,1.0429948400234346,1.2624963676005094,131.84109463191817,58.97253824173113
flesh_force_mean_g_mean,MFF,residual_cnn,Weixin,191,31.101742653345664,25.261367485721753,-1.3942396308519893,0.017035299365516732,0.158312156112012,0.07067766992405833,1.0112788445061807,1.3927656004380538,92.96896148683136,31.452534372603996
flesh_force_mean_g_mean,MFF,residual_cnn,Zaoshu Konglongdan,264,18.427680926448918,14.713369354315558,-0.6692998650433457,-0.06946811421034349,0.10215241413439582,0.06806450812429025,0.9688134708189048,1.3139168310299765,74.04582969281023,17.852985517496307
flesh_force_mean_g_mean,MFF,no_neural_b50,3.13,300,20.57215687171185,16.03102078114027,0.48979413769647595,0.1007229351211234,0.33627288533589905,0.2497507651731239,1.0562780974569397,1.3570023705170822,34.814495237215766,21.729918721037503
flesh_force_mean_g_mean,MFF,no_neural_b50,A181,310,21.735469280718018,16.866132213351182,-0.23395511132943672,0.03479587216615754,0.2047158894015102,0.10899768263009595,1.0195112487639562,1.1936467333944931,76.02027885384486,22.159555428855434
flesh_force_mean_g_mean,MFF,no_neural_b50,Cuihongli,295,32.29033013490968,26.69005961774984,0.04577783288629527,0.03444051428633721,0.19045808493401828,0.08426666834270914,1.01940750223124,1.4727759302814905,151.24803232740976,32.91700478905042
flesh_force_mean_g_mean,MFF,no_neural_b50,Fengtangli,183,48.45919659535752,41.32926133822384,-0.19572269173279325,0.0655031551817935,0.26355234949117057,0.10172555059988712,1.0372917676449156,1.813277239550834,75.02611698046637,50.266325695050874
flesh_force_mean_g_mean,MFF,no_neural_b50,Fengwei Huanghou,86,37.62476939353432,29.027424120058644,-0.07346854672981896,0.07105798758236037,0.3255366270971706,0.08859147080708574,1.043627370164969,1.299347023532461,125.48688608270685,39.26623913523764
flesh_force_mean_g_mean,MFF,no_neural_b50,Furongli,278,51.71029544468611,40.41901725638041,-0.08714742597183524,0.07456483210689335,0.32644373250781233,0.09428912042525363,1.0413806740505267,1.2950540965671793,149.49428637493716,53.850102325539105
flesh_force_mean_g_mean,MFF,no_neural_b50,Konglongdan,778,45.08343866016552,36.861012761635656,0.27252014393956214,0.01764686145004757,0.13387642351914575,0.03912074111295413,1.009591000423073,1.4281614153747408,111.4826406871008,45.51583393942876
flesh_force_mean_g_mean,MFF,no_neural_b50,L31,216,29.17883838542383,24.404694336528102,0.35140064638822444,0.04038854389848501,0.20335322906381417,0.0689133861223019,1.0231985913952713,1.5775731435960667,42.9095003401583,29.855746334515935
flesh_force_mean_g_mean,MFF,no_neural_b50,Naili,144,42.87305672778855,33.77220414485569,0.12916164675021985,0.20416069027654882,0.5129749699810968,0.2582875418461755,1.1248653364066141,1.4499791731044833,131.78362563230147,48.22641537888372
flesh_force_mean_g_mean,MFF,no_neural_b50,Qingcuili,329,57.99511253644801,47.99143006228016,0.5635385070810319,0.018678748519437294,0.1370984507193978,0.038177438459765775,1.0110099391152692,1.5456097432203915,128.1665671385613,58.63363519445749
flesh_force_mean_g_mean,MFF,no_neural_b50,Weidi,681,12.902355039119008,10.132686301508977,0.11438925006679301,0.054360600112312585,0.40990055169385065,0.39302988034927144,1.029097019169847,1.4747996862887034,25.805077564907663,13.277775111028426
flesh_force_mean_g_mean,MFF,no_neural_b50,Weijin,320,41.25422065743061,32.349110921793844,0.019372097570625968,-0.04450612341046112,-0.061422617638495186,-0.018971160306487263,0.979995660137773,1.2143165423419737,156.5362412056466,40.42895720664806
flesh_force_mean_g_mean,MFF,no_neural_b50,Weiwang,478,58.53699104752442,45.85414763043575,0.1840402805386942,0.01265105641403419,0.11255123964283789,0.024445908388329256,1.0074405463351046,1.219459561557337,131.84109463191817,58.97253824173113
flesh_force_mean_g_mean,MFF,no_neural_b50,Weixin,191,31.25857656136806,25.392258058840763,0.4930953953978583,0.007096892572032165,0.14038745223885543,0.06641815437615334,1.0062049470120673,1.3857776663698782,92.96896148683136,31.452534372603996
flesh_force_mean_g_mean,MFF,no_neural_b50,Zaoshu Konglongdan,264,18.233976170553156,14.674126045523852,-0.06491640114749102,-0.047102602045773434,0.1485384158111096,0.10454463434812246,0.9791054540439662,1.327874946179486,74.04582969281023,17.852985517496307
flesh_force_mean_g_mean,MFF,cultivar_mean_null,3.13,300,21.725980267453632,16.87967202311626,-3.860615530963211e-15,-0.002980810888249419,-0.07279573721646232,-0.002648732415063806,1.000181278521631,1.2849346863939768,34.814495237215766,21.729918721037503
flesh_force_mean_g_mean,MFF,cultivar_mean_null,A181,310,22.286533283186206,17.317201709018253,5.8677077533737306e-15,-0.014766600481214587,-0.1620238691947155,-0.013104366323073975,0.9943024851502333,1.164132239683006,76.02027885384486,22.159555428855434
flesh_force_mean_g_mean,MFF,cultivar_mean_null,Cuihongli,295,32.99718352908084,27.05026912845974,-2.3122746655243937e-15,-0.008295453343208692,-0.12143917246979666,-0.00736694606536707,0.9975701338279443,1.441226672016597,151.24803232740976,32.91700478905042
flesh_force_mean_g_mean,MFF,cultivar_mean_null,Fengtangli,183,50.37518263680774,42.72535005266972,-0.02116040658305757,-0.009854226379025777,-0.1323544107616381,-0.008749541404121007,0.9978390759882361,1.7443104646746614,75.02611698046637,50.266325695050874
flesh_force_mean_g_mean,MFF,cultivar_mean_null,Fengwei Huanghou,86,39.171004660458685,30.492062696389848,0.00469341693783304,-0.006862885122090212,-0.1112748864729875,-0.006104693141980485,1.0024312492264231,1.2480566313361334,125.48688608270685,39.26623913523764
flesh_force_mean_g_mean,MFF,cultivar_mean_null,Furongli,278,53.77407708368238,42.2786089010607,0.00028174231688893564,-0.000778327556418823,-0.03725567978260256,-0.0006920010723649496,1.0014137898031874,1.24535154450212,149.49428637493716,53.850102325539105
flesh_force_mean_g_mean,MFF,cultivar_mean_null,Konglongdan,778,45.54076755730014,37.456691632898206,-0.0021173998311338873,-0.0023843137353356525,-0.06511813806665073,-0.00211890664192935,0.9994524989540413,1.41381955158859,111.4826406871008,45.51583393942876
flesh_force_mean_g_mean,MFF,cultivar_mean_null,L31,216,29.80504815491776,24.968248676983748,0.0021086094144609924,-0.001242054279539051,-0.046978138798774605,-0.0011038342631342472,1.0017009930443548,1.5444280297389665,42.9095003401583,29.855746334515935
flesh_force_mean_g_mean,MFF,cultivar_mean_null,Naili,144,48.79800107138989,39.239964612844794,0.023094069070769448,-0.031004484165815027,-0.23465385061742486,-0.027461834379915236,0.9882866986360782,1.2739259391317077,131.78362563230147,48.22641537888372
flesh_force_mean_g_mean,MFF,cultivar_mean_null,Qingcuili,329,58.55372436334026,48.09404030265152,0.0003189448739031503,-0.00031656575044913815,-0.02367600692695064,-0.0002812699578617475,1.0013647437799407,1.530864380876483,128.1665671385613,58.63363519445749
flesh_force_mean_g_mean,MFF,cultivar_mean_null,Weidi,681,13.28820090932431,10.67740213378685,0.00040485102391395417,-0.0030439285709660258,-0.07357619195687327,-0.0027049003184387004,0.9992154093419398,1.4319763295214776,25.805077564907663,13.277775111028426
flesh_force_mean_g_mean,MFF,cultivar_mean_null,Weijin,320,40.54454633916043,31.69543877654339,1.1191048088221578e-14,-0.008879057059680395,-0.12563833144514847,-0.007884716403399926,0.99714908309627,1.2355714173414847,156.5362412056466,40.42895720664806
flesh_force_mean_g_mean,MFF,cultivar_mean_null,Weiwang,478,59.05080133350597,46.05435575929743,0.0067135033299032575,-0.004757986958526361,-0.09203487514657074,-0.004227666845555111,0.9986746480994757,1.2088488526098329,131.84109463191817,58.97253824173113
flesh_force_mean_g_mean,MFF,cultivar_mean_null,Weixin,191,31.528684138514755,25.595035505433,0.009137341310729461,-0.010136737973231558,-0.133875643600675,-0.008995258848101966,0.9975847464621038,1.3739056501993738,92.96896148683136,31.452534372603996
flesh_force_mean_g_mean,MFF,cultivar_mean_null,Zaoshu Konglongdan,264,17.85427644087789,14.360743083689279,-0.0012250429165626651,-0.003947453579272064,-0.08365762160901223,-0.003506345584451694,0.9999276966845531,1.3561143295998381,74.04582969281023,17.852985517496307
flesh_force_mean_g_mean,MFF,plumspectra_corrected,3.13,300,20.544461897407302,15.865266198742429,-0.4231194846322612,0.10314258329431625,0.3478088629599308,0.27125299916162315,1.0577020137860025,1.358831678384592,34.814495237215766,21.729918721037503
flesh_force_mean_g_mean,MFF,plumspectra_corrected,A181,310,21.789854759824966,16.98864421589791,0.1682405333567594,0.029959651596837444,0.2054475979755036,0.11800588838236428,1.0169666421876342,1.1906675006187064,76.02027885384486,22.159555428855434
flesh_force_mean_g_mean,MFF,plumspectra_corrected,Cuihongli,295,32.009928707942144,26.428217810657607,-1.3696402332675752,0.05113707437867876,0.2318899788258259,0.11347087684871184,1.02833733524946,1.4856771921437797,151.24803232740976,32.91700478905042
flesh_force_mean_g_mean,MFF,plumspectra_corrected,Fengtangli,183,48.23045371866181,41.10443754280001,-2.601013240200372,0.07430458009183982,0.287786532593604,0.11620661451420834,1.0422113378460987,1.8218770809382108,75.02611698046637,50.266325695050874
flesh_force_mean_g_mean,MFF,plumspectra_corrected,Fengwei Huanghou,86,37.29023755769424,28.96789457838022,0.08934540768276907,0.08750349164033555,0.39107409365516016,0.103907476945121,1.0529897824996741,1.311003504521705,125.48688608270685,39.26623913523764
flesh_force_mean_g_mean,MFF,plumspectra_corrected,Furongli,278,51.34164725074725,40.01992750490874,-0.25917433598340367,0.08771284904861398,0.3441275677404146,0.11305022087673523,1.0488580949212793,1.304352967548489,149.49428637493716,53.850102325539105
flesh_force_mean_g_mean,MFF,plumspectra_corrected,Konglongdan,778,44.039341082880675,35.69390790695582,-1.1890962318844092,0.06262105466920853,0.2729146494470673,0.08871609854798936,1.0335266791065145,1.4620206838628451,111.4826406871008,45.51583393942876
flesh_force_mean_g_mean,MFF,plumspectra_corrected,L31,216,29.297902102229912,24.450009361199587,-0.46786442791494415,0.03254121202939553,0.1811927100123105,0.06570231379984968,1.019040415601756,1.57116204558111,42.9095003401583,29.855746334515935
flesh_force_mean_g_mean,MFF,plumspectra_corrected,Naili,144,41.20145284995999,32.144955589614426,-0.0030861358510683662,0.26500979633883637,0.5812755206780379,0.32995424692129194,1.170502786746525,1.508806972632782,131.78362563230147,48.22641537888372
flesh_force_mean_g_mean,MFF,plumspectra_corrected,Qingcuili,329,57.65344222738169,47.65763093228453,-0.6052301115398235,0.030207329735272737,0.17498606414116777,0.05377930385747409,1.017001464773083,1.5547694557763094,128.1665671385613,58.63363519445749
flesh_force_mean_g_mean,MFF,plumspectra_corrected,Weidi,681,12.633220511487753,9.902328700869795,-0.2251394889409801,0.0933999566166619,0.4516082180186427,0.4384359557662175,1.0510206086369316,1.5062183982916406,25.805077564907663,13.277775111028426
flesh_force_mean_g_mean,MFF,plumspectra_corrected,Weijin,320,40.82077264452363,32.06762112138184,-0.6003021021050869,-0.02267268736762129,0.006572917556514454,0.0020083819109346633,0.9904015673273118,1.2272105435629137,156.5362412056466,40.42895720664806
flesh_force_mean_g_mean,MFF,plumspectra_corrected,Weiwang,478,57.031483108492836,44.19238593118886,-1.8600790540465169,0.0627850505145543,0.3104969912060602,0.07923268867815285,1.0340348002093118,1.2516506593718553,131.84109463191817,58.97253824173113
flesh_force_mean_g_mean,MFF,plumspectra_corrected,Weixin,191,30.94566979077793,25.169124713750545,-0.16769296845561724,0.02687585329676445,0.1726685048065284,0.07443325188966918,1.0163791763194319,1.3997899406968326,92.96896148683136,31.452534372603996
flesh_force_mean_g_mean,MFF,plumspectra_corrected,Zaoshu Konglongdan,264,18.068088777223522,14.496281505639521,-0.42566404002477104,-0.028136801220648655,0.17317688232010262,0.12215897565160476,0.9880948526222446,1.3400664798942818,74.04582969281023,17.852985517496307
flesh_force_mean_g_mean,MFF,plumspectra_fixed_gate_sensitivity,3.13,300,20.567361655990283,15.930766368307305,-0.05784325035815191,0.1011421157614878,0.34114260084147546,0.26069368998547093,1.0565243653752072,1.3573187513543594,34.814495237215766,21.729918721037503
flesh_force_mean_g_mean,MFF,plumspectra_fixed_gate_sensitivity,A181,310,21.710288487533575,16.889196797865587,-0.06514112379240282,0.037030977065562354,0.2129986161826934,0.11863096863530137,1.0206937342900735,1.1950311908855187,76.02027885384486,22.159555428855434
flesh_force_mean_g_mean,MFF,plumspectra_fixed_gate_sensitivity,Cuihongli,295,32.0866576544668,26.483471155187456,-0.8777784225840027,0.046582705529906954,0.21962307582020013,0.10337418761331003,1.0258782682673098,1.4821244866218621,151.24803232740976,32.91700478905042
flesh_force_mean_g_mean,MFF,plumspectra_fixed_gate_sensitivity,Fengtangli,183,48.39475383786171,41.22082520026783,-1.674162428494809,0.06798695662305032,0.26954263672281564,0.10828849664930096,1.0386730318633204,1.8156918108866558,75.02611698046637,50.266325695050874
flesh_force_mean_g_mean,MFF,plumspectra_fixed_gate_sensitivity,Fengwei Huanghou,86,37.4276135310257,28.935589651929703,-0.0489031018930387,0.08076789507734261,0.36784586416244486,0.09705656909437103,1.0491248420818444,1.306191539090745,125.48688608270685,39.26623913523764
flesh_force_mean_g_mean,MFF,plumspectra_fixed_gate_sensitivity,Furongli,278,51.43822299300032,40.13207778502871,-0.18070190764468091,0.08427752206356054,0.3406635144669888,0.10782974322783336,1.0468888540894383,1.3019040327161535,149.49428637493716,53.850102325539105
flesh_force_mean_g_mean,MFF,plumspectra_fixed_gate_sensitivity,Konglongdan,778,44.44336430384049,36.13885995676528,-0.6078813827870755,0.04534286293092482,0.22346914302195459,0.06847296538703215,1.0241311532641015,1.4487298289724313,111.4826406871008,45.51583393942876
flesh_force_mean_g_mean,MFF,plumspectra_fixed_gate_sensitivity,L31,216,29.237580247904763,24.446846807750784,-0.24736213346153124,0.03652093930748901,0.19207444036611784,0.06511065901596262,1.0211428607076836,1.5744036068605027,42.9095003401583,29.855746334515935
flesh_force_mean_g_mean,MFF,plumspectra_fixed_gate_sensitivity,Naili,144,41.7670996969365,32.6915488497418,0.010717085641235476,0.24469018606992743,0.562582000036691,0.30501226853210694,1.1546508071859487,1.4883733798538106,131.78362563230147,48.22641537888372
flesh_force_mean_g_mean,MFF,plumspectra_fixed_gate_sensitivity,Qingcuili,329,57.79258900959318,47.82866866217069,-0.1174415761796785,0.025520484766525686,0.1600367234740938,0.04716265264198753,1.0145528379897413,1.5510260490426868,128.1665671385613,58.63363519445749
flesh_force_mean_g_mean,MFF,plumspectra_fixed_gate_sensitivity,Weidi,681,12.732402595879297,9.983974340671299,-0.16619496692482497,0.07910883390593093,0.43400903125396456,0.418748658185705,1.0428334331279812,1.4944853511179828,25.805077564907663,13.277775111028426
flesh_force_mean_g_mean,MFF,plumspectra_fixed_gate_sensitivity,Weijin,320,41.02937422563203,32.200562620451585,-0.29242591456615513,-0.0331514806960862,-0.026193971589329294,-0.008056476577379177,0.9853661667935242,1.2209711586204983,156.5362412056466,40.42895720664806
flesh_force_mean_g_mean,MFF,plumspectra_fixed_gate_sensitivity,Weiwang,478,57.48683991846951,44.77677030493602,-1.1284323506754323,0.04775928206904734,0.26266599311275296,0.06122207420863516,1.0258441466841577,1.241736257184066,131.84109463191817,58.97253824173113
flesh_force_mean_g_mean,MFF,plumspectra_fixed_gate_sensitivity,Weixin,191,30.97657923350564,25.174430153452423,0.1298868511637263,0.02493091256422264,0.1706085669329737,0.07601740473165335,1.0153649999733845,1.3983931845645095,92.96896148683136,31.452534372603996
flesh_force_mean_g_mean,MFF,plumspectra_fixed_gate_sensitivity,Zaoshu Konglongdan,264,18.11170284819921,14.555589629014804,-0.23799484549730676,-0.03310637520191073,0.16450184219607733,0.11534699032561475,0.9857154607233064,1.3368395191244355,74.04582969281023,17.852985517496307
force_at_6_rawpos_g_mean,F6,global_pls,3.13,300,55.1666055449313,49.85203121161001,48.63599225488393,-6.075584593902721,0.3814141073590288,0.11715301316887258,0.3765683967819019,0.44861675250055183,28.54674231033711,20.77400020595436
force_at_6_rawpos_g_mean,F6,global_pls,A181,310,44.4786436348355,37.694844443364374,28.86228572864109,-2.256723797972525,0.0009010710235300631,0.0005209163592669692,0.5550232080716836,0.7151453612988266,75.31613799002409,24.68667948088357
force_at_6_rawpos_g_mean,F6,global_pls,Cuihongli,295,42.13754097386381,33.09298571215773,-15.923000781317622,-1.0039403168064802,-0.0584312417981121,-0.04834647312076967,0.7076116123942481,0.9883947612692983,135.90967033083209,29.817013310844462
force_at_6_rawpos_g_mean,F6,global_pls,Fengtangli,183,52.88750026462579,45.342214229640554,7.59699015414067,-0.05884626202226184,0.212657779390598,0.16708211577610987,0.9744810473952118,1.7831160240601436,76.07707288035604,51.53786665198708
force_at_6_rawpos_g_mean,F6,global_pls,Fengwei Huanghou,86,44.759904819211286,32.60831488403153,-23.88572320973312,-0.13502801209760285,0.43774651835448564,0.2768258262067732,0.9441401635100399,1.0304245756695096,136.5713866924314,42.25962385470397
force_at_6_rawpos_g_mean,F6,global_pls,Furongli,278,66.39922545888096,53.146363164161826,-39.01318592331244,-0.24605897513592723,0.42912734520469936,0.23085035980767052,0.8974561016237022,1.2349756212137395,164.654976791174,59.59039003116059
force_at_6_rawpos_g_mean,F6,global_pls,Konglongdan,778,48.22878507515774,37.86026832699156,-9.203671754186153,-0.06863982660433288,0.2124928778542638,0.16200694332615104,0.9679738195767581,1.400709987264954,116.69407318629516,46.68420130274698
force_at_6_rawpos_g_mean,F6,global_pls,L31,216,63.34736603860837,58.12339174887838,56.50615414675952,-4.304978636315157,0.25026222123233144,0.05636814311655409,0.43517689181214425,0.6924612077185095,35.94013945711961,27.567309857167775
force_at_6_rawpos_g_mean,F6,global_pls,Naili,144,97.0064748808841,46.6127004039242,-33.8336261312608,-0.19510859837507089,0.08862306485715399,0.04646825058477007,0.9179299535275397,0.6851020717510214,144.55785308795492,89.04514897928038
force_at_6_rawpos_g_mean,F6,global_pls,Qingcuili,329,64.39857822831404,50.170211871368586,-27.165691293904928,-0.2218072234919397,0.20969269730641243,0.12851184620898073,0.9060656850576853,1.3739659875185017,123.01465016530473,58.34934189917829
force_at_6_rawpos_g_mean,F6,global_pls,Weidi,681,55.552057988133846,34.38129612047182,15.093247020602421,-0.32436823367123346,0.05949020740884678,0.04620520051560561,0.8695903707009467,0.39815253183990723,29.23881313891329,48.3075346991018
force_at_6_rawpos_g_mean,F6,global_pls,Weijin,320,55.887311515786514,42.56974773067983,-32.082151979216974,-0.6830731745383956,0.10113872530483846,0.05384556693946372,0.772019284039543,1.0294057374761556,155.73949996834966,43.14608222331241
force_at_6_rawpos_g_mean,F6,global_pls,Weiwang,478,60.39185712985911,47.54567898205535,-1.1498577404620158,-0.11368406003844833,0.016367583612823984,0.010279077330436362,0.9485795483963748,1.2130152182205574,124.52432693981818,57.286480563060145
force_at_6_rawpos_g_mean,F6,global_pls,Weixin,191,35.65332616461039,29.14485613357103,15.465807809640925,-0.5844601962105946,0.15836473998639294,0.125266295794818,0.796524642515043,1.0535130983790186,79.70908651575655,28.39875287773852
force_at_6_rawpos_g_mean,F6,global_pls,Zaoshu Konglongdan,264,32.31342295607452,23.5476824334471,-3.986892911894582,-1.6840394127474552,0.055079976745474685,0.05206106797238956,0.6115467250766701,0.8301434445403331,70.37015037327853,19.76116798480466
force_at_6_rawpos_g_mean,F6,cultivar_aware_pls,3.13,300,21.95790282319629,16.391727982894725,-0.053407585138478285,-0.12096362659412696,0.16632880569202127,0.14072040484099754,0.9460830741999979,1.1270959538040022,28.54674231033711,20.77400020595436
force_at_6_rawpos_g_mean,F6,cultivar_aware_pls,A181,310,25.497284800315857,19.845871174659518,0.15409105886537786,-0.07020192428066996,0.13578502144705717,0.09908998701998438,0.9682081709570014,1.247532665592775,75.31613799002409,24.68667948088357
force_at_6_rawpos_g_mean,F6,cultivar_aware_pls,Cuihongli,295,29.54283838556989,23.774966789294982,-0.04159201226934822,0.014966854202841384,0.18398761940435848,0.10719456922209476,1.0092805884694036,1.409767206785401,135.90967033083209,29.817013310844462
force_at_6_rawpos_g_mean,F6,cultivar_aware_pls,Fengtangli,183,51.42854841291824,44.29958928906814,-0.14705058238325244,-0.0012334710344019673,0.09853001920833154,0.038435872891667486,1.002125633377616,1.8337003882973906,76.07707288035604,51.53786665198708
force_at_6_rawpos_g_mean,F6,cultivar_aware_pls,Fengwei Huanghou,86,40.89597690732495,30.357177501653748,0.4435524017989128,0.052477688816032875,0.22932921875123138,0.10056642854537774,1.033344281039409,1.1277810048372383,136.5713866924314,42.25962385470397
force_at_6_rawpos_g_mean,F6,cultivar_aware_pls,Furongli,278,57.96656155161763,46.12419606954949,-0.03581409863132974,0.05034108321789177,0.2549356304362772,0.0670670309766826,1.028013193056086,1.4146332387884115,164.654976791174,59.59039003116059
force_at_6_rawpos_g_mean,F6,cultivar_aware_pls,Konglongdan,778,48.20576345146855,38.49176185510146,-0.07219803560791226,-0.06761985680134575,-0.017323472243890827,-0.007958089275556135,0.9684360947783056,1.4013789242533072,116.69407318629516,46.68420130274698
force_at_6_rawpos_g_mean,F6,cultivar_aware_pls,L31,216,28.41512870161494,23.329888365045765,0.08070864572619688,-0.06739649069555886,0.11043375819433125,0.07512303107122734,0.9701631179168659,1.5437408027783524,35.94013945711961,27.567309857167775
force_at_6_rawpos_g_mean,F6,cultivar_aware_pls,Naili,144,87.66053074180459,46.01445266731779,-0.13368121178892206,0.024080228861944053,0.15525622240082895,0.04571618610460928,1.0157952299142934,0.7581443592887489,144.55785308795492,89.04514897928038
force_at_6_rawpos_g_mean,F6,cultivar_aware_pls,Qingcuili,329,58.35423971449521,48.42838510846611,-0.17381984388398924,-0.003217178406533572,0.07357006381652197,0.023826742364815405,0.9999160675326955,1.516281534352236,123.01465016530473,58.34934189917829
force_at_6_rawpos_g_mean,F6,cultivar_aware_pls,Weidi,681,50.962513850343385,22.59667481228375,0.14702249148931285,-0.11457714966454868,-0.15835712857710543,-0.06517651150099563,0.9479032930157606,0.4340090561828477,29.23881313891329,48.3075346991018
force_at_6_rawpos_g_mean,F6,cultivar_aware_pls,Weijin,320,45.589775363043294,35.97555897334456,0.018551502256597276,-0.11998309190971157,-0.17734508260043863,-0.07189818625424943,0.9463982193316129,1.261921531052428,155.73949996834966,43.14608222331241
force_at_6_rawpos_g_mean,F6,cultivar_aware_pls,Weiwang,478,57.299990686753766,45.009164214421226,0.13490067253896398,-0.0025691494489052946,0.08968852243954932,0.03332527028516086,0.9997642211886651,1.27846865029344,124.52432693981818,57.286480563060145
force_at_6_rawpos_g_mean,F6,cultivar_aware_pls,Weixin,191,30.306402832905555,24.179411346717906,-0.2732183410372384,-0.14485375345614826,0.01589819784061,0.01089773472932175,0.9370545568972712,1.2393831865263083,79.70908651575655,28.39875287773852
force_at_6_rawpos_g_mean,F6,cultivar_aware_pls,Zaoshu Konglongdan,264,21.258362718720765,16.34377141137025,0.14672682203581042,-0.1616694924357791,0.037956877246287345,0.02805833759310537,0.9295714936410588,1.2618458247502595,70.37015037327853,19.76116798480466
force_at_6_rawpos_g_mean,F6,nested_rbf_svr,3.13,300,20.547807000993995,15.679892404163166,0.034270669814224324,0.018385965623904266,0.16019880676518466,0.023865547935505597,1.0110081433483107,1.2044430544266258,28.54674231033711,20.77400020595436
force_at_6_rawpos_g_mean,F6,nested_rbf_svr,A181,310,24.814111964049825,19.590279226035666,0.037946646316031216,-0.013620376665323564,-0.07806259485133184,-0.00969453131579578,0.994864515669516,1.281879267668332,75.31613799002409,24.68667948088357
force_at_6_rawpos_g_mean,F6,nested_rbf_svr,Cuihongli,295,29.801269073980034,24.270732079066207,-0.04565421741468792,-0.00234199100351673,0.005001536744002347,0.0005349175442075419,1.0005283075974163,1.3975419854754234,135.90967033083209,29.817013310844462
force_at_6_rawpos_g_mean,F6,nested_rbf_svr,Fengtangli,183,51.47500187685557,44.47284036243318,-0.10837210671607848,-0.0030430406249353226,-0.009237937124167936,-0.0008601017240407212,1.001221268049332,1.8320455707791043,76.07707288035604,51.53786665198708
force_at_6_rawpos_g_mean,F6,nested_rbf_svr,Fengwei Huanghou,86,41.986183492535744,31.60420937192235,0.2538628765036181,0.0012861558454785316,0.03734536440883566,0.0034158648742604433,1.0065126272364535,1.098497222033598,136.5713866924314,42.25962385470397
force_at_6_rawpos_g_mean,F6,nested_rbf_svr,Furongli,278,59.34833689716581,46.95607448031697,0.026569520019146982,0.0045265591491168156,0.10651555968780219,0.005096936212105052,1.0040785158717116,1.381697095426252,164.654976791174,59.59039003116059
force_at_6_rawpos_g_mean,F6,nested_rbf_svr,Konglongdan,778,46.902692432653225,38.080499679717676,-0.05164187161898428,-0.010681369002305985,-0.11885630181837961,-0.009172922005564922,0.9953416079424443,1.4403126435743279,116.69407318629516,46.68420130274698
force_at_6_rawpos_g_mean,F6,nested_rbf_svr,L31,216,27.39100557537489,22.472040932541066,0.0886059564829022,0.008158060253035448,0.15260924972679402,0.009039003786392455,1.0064365757331446,1.6014597737995193,35.94013945711961,27.567309857167775
force_at_6_rawpos_g_mean,F6,nested_rbf_svr,Naili,144,89.56115587905731,48.479168944297754,0.04953530006951231,-0.01869765126934153,-0.1444662859550737,-0.015685982318626362,0.9942384966483266,0.7420553727991551,144.55785308795492,89.04514897928038
force_at_6_rawpos_g_mean,F6,nested_rbf_svr,Qingcuili,329,58.15324405681667,47.712843251535844,0.03106481422152091,0.003681892805660114,0.07658491696146588,0.004569813422519868,1.003372087757822,1.5215222738701413,123.01465016530473,58.34934189917829
force_at_6_rawpos_g_mean,F6,nested_rbf_svr,Weidi,681,48.46227697941804,20.456405802067263,0.08573465335971164,-0.007896834116410512,-0.07571126199041889,-0.00620069672830232,0.9968069539864591,0.4564001923864709,29.23881313891329,48.3075346991018
force_at_6_rawpos_g_mean,F6,nested_rbf_svr,Weijin,320,43.36339445706871,34.14750637716634,0.06677396340657324,-0.013265145589411276,-0.100378461520625,-0.010489085941762214,0.9949885788122181,1.326711615794407,155.73949996834966,43.14608222331241
force_at_6_rawpos_g_mean,F6,nested_rbf_svr,Weiwang,478,57.48789056874005,44.831165879564,0.017243839516376896,-0.009155241266219916,-0.14643585925418107,-0.0083367758785661,0.9964964794552851,1.274289959683353,124.52432693981818,57.286480563060145
force_at_6_rawpos_g_mean,F6,nested_rbf_svr,Weixin,191,28.454694592064843,22.78054062478341,-0.022191904978254243,-0.009227524460783343,-0.07242102522306257,-0.006918799578367335,0.9980340075643643,1.320036874536377,79.70908651575655,28.39875287773852
force_at_6_rawpos_g_mean,F6,nested_rbf_svr,Zaoshu Konglongdan,264,19.788768919629874,15.735493106017554,-0.06664799891304661,-0.0066083128875644714,0.005486634868798482,0.0009463443543137654,0.9986052222380629,1.3555555854227488,70.37015037327853,19.76116798480466
force_at_6_rawpos_g_mean,F6,residual_cnn,3.13,300,21.620284358557843,16.067356135243607,-1.945687125529486,-0.08675740114920383,0.21580334149663732,0.184242585481586,0.9608569370056179,1.1446964811195872,28.54674231033711,20.77400020595436
force_at_6_rawpos_g_mean,F6,residual_cnn,A181,310,24.48619639927909,19.03467261327514,-0.5995785247254742,0.01299235926104969,0.20044974678527866,0.12866057017032767,1.0081875959146673,1.299046007539688,75.31613799002409,24.68667948088357
force_at_6_rawpos_g_mean,F6,residual_cnn,Cuihongli,295,28.897333777947146,23.13488626009154,-2.651993624040656,0.057542107503705364,0.26822067231776203,0.16557300939629327,1.031825757350637,1.441258389835302,135.90967033083209,29.817013310844462
force_at_6_rawpos_g_mean,F6,residual_cnn,Fengtangli,183,50.80890038227434,43.484736375103665,-5.50559935417292,0.022748336002179514,0.18600948806633893,0.07252632680044138,1.0143472160237315,1.8560635732089035,76.07707288035604,51.53786665198708
force_at_6_rawpos_g_mean,F6,residual_cnn,Fengwei Huanghou,86,40.29906663287138,29.69046374139423,-2.1420443211280653,0.07993555882141601,0.3325810831498556,0.10658836813796443,1.048650189337968,1.1444857110591886,136.5713866924314,42.25962385470397
force_at_6_rawpos_g_mean,F6,residual_cnn,Furongli,278,56.8616851864724,45.01875307096087,-0.038880657469433234,0.08619816883820264,0.34571245652685256,0.10989956228108036,1.0479884624548088,1.442120901627817,164.654976791174,59.59039003116059
force_at_6_rawpos_g_mean,F6,residual_cnn,Konglongdan,778,45.94673387755322,36.359345160201606,-3.9387906428778217,0.03009767130624319,0.19394826590254943,0.07874089334466322,1.0160504863557678,1.4702795003548976,116.69407318629516,46.68420130274698
force_at_6_rawpos_g_mean,F6,residual_cnn,L31,216,28.282770740479172,23.252526181082317,-3.003295462614866,-0.05747576244271091,0.06649187671910364,0.03519044911203782,0.9747032958730805,1.5509652146668735,35.94013945711961,27.567309857167775
force_at_6_rawpos_g_mean,F6,residual_cnn,Naili,144,86.90600167789357,42.12586687702872,-3.163099140049149,0.04080818508465056,0.20735566835658348,0.07111104806595445,1.0246144945123041,0.7647266659497292,144.55785308795492,89.04514897928038
force_at_6_rawpos_g_mean,F6,residual_cnn,Qingcuili,329,57.59622229422595,47.687588415927905,-2.456707465215767,0.022676979959776467,0.1588045431044235,0.05712812629811834,1.013075850723422,1.536237145524096,123.01465016530473,58.34934189917829
force_at_6_rawpos_g_mean,F6,residual_cnn,Weidi,681,49.93790963964216,20.30033115082177,-2.026710056869775,-0.07021040384686938,-0.08569468903816878,-0.03131566121336659,0.9673519586161028,0.44291386436677704,29.23881313891329,48.3075346991018
force_at_6_rawpos_g_mean,F6,residual_cnn,Weijin,320,44.069258621222595,34.61374089171674,-1.7523211311996554,-0.04652124827754234,-0.07160669311985186,-0.021240760072900784,0.9790516921138853,1.305461469659546,155.73949996834966,43.14608222331241
force_at_6_rawpos_g_mean,F6,residual_cnn,Weiwang,478,54.397991211416496,41.52299713615702,-4.947230623139205,0.09641095094980534,0.35840141785768254,0.13791305200414253,1.0530991914833325,1.3466718186414666,124.52432693981818,57.286480563060145
force_at_6_rawpos_g_mean,F6,residual_cnn,Weixin,191,28.528876308643465,22.490636264642195,-1.4038898556782282,-0.014496519248451412,0.12214319879648708,0.06450091578626188,0.995438886919443,1.31660447151283,79.70908651575655,28.39875287773852
force_at_6_rawpos_g_mean,F6,residual_cnn,Zaoshu Konglongdan,264,20.58618202125245,16.044005033776475,-0.4001903883534832,-0.08936790335526301,0.06779803016382618,0.044443461683714665,0.9599238928522018,1.303047656430484,70.37015037327853,19.76116798480466
force_at_6_rawpos_g_mean,F6,no_neural_b50,3.13,300,20.522977929608125,15.319909389813017,-0.009568457662127206,0.02075681128747453,0.1800926961730841,0.095830515730036,1.0122312793595167,1.205900211505932,28.54674231033711,20.77400020595436
force_at_6_rawpos_g_mean,F6,no_neural_b50,A181,310,24.588403959678637,19.18355894102095,0.09601885259070461,0.004735447349865862,0.12165315542775518,0.051454661608351104,1.0039968239242405,1.2936462132506754,75.31613799002409,24.68667948088357
force_at_6_rawpos_g_mean,F6,no_neural_b50,Cuihongli,295,29.31320016853529,23.672903868526156,-0.0436231148420174,0.030220778999228703,0.17387426317005839,0.05771787974142207,1.0171872446342438,1.420811256085332,135.90967033083209,29.817013310844462
force_at_6_rawpos_g_mean,F6,no_neural_b50,Fengtangli,183,51.225418842192475,44.30761944049699,-0.12771134454966615,0.00666013987921521,0.08615022654565402,0.019330046580163913,1.0060994681323572,1.8409717543717607,76.07707288035604,51.53786665198708
force_at_6_rawpos_g_mean,F6,no_neural_b50,Fengwei Huanghou,86,41.184281167546075,30.59661339160891,0.3487076391512661,0.0390711075703043,0.21930753565409652,0.05384262097277345,1.0261105124739989,1.1198861464331717,136.5713866924314,42.25962385470397
force_at_6_rawpos_g_mean,F6,no_neural_b50,Furongli,278,58.534695185740915,46.47653653462987,-0.004622289306091585,0.031634533958431854,0.25810957453583505,0.036500314545508436,1.0180353693150663,1.4009029080784938,164.654976791174,59.59039003116059
force_at_6_rawpos_g_mean,F6,no_neural_b50,Konglongdan,778,47.24446634504802,38.09725765693946,-0.06191995361344754,-0.025464446042255506,-0.03412493672747681,-0.008663578283681913,0.9881411499452831,1.4298931950050315,116.69407318629516,46.68420130274698
force_at_6_rawpos_g_mean,F6,no_neural_b50,L31,216,27.383134906494313,22.521665872978627,0.0846573011045494,0.008727980031594473,0.1209971970578004,0.04606969758064111,1.006725853387582,1.6019200775466318,35.94013945711961,27.567309857167775
force_at_6_rawpos_g_mean,F6,no_neural_b50,Naili,144,88.41551149532714,46.88399918112044,-0.04207295585970567,0.007197522258834632,0.0850594570265773,0.01538222937963806,1.0071213463939133,0.7516705585950217,144.55785308795492,89.04514897928038
force_at_6_rawpos_g_mean,F6,no_neural_b50,Qingcuili,329,58.07003192055345,47.92156902676025,-0.07137751483123503,0.006531138588812269,0.08123875905178975,0.014415054986138367,1.0048098816099666,1.5237025571349072,123.01465016530473,58.34934189917829
force_at_6_rawpos_g_mean,F6,no_neural_b50,Weidi,681,49.499972522997034,21.049260118801413,0.116378572424512,-0.05152200600074397,-0.15550304001828813,-0.036680063659636164,0.9759103336200592,0.4468324204951228,29.23881313891329,48.3075346991018
force_at_6_rawpos_g_mean,F6,no_neural_b50,Weijin,320,44.27921958665031,34.83163603275026,0.04266273283158491,-0.05651697089738961,-0.18295247566166095,-0.042242145820228984,0.9744092742845104,1.2992712984447612,155.73949996834966,43.14608222331241
force_at_6_rawpos_g_mean,F6,no_neural_b50,Weiwang,478,57.14296644157595,44.68703566416286,0.07607225602767098,0.0029181798003108383,0.06493509606292647,0.012977321125700759,1.0025114923221727,1.2819817786327095,124.52432693981818,57.286480563060145
force_at_6_rawpos_g_mean,F6,no_neural_b50,Weixin,191,28.88044050874613,23.06607144364342,-0.147705123007746,-0.0396540639000551,0.006889655183402413,0.0027238107474944536,0.983321319809449,1.3005773268528023,79.70908651575655,28.39875287773852
force_at_6_rawpos_g_mean,F6,no_neural_b50,Zaoshu Konglongdan,264,20.088535729326335,15.638894021424855,0.04003941156138214,-0.03733617182660698,0.03690771792746532,0.016351980507126124,0.9837037527805591,1.3353276017267952,70.37015037327853,19.76116798480466
force_at_6_rawpos_g_mean,F6,cultivar_mean_null,3.13,300,20.76280822446466,15.851184135338166,1.1368683772161603e-15,-0.0022636702224174687,-0.06343739132113735,-0.002011645341964594,1.0005390398720975,1.191970910605669,28.54674231033711,20.77400020595436
force_at_6_rawpos_g_mean,F6,cultivar_mean_null,A181,310,24.770500928820514,19.52653890954984,2.567122142101007e-15,-0.010060612879430053,-0.13373680872473243,-0.008932781530946803,0.9966160778024712,1.2841361490314764,75.31613799002409,24.68667948088357
force_at_6_rawpos_g_mean,F6,cultivar_mean_null,Cuihongli,295,29.8659410339107,24.294706941369864,1.156137332762197e-14,-0.006697091305900127,-0.10911434415042662,-0.005948543611943718,0.9983617551842521,1.394515736304722,135.90967033083209,29.817013310844462
force_at_6_rawpos_g_mean,F6,cultivar_mean_null,Fengtangli,183,51.614642350280214,44.56895179231078,-0.020299266361792474,-0.008492496998682597,-0.12285665902244994,-0.007541442064583398,0.9985125209669748,1.8270890758933518,76.07707288035604,51.53786665198708
force_at_6_rawpos_g_mean,F6,cultivar_mean_null,Fengwei Huanghou,86,42.143639219286875,31.800062955670253,0.003808689618659756,-0.0062186023838459725,-0.10595159691603158,-0.005532281225042915,1.0027521267162902,1.0943930515909503,136.5713866924314,42.25962385470397
force_at_6_rawpos_g_mean,F6,cultivar_mean_null,Furongli,278,59.51935323843769,47.11641231869306,0.0032638001324560737,-0.0012187579728231146,-0.046458521540108766,-0.001082775315584402,1.0011935074703908,1.3777270794709513,164.654976791174,59.59039003116059
force_at_6_rawpos_g_mean,F6,cultivar_mean_null,Konglongdan,778,46.70308644444796,37.9818613685659,-0.0019824096103129565,-0.00209726562013568,-0.06103813708783375,-0.001863659121497719,0.9995956339690002,1.4464684471931564,116.69407318629516,46.68420130274698
force_at_6_rawpos_g_mean,F6,cultivar_mean_null,L31,216,27.515546369768604,22.64540537045159,0.0013179226099021269,-0.000881812530770798,-0.03963226812206634,-0.0007839070922659546,1.0018812451224317,1.5942112507377457,35.94013945711961,27.567309857167775
force_at_6_rawpos_g_mean,F6,cultivar_mean_null,Naili,144,89.76573189970904,49.16783730930297,0.00886659102703962,-0.02335679451295536,-0.20284412611647046,-0.020688490345721476,0.9919726280265422,0.7403642292852796,144.55785308795492,89.04514897928038
force_at_6_rawpos_g_mean,F6,cultivar_mean_null,Qingcuili,329,58.27292047915437,47.711305907368725,0.00024292354361419866,-0.0004230708678618633,-0.027368624200271738,-0.0003758905179339265,1.0013114396772211,1.5183974889658212,123.01465016530473,58.34934189917829
force_at_6_rawpos_g_mean,F6,cultivar_mean_null,Weidi,681,48.30301427803948,20.628876438672965,-0.0004441958490551589,-0.0012831699803039776,-0.04780197454247878,-0.001140624688437708,1.0000935846578083,0.45790501622894925,29.23881313891329,48.3075346991018
force_at_6_rawpos_g_mean,F6,cultivar_mean_null,Weijin,320,43.24005751941169,34.10129275886859,8.881784197001252e-15,-0.007509355779641735,-0.11554205221681763,-0.006669418133724757,0.9978266611681288,1.3304958972508463,155.73949996834966,43.14608222331241
force_at_6_rawpos_g_mean,F6,cultivar_mean_null,Weiwang,478,57.33022660664789,44.67325733955388,0.005827637167148183,-0.0036274951146262335,-0.08034766671483112,-0.0032234767159855333,0.9992369462641776,1.277794386855365,124.52432693981818,57.286480563060145
force_at_6_rawpos_g_mean,F6,cultivar_mean_null,Weixin,191,28.38510055152451,22.68117818199526,0.006190959269227794,-0.004296856186904785,-0.08698082895772435,-0.003813866340084341,1.0004809680412874,1.3232733154147338,79.70908651575655,28.39875287773852
force_at_6_rawpos_g_mean,F6,cultivar_mean_null,Zaoshu Konglongdan,264,19.752238095894565,15.716099017576392,-0.00021373233702747007,-0.0028952684302738785,-0.07155841709782193,-0.0025714087991483754,1.000452095041926,1.3580626209249578,70.37015037327853,19.76116798480466
force_at_6_rawpos_g_mean,F6,plumspectra_corrected,3.13,300,20.272355313021173,14.903228232271303,-0.9557082278576312,0.044527433407672734,0.22698323411145166,0.12357799761293291,1.0247452693674413,1.2208084874158485,28.54674231033711,20.77400020595436
force_at_6_rawpos_g_mean,F6,plumspectra_corrected,A181,310,24.252197401726022,18.9407456936374,-0.280815939204721,0.03176662959908039,0.17893914691848406,0.06562576672335466,1.0179151633957353,1.311579942444818,75.31613799002409,24.68667948088357
force_at_6_rawpos_g_mean,F6,plumspectra_corrected,Cuihongli,295,28.895589491220537,23.28863471125699,-1.3488239207276727,0.05765588043447134,0.25403965206022916,0.09050413132169167,1.0318880436719897,1.4413453916208088,135.90967033083209,29.817013310844462
force_at_6_rawpos_g_mean,F6,plumspectra_corrected,Fengtangli,183,50.83342948337981,43.85794236115705,-2.806985730444499,0.021804529268427464,0.16572535458834292,0.037184456186593,1.0138577541544307,1.855167950554518,76.07707288035604,51.53786665198708
force_at_6_rawpos_g_mean,F6,plumspectra_corrected,Fengwei Huanghou,86,40.992870863378705,30.529784761569868,-0.9440907223122241,0.04798248156622065,0.31426075884926236,0.056112365033228855,1.0309017876680826,1.12511529343866,136.5713866924314,42.25962385470397
force_at_6_rawpos_g_mean,F6,plumspectra_corrected,Furongli,278,57.935777597391166,45.86103484849125,-0.006155568725143125,0.051349474718507926,0.33787735573086725,0.05851738288402662,1.0285594239412423,1.415384898758745,164.654976791174,59.59039003116059
force_at_6_rawpos_g_mean,F6,plumspectra_corrected,Konglongdan,778,46.121611257822025,36.91774121439013,-1.9952162572484018,0.022700550901538663,0.16598106724605982,0.03634149406940686,1.0121979703133104,1.4647047031985778,116.69407318629516,46.68420130274698
force_at_6_rawpos_g_mean,F6,plumspectra_corrected,L31,216,27.507600456840944,22.677258581081045,-1.457344753065982,-0.0003038286297321058,0.08155801918091157,0.023248126155533337,1.0021706509959134,1.594671758509281,35.94013945711961,27.567309857167775
force_at_6_rawpos_g_mean,F6,plumspectra_corrected,Naili,144,87.93106086997942,44.81539939368939,-1.5567819199898192,0.018047340641536014,0.14080949741492232,0.028540899642295912,1.0126700178330423,0.7558118400553385,144.55785308795492,89.04514897928038
force_at_6_rawpos_g_mean,F6,plumspectra_corrected,Qingcuili,329,57.629731268059096,47.53742292368432,-1.212821325497123,0.021539453338536574,0.16009999275108722,0.031567804392829815,1.0124867948415723,1.5353438959951085,123.01465016530473,58.34934189917829
force_at_6_rawpos_g_mean,F6,plumspectra_corrected,Weidi,681,49.027896450511975,20.026276605631704,-0.9704877017550319,-0.031561133144651476,-0.08907223947139192,-0.019120511945049132,0.9853071046575026,0.4511348464484624,29.23881313891329,48.3075346991018
force_at_6_rawpos_g_mean,F6,plumspectra_corrected,Weijin,320,43.58570533851467,34.21242317039105,-0.8427735838965408,-0.023681179193737245,-0.09540962096037353,-0.0160214503359143,0.9899135941064194,1.3199446625825422,155.73949996834966,43.14608222331241
force_at_6_rawpos_g_mean,F6,plumspectra_corrected,Weiwang,478,55.60722456996707,42.91333613599491,-2.4649933918114133,0.055792006772583225,0.3329978237412773,0.06727608951334176,1.0301985219740677,1.317387125893094,124.52432693981818,57.286480563060145
force_at_6_rawpos_g_mean,F6,plumspectra_corrected,Weixin,191,28.20004922634626,22.475192373387795,-0.7130408803282418,0.008755108750579388,0.1059255198365901,0.0308056186855724,1.0070462164727931,1.3319567570153157,79.70908651575655,28.39875287773852
force_at_6_rawpos_g_mean,F6,plumspectra_corrected,Zaoshu Konglongdan,264,19.861362304708575,15.601210041338808,-0.2334191936332653,-0.014007169921750107,0.06478752390694939,0.024821953826833273,0.9949553148285221,1.3506010225333318,70.37015037327853,19.76116798480466
force_at_6_rawpos_g_mean,F6,plumspectra_fixed_gate_sensitivity,3.13,300,20.351383774440794,14.929715422217326,-1.604983277555239,0.03706340601980562,0.2318353662002039,0.1389926886266587,1.0207659801514002,1.21606784582028,28.54674231033711,20.77400020595436
force_at_6_rawpos_g_mean,F6,plumspectra_fixed_gate_sensitivity,A181,310,24.25770027515306,19.02484860867322,-0.40270652716599215,0.03132719146723517,0.18010272594280813,0.07215616135715436,1.0176842487484237,1.3112824097714464,75.31613799002409,24.68667948088357
force_at_6_rawpos_g_mean,F6,plumspectra_fixed_gate_sensitivity,Cuihongli,295,28.74732151020214,23.09795219452374,-2.3103919096026004,0.0673017122601034,0.27899839931392567,0.11246736478445774,1.0372101380040815,1.4487793145026309,135.90967033083209,29.817013310844462
force_at_6_rawpos_g_mean,F6,plumspectra_fixed_gate_sensitivity,Fengtangli,183,50.65196898634298,43.54894496109023,-4.508635516379462,0.028775808589598606,0.20850222010324862,0.050867738094076353,1.017489895918616,1.8618140830767342,76.07707288035604,51.53786665198708
force_at_6_rawpos_g_mean,F6,plumspectra_fixed_gate_sensitivity,Fengwei Huanghou,86,40.72530982210944,30.442926007803287,-1.68003413078941,0.060369587107140465,0.39047125422764467,0.06933604548129546,1.0376747049757633,1.132507183660622,136.5713866924314,42.25962385470397
force_at_6_rawpos_g_mean,F6,plumspectra_fixed_gate_sensitivity,Furongli,278,57.597082604260464,45.54519148050196,-0.004974068046870837,0.06240875519998035,0.3493297675590532,0.07266238391928363,1.0346077845747117,1.4237079553596523,164.654976791174,59.59039003116059
force_at_6_rawpos_g_mean,F6,plumspectra_fixed_gate_sensitivity,Konglongdan,778,45.637284990658074,36.406715377117266,-3.178400650419138,0.04311816147918013,0.24621651818301762,0.06397035854684338,1.022939934141639,1.4802489004825061,116.69407318629516,46.68420130274698
force_at_6_rawpos_g_mean,F6,plumspectra_fixed_gate_sensitivity,L31,216,27.77826288942796,22.851315619125504,-2.4357005645953955,-0.02008575551700531,0.03821039218223373,0.011498454769741685,0.9924058234634797,1.5791337913205477,35.94013945711961,27.567309857167775
force_at_6_rawpos_g_mean,F6,plumspectra_fixed_gate_sensitivity,Naili,144,87.92850691825136,43.744538080193834,-2.395625375204596,0.01810438131058123,0.1385030955068475,0.03269187969476623,1.0126994316196816,0.755833793196847,144.55785308795492,89.04514897928038
force_at_6_rawpos_g_mean,F6,plumspectra_fixed_gate_sensitivity,Qingcuili,329,57.337236748122805,47.255601318771035,-1.9812711125290317,0.031446425477731244,0.2007600240160245,0.044748926401327764,1.01765179503682,1.5431761477963066,123.01465016530473,58.34934189917829
force_at_6_rawpos_g_mean,F6,plumspectra_fixed_gate_sensitivity,Weidi,681,48.82294882300823,19.605709437694973,-1.6604525573405635,-0.022954844116487516,-0.039469865703954665,-0.008817944688969775,0.989443199635997,0.4530286078597007,29.23881313891329,48.3075346991018
force_at_6_rawpos_g_mean,F6,plumspectra_fixed_gate_sensitivity,Weijin,320,43.30485826348445,33.99943027688556,-1.3721967045369627,-0.010531381206066781,-0.009474235732384453,-0.001662947169654978,0.9963335282335766,1.3285049630327264,155.73949996834966,43.14608222331241
force_at_6_rawpos_g_mean,F6,plumspectra_fixed_gate_sensitivity,Weiwang,478,54.679792787983,41.871687873272805,-4.0027328791685095,0.0870248556667701,0.41209087320319326,0.10718167257205614,1.0476718663727274,1.3397315172565967,124.52432693981818,57.286480563060145
force_at_6_rawpos_g_mean,F6,plumspectra_fixed_gate_sensitivity,Weixin,191,27.837228907396547,22.069019858708742,-0.958566643254619,0.034097632510268094,0.19401665069311996,0.055056067907279946,1.0201716906596536,1.349316997038313,79.70908651575655,28.39875287773852
force_at_6_rawpos_g_mean,F6,plumspectra_fixed_gate_sensitivity,Zaoshu Konglongdan,264,19.80100492742767,15.65143927354816,-0.35125409367961824,-0.007853531846439,0.07472026864322218,0.02729679628481275,0.9979881353108585,1.3547179214367862,70.37015037327853,19.76116798480466
fruit_weight_g,FW,global_pls,3.13,300,32.36502652975932,29.4181841419612,29.36870405677844,-57.690787590364245,-0.09207705657621107,-0.009404647800387727,0.13074950833915425,0.18044168740693545,23.5163,4.231711306149714
fruit_weight_g,FW,global_pls,A181,310,22.29858741086411,18.2024695344665,-2.978332276267418,-0.948034601516871,-0.2943091003314345,-0.2709975839838529,0.7176344418262021,0.9981573984886554,64.90006451612904,16.00223433010824
fruit_weight_g,FW,global_pls,Cuihongli,295,32.21816334858815,30.362052174279235,30.340560070259897,-78.47247903689177,-0.1543999491575413,-0.010511184349308925,0.1123644583311265,0.15317446704224555,16.2975593220339,3.6201764730878603
fruit_weight_g,FW,global_pls,Fengtangli,183,12.831907426221568,10.080695805712764,3.1047575891116717,-5.137831349967411,0.12684396489998362,0.08737911431111574,0.4047458228346621,0.5057704816929944,50.67065573770491,5.19366092976426
fruit_weight_g,FW,global_pls,Fengwei Huanghou,86,17.790840186256872,14.53632691182146,-12.339176812944187,-1.753182968640663,0.22794650271015726,0.13236468952121136,0.6062087848050166,0.7394254494041268,80.03504651162791,10.784963609971035
fruit_weight_g,FW,global_pls,Furongli,276,43.97526436967572,39.34237950540908,-39.34237950540908,-11.891718543774086,-0.1610708369089687,-0.02835706025674026,0.27901836306020933,0.34905986854248416,98.1815579710145,12.269906279566866
fruit_weight_g,FW,global_pls,Konglongdan,773,26.368143765330963,21.233738544412954,-19.62563991560617,-1.2313663357004847,0.31627154683571523,0.1504958475572799,0.6698779127771605,0.865438242566165,86.88509702457955,17.663437109328
fruit_weight_g,FW,global_pls,L31,216,31.44784685038963,29.98402316031309,29.98402316031309,-74.91017626722498,-0.0072784373885938156,-0.00046471155690528987,0.11504232380236076,0.16455816592530512,20.46598611111111,3.617833380249575
fruit_weight_g,FW,global_pls,Naili,144,22.007083926245425,15.317942721546451,-4.91841492881522,-0.8802601313928313,-0.1759745216100191,-0.15778574386346847,0.7318199736844475,0.8293920294561267,65.97168055555555,16.105223579776354
fruit_weight_g,FW,global_pls,Qingcuili,329,11.916654276625476,9.275695945538908,1.4889788545760672,-2.4139277332941766,0.3185509606021626,0.2605039042764275,0.5420431560480407,0.6738468544607226,37.890942249240126,6.459340893635454
fruit_weight_g,FW,global_pls,Weidi,681,19.788076540910676,15.76181564447955,-10.173059112807396,-0.499445662739582,0.3278275285190405,0.255963600852452,0.8172477497476759,1.239635391003551,84.72343612334802,16.171761024894025
fruit_weight_g,FW,global_pls,Weijin,317,25.833272606385872,23.604707679126754,23.29768765555335,-7.31173283638746,0.22542511651081265,0.051527326342845306,0.3474083896857326,0.4548397788786331,34.50485804416404,8.974695636497065
fruit_weight_g,FW,global_pls,Weiwang,478,16.21955068247097,12.698329564202178,8.478008287288153,-1.526274646854997,0.28083910182414695,0.21575180390078935,0.6298171422067126,0.8257010482092912,49.995355648535565,10.215351058710802
fruit_weight_g,FW,global_pls,Weixin,191,25.748455682292057,20.73948754904194,-18.694893074654427,-1.922887746147067,0.10394555367641219,0.049405582201027205,0.5864538137460826,0.8188840628022886,95.7580104712042,15.10028003295217
fruit_weight_g,FW,global_pls,Zaoshu Konglongdan,264,17.091337503942775,13.822076715199396,9.628381022523175,-2.2217275407653414,-0.11653887259445325,-0.07670782068596599,0.558186957166127,0.7511114912474546,61.629962121212124,9.540161675225125
fruit_weight_g,FW,cultivar_aware_pls,3.13,300,6.205613821712806,4.985039059040227,0.017561535858844905,-1.1576822766998855,0.04471264571783738,0.04441954889341591,0.681916636730341,0.9410833751153581,23.5163,4.231711306149714
fruit_weight_g,FW,cultivar_aware_pls,A181,310,15.900782162941713,12.83738732126795,0.015414629068091072,0.00944421496560266,0.13332824807228139,0.057015805812357885,1.0063803255793902,1.3997739087246428,64.90006451612904,16.00223433010824
fruit_weight_g,FW,cultivar_aware_pls,Cuihongli,295,4.822101266365575,3.9058144535993082,0.01536571390511329,-0.7802781241953618,0.1322482152111393,0.1322054060049659,0.7507466710288299,1.0234127670486513,16.2975593220339,3.6201764730878603
fruit_weight_g,FW,cultivar_aware_pls,Fengtangli,183,6.512709242173384,5.1379089912034805,-0.008464990769845908,-0.5810874623202085,0.11541610333650909,0.11458173543125671,0.7974654996314654,0.9965130882818576,50.67065573770491,5.19366092976426
fruit_weight_g,FW,cultivar_aware_pls,Fengwei Huanghou,86,10.394330645913028,8.381859852379703,0.0346439741826633,0.060200493121444265,0.24864998315312742,0.13258106136531111,1.0375813486567893,1.2655937595339468,80.03504651162791,10.784963609971035
fruit_weight_g,FW,cultivar_aware_pls,Furongli,276,12.278498906134226,9.75724270172615,-0.008124841434573291,-0.005042550764198905,0.12832429076098945,0.06561294628490742,0.9993001891653819,1.250152817322912,98.1815579710145,12.269906279566866
fruit_weight_g,FW,cultivar_aware_pls,Konglongdan,773,17.01258102832365,13.460736472941878,-0.01171743857345816,0.07113590803285197,0.2813656626840563,0.10407888890353977,1.038257339078695,1.341360253450537,86.88509702457955,17.663437109328
fruit_weight_g,FW,cultivar_aware_pls,L31,216,4.307798236771283,3.533031902497493,0.01762321041459491,-0.42438987056983146,0.035683404623900725,0.03332688291940072,0.8398335254812584,1.2013097446919172,20.46598611111111,3.617833380249575
fruit_weight_g,FW,cultivar_aware_pls,Naili,144,14.436861042756288,10.719702455639231,-0.0010011214257198296,0.1908323888633453,0.44810556229365944,0.27836348261465665,1.1155626927542652,1.2642983780160586,65.97168055555555,16.105223579776354
fruit_weight_g,FW,cultivar_aware_pls,Qingcuili,329,7.4697870740744685,5.826053086725492,0.012535745359297632,-0.34141169627336887,0.07830409276939207,0.07232885641861846,0.8647289179170864,1.0749971746677849,37.890942249240126,6.459340893635454
fruit_weight_g,FW,cultivar_aware_pls,Weidi,681,15.75521283036606,13.015436461497853,-0.005277266818952469,0.04945623453889125,0.23165193378229038,0.12627176004274202,1.0264387538913549,1.556945010144307,84.72343612334802,16.171761024894025
fruit_weight_g,FW,cultivar_aware_pls,Weijin,317,8.973514922446016,7.107065471676684,0.014648660679866176,-0.0029006209752167056,0.27481441326361833,0.23317616935926824,1.0001315776550497,1.3094088661522127,34.50485804416404,8.974695636497065
fruit_weight_g,FW,cultivar_aware_pls,Weiwang,478,10.011985540566023,7.843464466708271,0.013815880639289107,0.03740555118996258,0.2156227076726637,0.12227038523743687,1.0203122065369346,1.3376467580518365,49.995355648535565,10.215351058710802
fruit_weight_g,FW,cultivar_aware_pls,Weixin,191,14.839876869992532,11.983739833352814,-0.012913043870177107,0.029109260588291885,0.18093083370375895,0.08246618900693206,1.0175475285435958,1.4208338913266607,95.7580104712042,15.10028003295217
fruit_weight_g,FW,cultivar_aware_pls,Zaoshu Konglongdan,264,10.23432042724441,8.166843114384015,0.01170943631295712,-0.15519348113806442,-0.023527093703002648,-0.015348710358177687,0.9321734396578604,1.2543578336501724,61.629962121212124,9.540161675225125
fruit_weight_g,FW,nested_rbf_svr,3.13,300,5.853280907430526,4.740388527901288,0.0038540822987588306,-0.9196265010112237,0.025488775132828007,0.025485774252103657,0.7229639877316859,0.9977310319390851,23.5163,4.231711306149714
fruit_weight_g,FW,nested_rbf_svr,A181,310,16.045707426287933,13.010908595371314,0.026197453816128532,-0.008694612262733825,0.07350426795364402,0.02725178526520971,0.9972906712664803,1.3871311129314992,64.90006451612904,16.00223433010824
fruit_weight_g,FW,nested_rbf_svr,Cuihongli,295,4.510166353127184,3.6833206049727862,0.03852547149757434,-0.5574005498474528,0.20506140081925522,0.2050043495500008,0.8026702763586009,1.0941946734577208,16.2975593220339,3.6201764730878603
fruit_weight_g,FW,nested_rbf_svr,Fengtangli,183,6.1823314768655155,4.892076987296346,0.016398363072033337,-0.42474482816170456,0.11042457444494115,0.10680718712651174,0.8400812782684182,1.0497657759513195,50.67065573770491,5.19366092976426
fruit_weight_g,FW,nested_rbf_svr,Fengwei Huanghou,86,10.549621126859558,8.444904861139083,-0.10241491849785193,0.03190966751672375,0.193151999376119,0.09595838447076056,1.0223081455041347,1.2469642124404903,80.03504651162791,10.784963609971035
fruit_weight_g,FW,nested_rbf_svr,Furongli,276,12.174585209908534,9.674459546420513,-0.012060044242995392,0.01189693928377511,0.1315750096646579,0.05180614279651423,1.0078295127115093,1.260823242463085,98.1815579710145,12.269906279566866
fruit_weight_g,FW,nested_rbf_svr,Konglongdan,773,17.34750340079185,13.75500098990455,-0.0351445838553826,0.03420328594968891,0.18497442580875617,0.06520368345291316,1.0182120562963388,1.315463065362959,86.88509702457955,17.663437109328
fruit_weight_g,FW,nested_rbf_svr,L31,216,4.377384173846222,3.5703924770300044,0.03264574958798018,-0.47077925315976077,-0.007762091039141973,-0.0072117310568219645,0.8264829488499608,1.1822128911872378,20.46598611111111,3.617833380249575
fruit_weight_g,FW,nested_rbf_svr,Naili,144,14.65802159985785,10.934884705857085,-0.05438764855766124,0.1658509629903676,0.4338752731106973,0.22822157133765789,1.0987310579439,1.2452226158663189,65.97168055555555,16.105223579776354
fruit_weight_g,FW,nested_rbf_svr,Qingcuili,329,7.116242781251521,5.517168227471472,0.02989090716641758,-0.21743884977921413,0.06788670771188748,0.05671108781699976,0.9076897868989597,1.1284044469584231,37.890942249240126,6.459340893635454
fruit_weight_g,FW,nested_rbf_svr,Weidi,681,15.842120512356201,13.115820101339928,-0.0407498502937754,0.03894068030469777,0.2029945968573185,0.09570545912209762,1.0208078528553497,1.548403825161386,84.72343612334802,16.171761024894025
fruit_weight_g,FW,nested_rbf_svr,Weijin,317,8.873355241191732,7.0633848066605545,-0.006055696403204181,0.019362585774030827,0.24411850966021414,0.18126964464930082,1.0114207526409957,1.3241890672261558,34.50485804416404,8.974695636497065
fruit_weight_g,FW,nested_rbf_svr,Weiwang,478,10.076278930262266,7.839113895350369,-0.0018586566345026533,0.025002981781307998,0.19459723596815232,0.10949197271390058,1.0138019331750392,1.3291116782980346,49.995355648535565,10.215351058710802
fruit_weight_g,FW,nested_rbf_svr,Weixin,191,14.821515464623213,11.957309495940306,-0.06331482618039884,0.03151034382546414,0.18270707109912163,0.07849496796915316,1.018808101573306,1.4225940694341819,95.7580104712042,15.10028003295217
fruit_weight_g,FW,nested_rbf_svr,Zaoshu Konglongdan,264,10.048477331287353,8.065589308676469,0.036913689278470184,-0.11362051600131506,-0.03546420797032032,-0.019708194661296533,0.9494136634533159,1.2775567458393557,61.629962121212124,9.540161675225125
fruit_weight_g,FW,residual_cnn,3.13,300,5.452409591589911,4.207509134292603,0.8426526271820068,-0.6656929554351174,0.11738588114357751,0.11447517245478889,0.7761176476317797,1.0710860770636037,23.5163,4.231711306149714
fruit_weight_g,FW,residual_cnn,A181,310,15.80000679174199,12.690951086721112,-0.35374012461016213,0.0219602404946595,0.16720587891704353,0.0762512778399097,1.0127992057871738,1.4087019261050617,64.90006451612904,16.00223433010824
fruit_weight_g,FW,residual_cnn,Cuihongli,295,4.47655137175399,3.5587452453354658,0.7879355857978432,-0.5342719587632583,0.2014929588053837,0.1959211510747092,0.8086976273589401,1.1024111174371223,16.2975593220339,3.6201764730878603
fruit_weight_g,FW,residual_cnn,Fengtangli,183,6.727206977079279,5.282409204368383,-0.3792932462431695,-0.686949552066382,0.10985129648790443,0.10934991880806857,0.7720382244012906,0.9647391587790464,50.67065573770491,5.19366092976426
fruit_weight_g,FW,residual_cnn,Fengwei Huanghou,86,10.170940646377922,8.181170981473702,-0.2766853162188862,0.10016185933368771,0.3244432490367459,0.15678278582664043,1.060370322169934,1.2933906958433337,80.03504651162791,10.784963609971035
fruit_weight_g,FW,residual_cnn,Furongli,276,12.184291306859354,9.669345202238663,0.6074075306325718,0.010320795708295694,0.14938720413049406,0.06940312020053241,1.0070266682362818,1.2598188613036896,98.1815579710145,12.269906279566866
fruit_weight_g,FW,residual_cnn,Konglongdan,773,16.406980974190272,12.80094325609688,-1.239858461604544,0.1360887891558531,0.39614143299430754,0.19848377622910549,1.0765805809803919,1.390871363591999,86.88509702457955,17.663437109328
fruit_weight_g,FW,residual_cnn,L31,216,4.227212794230123,3.4170082746081882,-0.00630098417070173,-0.3715965656461433,0.11633310611755988,0.11111490885831683,0.8558436862198392,1.224210904893065,20.46598611111111,3.617833380249575
fruit_weight_g,FW,residual_cnn,Naili,144,14.350377128665135,10.794133923000759,-0.027444012112088047,0.20049797678662673,0.462307337311041,0.2865530538783613,1.122285737536882,1.271917792567298,65.97168055555555,16.105223579776354
fruit_weight_g,FW,residual_cnn,Qingcuili,329,7.077270419709369,5.64918013343695,1.1603204932401245,-0.20414066777072315,0.13578498875981368,0.11424828366938485,0.9126881566722315,1.1346182247943197,37.890942249240126,6.459340893635454
fruit_weight_g,FW,residual_cnn,Weidi,681,14.984896429780688,12.276733527050494,-0.3906746809142975,0.1401334385472781,0.37657138810905666,0.23132517453370388,1.0792040572769381,1.6369816177874652,84.72343612334802,16.171761024894025
fruit_weight_g,FW,residual_cnn,Weijin,317,8.737774340770379,6.8261095016912705,-1.4161091002455268,0.04910104392675296,0.3303600638999725,0.2645171781705609,1.027114604530494,1.3447360325128337,34.50485804416404,8.974695636497065
fruit_weight_g,FW,residual_cnn,Weiwang,478,9.799526737848502,7.663838229319041,-0.3451884067806737,0.07782545568778654,0.2894680699592602,0.183887486583112,1.0424331023309799,1.3666476308773605,49.995355648535565,10.215351058710802
fruit_weight_g,FW,residual_cnn,Weixin,191,14.738482877327915,11.967844255856816,-0.5038712250874305,0.04233122778480469,0.21285337508019728,0.10214794889416218,1.0245477881703011,1.4306085758958864,95.7580104712042,15.10028003295217
fruit_weight_g,FW,residual_cnn,Zaoshu Konglongdan,264,10.0216257979301,7.933120369766698,-0.49228630123716394,-0.10767683621014124,0.0330071667733468,0.020931598158785092,0.9519574835048801,1.2809797790146489,61.629962121212124,9.540161675225125
fruit_weight_g,FW,no_neural_b50,3.13,300,5.992196291808863,4.836713380973598,0.01070780907880201,-1.0118243754640908,0.03608703884125017,0.03605551126470793,0.7062037189826919,0.9746009168596651,23.5163,4.231711306149714
fruit_weight_g,FW,no_neural_b50,A181,310,15.957930340788758,12.913478375952876,0.020806041442110308,0.0023112092614018254,0.10783840077496917,0.04230849981255985,1.0027762992050568,1.3947610701814777,64.90006451612904,16.00223433010824
fruit_weight_g,FW,no_neural_b50,Cuihongli,295,4.628423223384124,3.7778907624624534,0.02694559270134391,-0.6401415481199078,0.17021804182791755,0.1702012206996338,0.7821619368768371,1.0662378442548124,16.2975593220339,3.6201764730878603
fruit_weight_g,FW,no_neural_b50,Fengtangli,183,6.305044730579814,4.983590213963082,0.003966686151093714,-0.4818657467452059,0.11458231853857245,0.11231220194208058,0.823731020427931,1.0293344896544727,50.67065573770491,5.19366092976426
fruit_weight_g,FW,no_neural_b50,Fengwei Huanghou,86,10.460126401188866,8.405776110207814,-0.03388547215759423,0.048265039726290926,0.22504412816173505,0.11461193979633175,1.0310548072100973,1.2576329860129443,80.03504651162791,10.784963609971035
fruit_weight_g,FW,no_neural_b50,Furongli,276,12.207776379871968,9.702749838355874,-0.010092442838784908,0.0065019296314389186,0.13185333488960735,0.05899013586412133,1.0050893707225288,1.2573952472875312,98.1815579710145,12.269906279566866
fruit_weight_g,FW,no_neural_b50,Konglongdan,773,17.16837431249774,13.59674745130172,-0.02343101121442038,0.054045804637766315,0.23908799319656177,0.08478790320544403,1.0288357411027484,1.329188168001915,86.88509702457955,17.663437109328
fruit_weight_g,FW,no_neural_b50,L31,216,4.305789953809779,3.52772519175338,0.025134480001287512,-0.4230620873479256,0.0145010518499065,0.01337266862475537,0.8402252360332865,1.2018700530018056,20.46598611111111,3.617833380249575
fruit_weight_g,FW,no_neural_b50,Naili,144,14.533389047117929,10.824773161409802,-0.02769438499169066,0.17997567204520348,0.44305624088414103,0.2541305403878487,1.1081533376394497,1.2559011487839855,65.97168055555555,16.105223579776354
fruit_weight_g,FW,no_neural_b50,Qingcuili,329,7.2397824995603655,5.62946294343329,0.021213326262857497,-0.2600758326549757,0.0752383892892812,0.06589513448886498,0.8922009596321017,1.1091493426063026,37.890942249240126,6.459340893635454
fruit_weight_g,FW,no_neural_b50,Weidi,681,15.783649154417375,13.057463993313844,-0.02301355855636406,0.046021896481368674,0.22044194941871834,0.11135611476579087,1.024589489203644,1.5541399685214607,84.72343612334802,16.171761024894025
fruit_weight_g,FW,no_neural_b50,Weijin,317,8.895655054888188,7.056682340750783,0.004296482138330862,0.014427471705330652,0.26282657726978736,0.20939912742436742,1.0088853019953201,1.320869562443672,34.50485804416404,8.974695636497065
fruit_weight_g,FW,no_neural_b50,Weiwang,478,10.017345210851692,7.823263993074225,0.0059786120023932274,0.03637467279606532,0.21092872383604006,0.11643585242854779,1.019766299722267,1.3369310648785508,49.995355648535565,10.215351058710802
fruit_weight_g,FW,no_neural_b50,Weixin,191,14.820775511365532,11.962492184440558,-0.038113935025288266,0.03160704367900291,0.18388552984513862,0.08058645508443518,1.0188589673578348,1.4226650949426127,95.7580104712042,15.10028003295217
fruit_weight_g,FW,no_neural_b50,Zaoshu Konglongdan,264,10.123184235548315,8.092347299050369,0.024311562795713976,-0.1302408260971497,-0.02928825148330699,-0.017549422068133924,0.9424071965147228,1.2681286541165742,61.629962121212124,9.540161675225125
fruit_weight_g,FW,cultivar_mean_null,3.13,300,4.240080945571676,3.417136111111111,1.8474111129762605e-15,-0.007317312215135097,-0.11405505271196519,-0.006498993617299893,0.9980260661224634,1.3773321960042477,23.5163,4.231711306149714
fruit_weight_g,FW,cultivar_mean_null,A181,310,16.024607002211074,13.145198491155046,3.208902677626259e-15,-0.006043449661736311,-0.1036528364771252,-0.005368350437583896,0.9986038551772443,1.388957619798658,64.90006451612904,16.00223433010824
fruit_weight_g,FW,cultivar_mean_null,Cuihongli,295,3.634602287912063,2.97999856363114,-1.1561373327621968e-15,-0.01141407614294132,-0.1424489063516629,-0.01013299448587934,0.9960309784451025,1.3577826703110791,16.2975593220339,3.6201764730878603
fruit_weight_g,FW,cultivar_mean_null,Fengtangli,183,5.23187204010769,4.101747159676806,0.0011239766510653284,-0.020344299840840074,-0.18997622075949594,-0.01803909690330282,0.9926964745982887,1.2404737635491576,50.67065573770491,5.19366092976426
fruit_weight_g,FW,cultivar_mean_null,Fengwei Huanghou,86,10.790965824975165,8.792044628164716,0.01080154245722777,-0.012891185190117227,-0.14859997353116988,-0.011398140894530917,0.999443774069765,1.219075309232597,80.03504651162791,10.784963609971035
fruit_weight_g,FW,cultivar_mean_null,Furongli,276,12.275619654386661,9.699003650740863,-0.004300950495319906,-0.004571250281164563,-0.09040248134646088,-0.004063466420711995,0.9995345754446088,1.2504460411914695,98.1815579710145,12.269906279566866
fruit_weight_g,FW,cultivar_mean_null,Konglongdan,773,17.675224237862466,14.00657976064783,0.0019386879065977811,-0.0026321473684494112,-0.06817838434189226,-0.0023374271738383972,0.9993331270723448,1.2910727294263578,86.88509702457955,17.663437109328
fruit_weight_g,FW,cultivar_mean_null,L31,216,3.6362365881444436,2.895307290033009,-0.0011557202282249368,-0.014898085034182218,-0.16230356582933303,-0.013213508153500019,0.9949389410043147,1.423174723248902,20.46598611111111,3.617833380249575
fruit_weight_g,FW,cultivar_mean_null,Naili,144,16.157648315457074,12.231549202482093,-0.003163947193069857,-0.013559480725103379,-0.15477028905449516,-0.012026994509175232,0.9967554229020712,1.1296507786061232,65.97168055555555,16.105223579776354
fruit_weight_g,FW,cultivar_mean_null,Qingcuili,329,6.462165275388237,5.025874117590201,-0.0002905180061112866,-0.003926149275149671,-0.08342605602584464,-0.003487386013210022,0.9995629356984198,1.2426175527548022,37.890942249240126,6.459340893635454
fruit_weight_g,FW,cultivar_mean_null,Weidi,681,16.17516050971892,13.446106436668957,0.00022821353515168374,-0.0018916730995013342,-0.05803368282759914,-0.0016813804558847823,0.9997898330082812,1.5165228181359336,84.72343612334802,16.171761024894025
fruit_weight_g,FW,cultivar_mean_null,Weijin,317,9.032117204347692,7.1609492082804,0.0017306050757625571,-0.016042444216058716,-0.16883807934076792,-0.014233858248620855,0.9936425129843326,1.3009131451863833,34.50485804416404,8.974695636497065
fruit_weight_g,FW,cultivar_mean_null,Weiwang,478,10.210790470254624,8.11131460244926,0.00035051485774739987,-0.001201874676971082,-0.04624778344269066,-0.0010682990338191582,1.0004466440154132,1.3116026657303488,49.995355648535565,10.215351058710802
fruit_weight_g,FW,cultivar_mean_null,Weixin,191,15.069688453937594,12.321328376441055,-0.0011398173212577752,-0.001194168908500659,-0.046074900602168206,-0.0010613345356086828,1.0020300073958452,1.399166284322928,95.7580104712042,15.10028003295217
fruit_weight_g,FW,cultivar_mean_null,Zaoshu Konglongdan,264,9.653017809961185,7.721005462837261,-0.0042660294711443685,-0.027691877374278917,-0.22300386376821668,-0.02456469616139388,0.9883087199300927,1.3298949875294621,61.629962121212124,9.540161675225125
fruit_weight_g,FW,plumspectra_corrected,3.13,300,5.546749501931004,4.3932545286484075,0.4232533547403829,-0.723832676756285,0.07214883511918199,0.07151061433200548,0.7629173274683702,1.052868891585407,23.5163,4.231711306149714
fruit_weight_g,FW,plumspectra_corrected,A181,310,15.882191553889642,12.82752116508366,-0.1637713353970168,0.011759103637693835,0.13196753963956576,0.05226227813152147,1.0075583256763578,1.4014123884904919,64.90006451612904,16.00223433010824
fruit_weight_g,FW,plumspectra_corrected,Cuihongli,295,4.4130135911368225,3.5707373165138168,0.41323052864770876,-0.4910277703305008,0.2083592217192088,0.20637233412460068,0.8203411111986352,1.1182834355895805,16.2975593220339,3.6201764730878603
fruit_weight_g,FW,plumspectra_corrected,Fengtangli,183,6.337655678842605,5.010911319251867,-0.18144744158556797,-0.4972343992000896,0.11404451268232096,0.11194860745774055,0.8194924421505866,1.0240379611763968,50.67065573770491,5.19366092976426
fruit_weight_g,FW,plumspectra_corrected,Fengwei Huanghou,86,10.310314510998106,8.263190546006536,-0.189550117358369,0.07533166789186174,0.27704948553234676,0.1274260616786144,1.0460363356002977,1.2759067617158941,80.03504651162791,10.784963609971035
fruit_weight_g,FW,plumspectra_corrected,Furongli,276,12.149092639457216,9.648602969702871,0.2976737431947879,0.016030618471544078,0.14693792835595793,0.06097912544264435,1.0099442521096003,1.2634688412982409,98.1815579710145,12.269906279566866
fruit_weight_g,FW,plumspectra_corrected,Konglongdan,773,16.79085380931978,13.2052989815921,-0.6375015227299632,0.09519014598717834,0.3346694807585615,0.13453451267563082,1.0519677742369415,1.3590732346995804,86.88509702457955,17.663437109328
fruit_weight_g,FW,plumspectra_corrected,L31,216,4.197023540317369,3.4461320330288734,0.013172382708639227,-0.35207560929018444,0.06117283724016077,0.056167870951890485,0.8619997828213284,1.2330166724794398,20.46598611111111,3.617833380249575
fruit_weight_g,FW,plumspectra_corrected,Naili,144,14.477941217258405,10.853633298050845,-0.04091583033487462,0.18622085454987347,0.45420846394360037,0.2586304605145964,1.1123973594103387,1.2607110172710285,65.97168055555555,16.105223579776354
fruit_weight_g,FW,plumspectra_corrected,Qingcuili,329,7.016370680778649,5.493430234089737,0.5951057002032712,-0.1835066270813459,0.10622049245715182,0.0880395882552717,0.9206099830687141,1.1444663295795052,37.890942249240126,6.459340893635454
fruit_weight_g,FW,plumspectra_corrected,Weidi,681,15.322916302777395,12.63237484219555,-0.21571226560403634,0.10090324971554676,0.32031108455941565,0.1669920439744317,1.0553970735951073,1.6008701943737533,84.72343612334802,16.171761024894025
fruit_weight_g,FW,plumspectra_corrected,Weijin,317,8.706641410356264,6.868888122166596,-0.7110823983243654,0.05586513040040886,0.2997883095539316,0.22845193381822212,1.0307873281449216,1.349544496690051,34.50485804416404,8.974695636497065
fruit_weight_g,FW,plumspectra_corrected,Weiwang,478,9.878261078103582,7.699856322163372,-0.17352353170758827,0.06294749552920664,0.2582737154212813,0.1488192095839917,1.0341244251333286,1.355754812928176,49.995355648535565,10.215351058710802
fruit_weight_g,FW,plumspectra_corrected,Weixin,191,14.714241848779642,11.895183727935862,-0.28359302563391486,0.045478876695242754,0.21428013057325368,0.0911454879310971,1.026235682962119,1.4329654369347427,95.7580104712042,15.10028003295217
fruit_weight_g,FW,plumspectra_corrected,Zaoshu Konglongdan,264,9.977365510057263,7.943346967254621,-0.22768630597934658,-0.0979143814357295,0.001719567331391298,0.0009817462463853888,0.956180433162298,1.286662294476403,61.629962121212124,9.540161675225125
fruit_weight_g,FW,plumspectra_fixed_gate_sensitivity,3.13,300,5.546749501931004,4.3932545286484075,0.4232533547403829,-0.723832676756285,0.07214883511918199,0.07151061433200548,0.7629173274683702,1.052868891585407,23.5163,4.231711306149714
fruit_weight_g,FW,plumspectra_fixed_gate_sensitivity,A181,310,15.882191553889642,12.82752116508366,-0.1637713353970168,0.011759103637693835,0.13196753963956576,0.05226227813152147,1.0075583256763578,1.4014123884904919,64.90006451612904,16.00223433010824
fruit_weight_g,FW,plumspectra_fixed_gate_sensitivity,Cuihongli,295,4.4130135911368225,3.5707373165138168,0.41323052864770876,-0.4910277703305008,0.2083592217192088,0.20637233412460068,0.8203411111986352,1.1182834355895805,16.2975593220339,3.6201764730878603
fruit_weight_g,FW,plumspectra_fixed_gate_sensitivity,Fengtangli,183,6.337655678842605,5.010911319251867,-0.18144744158556797,-0.4972343992000896,0.11404451268232096,0.11194860745774055,0.8194924421505866,1.0240379611763968,50.67065573770491,5.19366092976426
fruit_weight_g,FW,plumspectra_fixed_gate_sensitivity,Fengwei Huanghou,86,10.310314510998106,8.263190546006536,-0.189550117358369,0.07533166789186174,0.27704948553234676,0.1274260616786144,1.0460363356002977,1.2759067617158941,80.03504651162791,10.784963609971035
fruit_weight_g,FW,plumspectra_fixed_gate_sensitivity,Furongli,276,12.149092639457216,9.648602969702871,0.2976737431947879,0.016030618471544078,0.14693792835595793,0.06097912544264435,1.0099442521096003,1.2634688412982409,98.1815579710145,12.269906279566866
fruit_weight_g,FW,plumspectra_fixed_gate_sensitivity,Konglongdan,773,16.79085380931978,13.2052989815921,-0.6375015227299632,0.09519014598717834,0.3346694807585615,0.13453451267563082,1.0519677742369415,1.3590732346995804,86.88509702457955,17.663437109328
fruit_weight_g,FW,plumspectra_fixed_gate_sensitivity,L31,216,4.197023540317369,3.4461320330288734,0.013172382708639227,-0.35207560929018444,0.06117283724016077,0.056167870951890485,0.8619997828213284,1.2330166724794398,20.46598611111111,3.617833380249575
fruit_weight_g,FW,plumspectra_fixed_gate_sensitivity,Naili,144,14.477941217258405,10.853633298050845,-0.04091583033487462,0.18622085454987347,0.45420846394360037,0.2586304605145964,1.1123973594103387,1.2607110172710285,65.97168055555555,16.105223579776354
fruit_weight_g,FW,plumspectra_fixed_gate_sensitivity,Qingcuili,329,7.016370680778649,5.493430234089737,0.5951057002032712,-0.1835066270813459,0.10622049245715182,0.0880395882552717,0.9206099830687141,1.1444663295795052,37.890942249240126,6.459340893635454
fruit_weight_g,FW,plumspectra_fixed_gate_sensitivity,Weidi,681,15.322916302777395,12.63237484219555,-0.21571226560403634,0.10090324971554676,0.32031108455941565,0.1669920439744317,1.0553970735951073,1.6008701943737533,84.72343612334802,16.171761024894025
fruit_weight_g,FW,plumspectra_fixed_gate_sensitivity,Weijin,317,8.706641410356264,6.868888122166596,-0.7110823983243654,0.05586513040040886,0.2997883095539316,0.22845193381822212,1.0307873281449216,1.349544496690051,34.50485804416404,8.974695636497065
fruit_weight_g,FW,plumspectra_fixed_gate_sensitivity,Weiwang,478,9.878261078103582,7.699856322163372,-0.17352353170758827,0.06294749552920664,0.2582737154212813,0.1488192095839917,1.0341244251333286,1.355754812928176,49.995355648535565,10.215351058710802
fruit_weight_g,FW,plumspectra_fixed_gate_sensitivity,Weixin,191,14.714241848779642,11.895183727935862,-0.28359302563391486,0.045478876695242754,0.21428013057325368,0.0911454879310971,1.026235682962119,1.4329654369347427,95.7580104712042,15.10028003295217
fruit_weight_g,FW,plumspectra_fixed_gate_sensitivity,Zaoshu Konglongdan,264,9.977365510057263,7.943346967254621,-0.22768630597934658,-0.0979143814357295,0.001719567331391298,0.0009817462463853888,0.956180433162298,1.286662294476403,61.629962121212124,9.540161675225125
loading_stiffness_g_per_rawpos_mean,LS,global_pls,3.13,300,125.84089260672839,113.5716723290567,111.58721107719845,-8.03726190851563,0.581328553511242,0.180145821080991,0.33320123223348425,0.4074006353120804,124.85734257626987,41.93034048192346
loading_stiffness_g_per_rawpos_mean,LS,global_pls,A181,310,80.75079138611933,67.4272706770093,46.56332458971387,-1.9420378276113235,0.11853325885120294,0.08192284573201014,0.5839524447737839,0.7604264536307517,249.08178837836505,47.154622047342194
loading_stiffness_g_per_rawpos_mean,LS,global_pls,Cuihongli,295,130.79587369173555,103.10046353173259,-88.06658085189949,-1.9559797284367044,-0.12645405010863164,-0.06066075947323988,0.5826216476685727,0.8308141694558308,452.8779938328694,76.20450743852949
loading_stiffness_g_per_rawpos_mean,LS,global_pls,Fengtangli,183,91.34118882762952,74.72661013028177,35.886144178805964,-0.08414703775951504,0.37015739867475306,0.2913733474598322,0.9630431735213936,1.297168130101825,237.8399063115445,87.9655083617772
loading_stiffness_g_per_rawpos_mean,LS,global_pls,Fengwei Huanghou,86,79.3783316335926,64.09613790067823,-52.52601806753388,-0.4814584893834861,0.42575244760319275,0.23827596872672246,0.8264089639241221,1.1447186275527563,384.9565312665741,65.59896480334262
loading_stiffness_g_per_rawpos_mean,LS,global_pls,Furongli,278,72.1037272431686,57.91054458279394,5.282528079317192,0.18778658119353653,0.5116831162924742,0.49425611679037734,1.1115971721170517,1.5456302639063915,315.6798602109826,80.15029930260543
loading_stiffness_g_per_rawpos_mean,LS,global_pls,Konglongdan,778,81.86316025286936,64.20524376340448,-17.008521786227718,-0.05344144440933407,0.27248119298840184,0.2243781898292118,0.9749314691798212,1.3544291024220467,378.35104409153234,79.81097109703308
loading_stiffness_g_per_rawpos_mean,LS,global_pls,L31,216,91.28885103550388,74.35457584899042,63.37676145221359,-0.9165151369862454,0.29334160863284797,0.14948474489118643,0.7240215931503916,1.0742455347183455,269.05703410785316,66.0950993635943
loading_stiffness_g_per_rawpos_mean,LS,global_pls,Naili,144,87.96326630608208,74.30807392468911,64.56238682884779,-0.7261814970249258,0.5736887011822995,0.38145300582024766,0.7637830193326596,1.035139045941208,232.5996651750095,67.18484912962217
loading_stiffness_g_per_rawpos_mean,LS,global_pls,Qingcuili,329,154.16665019340942,117.98917796955571,-86.71702544921938,-0.5367324170486432,0.16355726918602165,0.08591193123000558,0.807907985436924,1.239109143713797,388.45917930834497,124.55246777931637
loading_stiffness_g_per_rawpos_mean,LS,global_pls,Weidi,681,74.34991460540586,61.83041683572325,51.06718580972686,-4.194810838612412,0.5517761356494294,0.29640246887531485,0.4390704713250871,0.5680477175492015,109.16584574980055,32.644852048775526
loading_stiffness_g_per_rawpos_mean,LS,global_pls,Weijin,320,79.8716758486925,62.071817447867375,-34.681547538908,-0.8036180880538806,0.1064100824845846,0.0858138288177547,0.7457742028916011,1.021037159903372,392.7783224499941,59.566235389675
loading_stiffness_g_per_rawpos_mean,LS,global_pls,Weiwang,478,111.6487522378624,89.0470894841605,4.892259832362774,-0.24100055496701356,-0.04554485231180775,-0.033770622387124985,0.8986048762119879,1.1119636412549534,385.0095355439791,100.32811318392724
loading_stiffness_g_per_rawpos_mean,LS,global_pls,Weixin,191,116.19775741165748,93.94172587936805,-79.98417953175682,-0.8382003471467083,0.3012873018678311,0.15089464311253759,0.7395089956120292,0.8796708994676317,391.48410075015903,85.92928687586505
loading_stiffness_g_per_rawpos_mean,LS,global_pls,Zaoshu Konglongdan,264,90.51814602112137,74.39770981258621,-67.72716521641064,-3.203984885349808,0.17499942919824926,0.08485041569173307,0.48864506408748404,0.6093644831570139,293.76093089052677,44.23124526357109
loading_stiffness_g_per_rawpos_mean,LS,cultivar_aware_pls,3.13,300,42.34303143388033,33.22514406896896,0.12476209040239468,-0.023192109395462346,0.3311158778010813,0.31043163661147893,0.9902536276222619,1.2107697030685232,124.85734257626987,41.93034048192346
loading_stiffness_g_per_rawpos_mean,LS,cultivar_aware_pls,A181,310,47.97392124201987,38.158362762629906,-0.030966928725868294,-0.038401037904656876,0.24549799582967102,0.20924100177128,0.9829219881663528,1.2799670390053361,249.08178837836505,47.154622047342194
loading_stiffness_g_per_rawpos_mean,LS,cultivar_aware_pls,Cuihongli,295,77.55578641585421,62.535602727234306,-0.0636196146153244,-0.039302033174477335,0.05887943161555298,0.029223775818170372,0.982576683961669,1.401147099286391,452.8779938328694,76.20450743852949
loading_stiffness_g_per_rawpos_mean,LS,cultivar_aware_pls,Fengtangli,183,85.97207815812224,68.42026821220323,-0.05756022847767309,0.039561153061569265,0.23007273246891258,0.1420942239858454,1.0231869491393308,1.3781786092793198,237.8399063115445,87.9655083617772
loading_stiffness_g_per_rawpos_mean,LS,cultivar_aware_pls,Fengwei Huanghou,86,60.04447920840591,49.41164863431958,0.08204250855463514,0.15232042610781216,0.3905665803152563,0.2571848026520697,1.092506183218908,1.5133090675938932,384.9565312665741,65.59896480334262
loading_stiffness_g_per_rawpos_mean,LS,cultivar_aware_pls,Furongli,278,76.65043710839309,60.91699615692857,-0.026681022986593098,0.08212402708403133,0.2874567864220653,0.1423244897845103,1.045660042215586,1.453947389887618,315.6798602109826,80.15029930260543
loading_stiffness_g_per_rawpos_mean,LS,cultivar_aware_pls,Konglongdan,778,83.22531446899404,66.82697165995923,-0.03648163532305911,-0.08879038658499305,0.04182996182830046,0.025658691594189622,0.9589747014625821,1.3322610718885786,378.35104409153234,79.81097109703308
loading_stiffness_g_per_rawpos_mean,LS,cultivar_aware_pls,L31,216,63.79582118550127,52.16388293371719,0.005742866285952623,0.06403149362197547,0.25306641709768685,0.1217671976544894,1.0360412035673519,1.5371953644002256,269.05703410785316,66.0950993635943
loading_stiffness_g_per_rawpos_mean,LS,cultivar_aware_pls,Naili,144,51.530313916101555,39.56401372292375,0.02299569874719292,0.40760779065475605,0.6705141228631833,0.5131567797469965,1.3037927391439599,1.767002850209665,232.5996651750095,67.18484912962217
loading_stiffness_g_per_rawpos_mean,LS,cultivar_aware_pls,Qingcuili,329,121.13026193698487,99.82506902225613,0.05526896472205847,0.05131355895392764,0.22700049759771063,0.10366754691772537,1.0282522780650125,1.5770568217689358,388.45917930834497,124.55246777931637
loading_stiffness_g_per_rawpos_mean,LS,cultivar_aware_pls,Weidi,681,33.72101089770561,27.023768819341132,0.15093639874510847,-0.06858718344395598,0.49951263559278436,0.49856254917869125,0.9680864001321114,1.252462431203463,109.16584574980055,32.644852048775526
loading_stiffness_g_per_rawpos_mean,LS,cultivar_aware_pls,Weijin,320,65.58577857856623,51.916713279898524,-0.041911502325963926,-0.2161253614420935,0.06708468045995805,0.05591062759831386,0.9082187736525789,1.2434395204682884,392.7783224499941,59.566235389675
loading_stiffness_g_per_rawpos_mean,LS,cultivar_aware_pls,Weiwang,478,105.71079941023471,82.36705755139786,0.02276739274403671,-0.11250748639280639,-0.15587710449910402,-0.06379243412128058,0.9490810186249871,1.1744245031975957,385.0095355439791,100.32811318392724
loading_stiffness_g_per_rawpos_mean,LS,cultivar_aware_pls,Weixin,191,85.50964634897079,67.5303182735394,0.025836350218332405,0.004531386304121421,0.13898331540213896,0.06782614501928033,1.004907522657522,1.1953714012719068,391.48410075015903,85.92928687586505
loading_stiffness_g_per_rawpos_mean,LS,cultivar_aware_pls,Zaoshu Konglongdan,264,44.46753776680222,34.999161879183745,-0.05033205610916646,-0.014555969811358205,0.27913864633834995,0.242959871188378,0.994686179736996,1.2404227001673795,293.76093089052677,44.23124526357109
loading_stiffness_g_per_rawpos_mean,LS,nested_rbf_svr,3.13,300,38.12922470895849,29.385541960839497,0.5154220000286448,0.1703226426696146,0.4152364778464924,0.2708535429340377,1.0996903504327455,1.3445765023429666,124.85734257626987,41.93034048192346
loading_stiffness_g_per_rawpos_mean,LS,nested_rbf_svr,A181,310,45.09157588992382,35.805603732873436,-0.040310939761066915,0.0826279480768205,0.28802065622950335,0.14493145221971718,1.0457523632009362,1.3617851385705277,249.08178837836505,47.154622047342194
loading_stiffness_g_per_rawpos_mean,LS,nested_rbf_svr,Cuihongli,295,76.29516783466907,61.548666312785755,0.3810659252811605,-0.005790271137561254,0.0625113362264558,0.019603627052976375,0.9988117150966095,1.424298133859926,452.8779938328694,76.20450743852949
loading_stiffness_g_per_rawpos_mean,LS,nested_rbf_svr,Fengtangli,183,85.63651216612156,67.65127742962821,-0.4018927535612215,0.047044085645635114,0.2187167313300501,0.0805811794860821,1.027196299063859,1.3835789912014584,237.8399063115445,87.9655083617772
loading_stiffness_g_per_rawpos_mean,LS,nested_rbf_svr,Fengwei Huanghou,86,60.449680696694976,48.88887764769847,-0.2370581806752473,0.14084093638620698,0.4216200245484765,0.18383986616170184,1.0851829827271393,1.5031651747004455,384.9565312665741,65.59896480334262
loading_stiffness_g_per_rawpos_mean,LS,nested_rbf_svr,Furongli,278,76.79581698318438,60.95045753545421,0.4066609967509652,0.07863892654402205,0.3483090756179466,0.09681752679234823,1.0436805343207114,1.451194965370261,315.6798602109826,80.15029930260543
loading_stiffness_g_per_rawpos_mean,LS,nested_rbf_svr,Konglongdan,778,79.67257332967948,64.06254961561235,-0.5202726524115893,0.002182590260373707,0.10876137767756208,0.04312956451006363,1.0017370816777929,1.3916689524250878,378.35104409153234,79.81097109703308
loading_stiffness_g_per_rawpos_mean,LS,nested_rbf_svr,L31,216,63.78432916034202,52.17842203280169,0.30198339129784213,0.06436866946290465,0.29643111745320716,0.08318658756384752,1.036227867152815,1.537472320951073,269.05703410785316,66.0950993635943
loading_stiffness_g_per_rawpos_mean,LS,nested_rbf_svr,Naili,144,57.28777491283261,45.596366689665665,-0.22745235480292358,0.26783718056937666,0.6379655755902729,0.31586510590088623,1.1727606672077708,1.5894178417733211,232.5996651750095,67.18484912962217
loading_stiffness_g_per_rawpos_mean,LS,nested_rbf_svr,Qingcuili,329,121.57667581500925,100.6416202037271,-0.3705840197603838,0.044308089254159855,0.23735751150612402,0.05965437812392789,1.0244766682783388,1.5712660724582546,388.45917930834497,124.55246777931637
loading_stiffness_g_per_rawpos_mean,LS,nested_rbf_svr,Weidi,681,28.258093094895205,22.87094735583921,-0.2021428537023103,0.24959711856157696,0.5071820198210295,0.44549700415317783,1.155239029723233,1.4945912715960448,109.16584574980055,32.644852048775526
loading_stiffness_g_per_rawpos_mean,LS,nested_rbf_svr,Weijin,320,60.79102050027278,48.38648944412027,0.024818639987451617,-0.04481128897585274,0.06545155260318046,0.03471276123797292,0.9798525324872235,1.3415130786446627,392.7783224499941,59.566235389675
loading_stiffness_g_per_rawpos_mean,LS,nested_rbf_svr,Weiwang,478,101.49387499179944,79.2669453719346,0.2690190395810166,-0.025519436750179425,-0.03786723679621667,-0.009413972336308786,0.9885139688679105,1.2232201508713376,385.0095355439791,100.32811318392724
loading_stiffness_g_per_rawpos_mean,LS,nested_rbf_svr,Weixin,191,85.30644347729556,67.04427921483254,-0.6726565340315754,0.009256975537316747,0.10556726284808488,0.030635098360769348,1.0073012468130296,1.1982188169131596,391.48410075015903,85.92928687586505
loading_stiffness_g_per_rawpos_mean,LS,nested_rbf_svr,Zaoshu Konglongdan,264,41.97866027525878,32.49426083933687,-0.45744163566309504,0.09583645251368367,0.3107562149306182,0.1875226991485277,1.0536602400729764,1.3139662605907616,293.76093089052677,44.23124526357109
loading_stiffness_g_per_rawpos_mean,LS,residual_cnn,3.13,300,39.118892225199815,29.84268234186033,-2.9269616254638517,0.12669412017006965,0.44099205126400254,0.4112960607475123,1.0718693218749316,1.3105601074049473,124.85734257626987,41.93034048192346
loading_stiffness_g_per_rawpos_mean,LS,residual_cnn,A181,310,45.540583297320886,36.94403023374249,-2.673277612907727,0.06426719414795745,0.3319650924660541,0.27650107370049376,1.0354417671702563,1.3483586172080448,249.08178837836505,47.154622047342194
loading_stiffness_g_per_rawpos_mean,LS,residual_cnn,Cuihongli,295,74.33452757089343,60.05515824050938,0.7035255469636125,0.04523929547743921,0.22814802969744508,0.12909647043189235,1.0251562756735442,1.4618652828029663,452.8779938328694,76.20450743852949
loading_stiffness_g_per_rawpos_mean,LS,residual_cnn,Fengtangli,183,81.33340712351894,64.58785829734124,-0.012716029344628723,0.1404071403940932,0.37754317042907054,0.22545810619798326,1.081542154359601,1.4567799788944533,237.8399063115445,87.9655083617772
loading_stiffness_g_per_rawpos_mean,LS,residual_cnn,Fengwei Huanghou,86,58.353107478268925,47.00983005653454,-7.3035642289843015,0.1994037886554373,0.4776555022626718,0.2948025754553696,1.1241726043085556,1.5571725101164953,384.9565312665741,65.59896480334262
loading_stiffness_g_per_rawpos_mean,LS,residual_cnn,Furongli,278,71.60275994118082,56.119529718727975,-1.3399618775199202,0.19903367931157145,0.4755047033688544,0.2702009788960483,1.119374439874191,1.5564442356557475,315.6798602109826,80.15029930260543
loading_stiffness_g_per_rawpos_mean,LS,residual_cnn,Konglongdan,778,76.02724955557416,60.49196561981196,-5.694434134067404,0.09140164435267983,0.31121640442818527,0.18443072001781616,1.0497679656120285,1.4583961317932053,378.35104409153234,79.81097109703308
loading_stiffness_g_per_rawpos_mean,LS,residual_cnn,L31,216,63.072174865512814,51.77223460100556,4.339735924493794,0.08514474942349826,0.30050098322014956,0.15149377299583314,1.047928020629179,1.5548320761661263,269.05703410785316,66.0950993635943
loading_stiffness_g_per_rawpos_mean,LS,residual_cnn,Naili,144,45.51493756429772,34.777456968601044,4.681801869309061,0.5378407340211373,0.753327928621724,0.6601844342647436,1.4761054881095235,2.0005346911290474,232.5996651750095,67.18484912962217
loading_stiffness_g_per_rawpos_mean,LS,residual_cnn,Qingcuili,329,117.37830502758673,97.03288120392034,-4.195847218964086,0.10917366240255377,0.3550614646374489,0.15467337141482546,1.0611200063763362,1.6274668974431312,388.45917930834497,124.55246777931637
loading_stiffness_g_per_rawpos_mean,LS,residual_cnn,Weidi,681,29.574024485453204,23.399062235651886,-3.3941265525515902,0.17807981505562742,0.5777115615976605,0.5739487782582501,1.1038352952210746,1.4280876555151611,109.16584574980055,32.644852048775526
loading_stiffness_g_per_rawpos_mean,LS,residual_cnn,Weijin,320,61.58194404482326,49.00442933205304,-8.636585060435412,-0.0721752506615434,0.17799607771096732,0.13391649239147346,0.9672678625786627,1.3242834459060442,392.7783224499941,59.566235389675
loading_stiffness_g_per_rawpos_mean,LS,residual_cnn,Weiwang,478,92.01631551713037,70.70011709934548,0.3112130763484789,0.15706534929723037,0.4252820850477511,0.21475981957660298,1.0903296075275857,1.3492102175822627,385.0095355439791,100.32811318392724
loading_stiffness_g_per_rawpos_mean,LS,residual_cnn,Weixin,191,82.827543837218,65.43421110161789,-7.451504044063235,0.06599991213356915,0.27478146715903096,0.11950684784149186,1.037448207383077,1.2340796435944104,391.48410075015903,85.92928687586505
loading_stiffness_g_per_rawpos_mean,LS,residual_cnn,Zaoshu Konglongdan,264,42.28454423989062,32.708819136923715,-0.352319753364365,0.08261179214984793,0.32609465809007854,0.2543904766546467,1.0460381224079502,1.304461104122673,293.76093089052677,44.23124526357109
loading_stiffness_g_per_rawpos_mean,LS,no_neural_b50,3.13,300,39.337331959269456,30.36177109737637,0.3200920452155207,0.11691381669348722,0.37166653429615315,0.30328313893710895,1.0659172443453675,1.3032825827970194,124.85734257626987,41.93034048192346
loading_stiffness_g_per_rawpos_mean,LS,no_neural_b50,A181,310,45.7862008977806,36.54637585976491,-0.035638934243467514,0.05414645275903407,0.2680903917246867,0.1853000361180796,1.029887195764869,1.3411254202704523,249.08178837836505,47.154622047342194
loading_stiffness_g_per_rawpos_mean,LS,no_neural_b50,Cuihongli,295,76.7393631930663,61.91748013958789,0.158723155332919,-0.0175359147166243,0.061800360726229096,0.02463397048446766,0.9930302294379069,1.4160537779816698,452.8779938328694,76.20450743852949
loading_stiffness_g_per_rawpos_mean,LS,no_neural_b50,Fengtangli,183,85.37885298200061,67.8097490446863,-0.22972649101944637,0.052769878434968054,0.23169208899081367,0.1135192625217734,1.0302962067237176,1.387754402577798,237.8399063115445,87.9655083617772
loading_stiffness_g_per_rawpos_mean,LS,no_neural_b50,Fengwei Huanghou,86,59.89271320444236,48.887995415861134,-0.07750783606030807,0.15660013206336332,0.4130063587916867,0.22403786854810354,1.0952745550100913,1.5171437389197115,384.9565312665741,65.59896480334262
loading_stiffness_g_per_rawpos_mean,LS,no_neural_b50,Furongli,278,76.46158374305367,60.70169634609436,0.18998998688218624,0.08664142915676842,0.3182850770533928,0.1208397193164397,1.0482427302571649,1.4575385116531505,315.6798602109826,80.15029930260543
loading_stiffness_g_per_rawpos_mean,LS,no_neural_b50,Konglongdan,778,81.14498151557174,65.24578678087752,-0.2783771438673248,-0.03503901215105687,0.06868854601863611,0.034355059782576775,0.983560161163107,1.3664165619589,378.35104409153234,79.81097109703308
loading_stiffness_g_per_rawpos_mean,LS,no_neural_b50,L31,216,63.59148057833133,51.97648295949178,0.15386312879189745,0.0700177813872388,0.2778380393046631,0.1034720474848401,1.0393703490230746,1.54213488509142,269.05703410785316,66.0950993635943
loading_stiffness_g_per_rawpos_mean,LS,no_neural_b50,Naili,144,53.85142544865318,42.26238136290843,-0.10222832802786404,0.35303889886567663,0.6720499873184755,0.426547591488444,1.2475964855133181,1.69084125078118,232.5996651750095,67.18484912962217
loading_stiffness_g_per_rawpos_mean,LS,no_neural_b50,Qingcuili,329,121.04036705869623,99.99582583343583,-0.15765752751916265,0.052721141261372284,0.23640640982375447,0.08249790220856491,1.0290159457209596,1.5782280783876343,388.45917930834497,124.55246777931637
loading_stiffness_g_per_rawpos_mean,LS,no_neural_b50,Weidi,681,29.589672191594737,23.940849565623846,-0.025603227478600755,0.17720982402867091,0.5142456497147022,0.5029850452879262,1.103251561470446,1.4273324495827278,109.16584574980055,32.644852048775526
loading_stiffness_g_per_rawpos_mean,LS,no_neural_b50,Weijin,320,62.49878849629406,49.76690902546207,-0.008546431169256685,-0.10433843192897352,0.06868186535044606,0.0472738656858943,0.9530782407599316,1.3048564784596979,392.7783224499941,59.566235389675
loading_stiffness_g_per_rawpos_mean,LS,no_neural_b50,Weiwang,478,103.44680206382023,80.69071633130523,0.14589321616252618,-0.06536485780013179,-0.11557515722324566,-0.037128105733358174,0.9698522446545138,1.2001275109828256,385.0095355439791,100.32811318392724
loading_stiffness_g_per_rawpos_mean,LS,no_neural_b50,Weixin,191,85.16637039583713,67.08518675383691,-0.32341009190661857,0.012507902134425541,0.13074615965932396,0.049906647246246515,1.008957954606754,1.2001895267269793,391.48410075015903,85.92928687586505
loading_stiffness_g_per_rawpos_mean,LS,no_neural_b50,Zaoshu Konglongdan,264,42.65215707894454,33.527270135421325,-0.2538868458861298,0.06659129803602193,0.2982891339032232,0.2225180496304864,1.0370224695014563,1.2932181405127816,293.76093089052677,44.23124526357109
loading_stiffness_g_per_rawpos_mean,LS,cultivar_mean_null,3.13,300,41.956548132290784,33.16156255378171,7.673861546209083e-15,-0.004599111008481982,-0.09042232770954745,-0.004086010672354832,0.9993753620940242,1.2219227243044712,124.85734257626987,41.93034048192346
loading_stiffness_g_per_rawpos_mean,LS,cultivar_mean_null,A181,310,47.231762888642564,37.85833606573854,-3.7406636927757533e-14,-0.006521344496940529,-0.10767312258820294,-0.005792553415464933,0.998366759219167,1.300079314557809,249.08178837836505,47.154622047342194
loading_stiffness_g_per_rawpos_mean,LS,cultivar_mean_null,Cuihongli,295,76.36667667473279,61.49162121761988,-1.849819732419515e-14,-0.007676540035274515,-0.11682115512582689,-0.006817775928036984,0.9978764397867669,1.4229644381710191,452.8779938328694,76.20450743852949
loading_stiffness_g_per_rawpos_mean,LS,cultivar_mean_null,Fengtangli,183,88.16285623747012,69.36198663951778,-0.028251973106455414,-0.010011157455312558,-0.13322731824217965,-0.008886406716150297,0.9977615530608337,1.343931947867821,237.8399063115445,87.9655083617772
loading_stiffness_g_per_rawpos_mean,LS,cultivar_mean_null,Fengwei Huanghou,86,65.45068303055926,53.26363972596592,-0.019271884773471873,-0.007195831881008807,-0.11355031393971173,-0.006396164800580857,1.0022655496614776,1.3883102610649292,384.9565312665741,65.59896480334262
loading_stiffness_g_per_rawpos_mean,LS,cultivar_mean_null,Furongli,278,80.10323690144028,64.0405128429721,-0.00543027544080296,-0.002431861058162177,-0.06576830917908832,-0.0021611749030477512,1.0005875218403852,1.3912758994323402,315.6798602109826,80.15029930260543
loading_stiffness_g_per_rawpos_mean,LS,cultivar_mean_null,Konglongdan,778,79.84421843019533,64.82335667709702,-0.0026532364903497888,-0.002121399265068158,-0.061468405934452866,-0.001885592450500042,0.9995835974875086,1.3886772122349997,378.35104409153234,79.81097109703308
loading_stiffness_g_per_rawpos_mean,LS,cultivar_mean_null,L31,216,66.02209768640269,53.708131951032875,0.008162031701150728,-0.0024331249000488775,-0.06562406759936175,-0.0021612238084018284,1.0011057158095515,1.4853608720562534,269.05703410785316,66.0950993635943
loading_stiffness_g_per_rawpos_mean,LS,cultivar_mean_null,Naili,144,67.40724297128226,55.03551741382373,0.0031576908953690167,-0.013670694058107724,-0.15516183699770916,-0.012121673915606567,0.9967007426523165,1.3508075326674072,232.5996651750095,67.18484912962217
loading_stiffness_g_per_rawpos_mean,LS,cultivar_mean_null,Qingcuili,329,124.3814535708724,103.44187943516852,0.002453862741041013,-0.0002962403804909197,-0.022940173847285673,-0.00026329588772379007,1.001374917268888,1.5358343259876104,388.45917930834497,124.55246777931637
loading_stiffness_g_per_rawpos_mean,LS,cultivar_mean_null,Weidi,681,32.756317529916224,26.22387705592239,0.0012782729195020296,-0.00832128429405099,-0.1216910726406722,-0.00739063378584754,0.9965971302775748,1.2893482075024583,109.16584574980055,32.644852048775526
loading_stiffness_g_per_rawpos_mean,LS,cultivar_mean_null,Weijin,320,59.597094186322565,47.80825891336835,-2.0605739337042905e-14,-0.004174430550321295,-0.08614644430989295,-0.003708884657905006,0.999482209710576,1.3683880091588052,392.7783224499941,59.566235389675
loading_stiffness_g_per_rawpos_mean,LS,cultivar_mean_null,Weiwang,478,100.506243170063,78.4247115803092,0.013688777998791448,-0.005657987905191453,-0.100424347656426,-0.005027471023669179,0.9982276724259372,1.2352402115947856,385.0095355439791,100.32811318392724
loading_stiffness_g_per_rawpos_mean,LS,cultivar_mean_null,Weixin,191,86.2216919413874,68.40403057232064,0.03438824229743202,-0.012116331591529583,-0.14582155776714925,-0.010741376172118223,0.9966086832798279,1.1854996518500194,391.48410075015903,85.92928687586505
loading_stiffness_g_per_rawpos_mean,LS,cultivar_mean_null,Zaoshu Konglongdan,264,44.42685274163023,34.79595105763693,-0.009946472007583501,-0.012700308167218788,-0.1505018335514714,-0.01127686360676475,0.9955970890128834,1.2415586489385813,293.76093089052677,44.23124526357109
loading_stiffness_g_per_rawpos_mean,LS,plumspectra_corrected,3.13,300,37.312526434805314,28.344848730227373,-1.2057698127176042,0.2054840854294463,0.45656881688839973,0.36625340051907246,1.1237604227949203,1.3740066539262186,124.85734257626987,41.93034048192346
loading_stiffness_g_per_rawpos_mean,LS,plumspectra_corrected,A181,310,44.416682984539015,35.90138577366598,-1.3567942763343965,0.10988335371355318,0.33589986135882977,0.2237363607083552,1.0616421326139152,1.382476893715765,249.08178837836505,47.154622047342194
loading_stiffness_g_per_rawpos_mean,LS,plumspectra_corrected,Cuihongli,295,74.8221984175098,60.435342356375536,0.5422957361223861,0.03267080846131298,0.18425652904075612,0.07710657245162912,1.0184745844182013,1.4523372403879928,452.8779938328694,76.20450743852949
loading_stiffness_g_per_rawpos_mean,LS,plumspectra_corrected,Fengtangli,183,82.95986881457819,65.47880285650699,-0.20730439145292603,0.10568404000665166,0.33732165777594214,0.1572468948940089,1.0603380841691903,1.4282192197969465,237.8399063115445,87.9655083617772
loading_stiffness_g_per_rawpos_mean,LS,plumspectra_corrected,Fengwei Huanghou,86,58.776610935215984,47.7597537028047,-3.7703112048297722,0.18774080646288394,0.48867578845073256,0.2453672375571446,1.1160725968982168,1.5459526059640742,384.9565312665741,65.59896480334262
loading_stiffness_g_per_rawpos_mean,LS,plumspectra_corrected,Furongli,278,73.6890489096616,58.01980484379317,-0.46665044038447784,0.15167819067042565,0.46106411168225736,0.18896929978648525,1.0876826406168567,1.5123780889629745,315.6798602109826,80.15029930260543
loading_stiffness_g_per_rawpos_mean,LS,plumspectra_corrected,Konglongdan,778,77.05263104684711,61.7257983238221,-3.107353393239495,0.06672779114190552,0.26230298432978283,0.11830171075519214,1.0357981293138312,1.438988457062726,378.35104409153234,79.81097109703308
loading_stiffness_g_per_rawpos_mean,LS,plumspectra_corrected,L31,216,62.95740433847422,51.54012008402574,2.320859657895817,0.08847118895960271,0.33456269322827853,0.11984496914436317,1.049838379744042,1.5576665147633515,269.05703410785316,66.0950993635943
loading_stiffness_g_per_rawpos_mean,LS,plumspectra_corrected,Naili,144,50.033378083384086,39.147556340301584,2.2271747572530702,0.4415254150349215,0.7379168368206052,0.5252800669047673,1.342800580397629,1.8198693562166055,232.5996651750095,67.18484912962217
loading_stiffness_g_per_rawpos_mean,LS,plumspectra_corrected,Qingcuili,329,119.12585724809995,98.44662286633788,-2.2832156193622337,0.08245059350223949,0.32815010873311473,0.10862380839898168,1.045553590602203,1.6035922873782884,388.45917930834497,124.55246777931637
loading_stiffness_g_per_rawpos_mean,LS,plumspectra_corrected,Weidi,681,27.33557617408983,21.74082995587781,-1.7981347031269501,0.2977928382399959,0.5742782026598593,0.5490778794582064,1.194225863061124,1.5450305134453628,109.16584574980055,32.644852048775526
loading_stiffness_g_per_rawpos_mean,LS,plumspectra_corrected,Weijin,320,60.29416424060007,48.18594905572091,-4.30588321022398,-0.02780221136097616,0.1442343049126506,0.09002176367753092,0.9879270430216046,1.3525678661013332,392.7783224499941,59.566235389675
loading_stiffness_g_per_rawpos_mean,LS,plumspectra_corrected,Weiwang,478,96.00706694189849,74.45956363160983,0.2901160579647501,0.08236360090949202,0.32946585028063446,0.10746508899247516,1.045007585167077,1.293127235676497,385.0095355439791,100.32811318392724
loading_stiffness_g_per_rawpos_mean,LS,plumspectra_corrected,Weixin,191,83.59380272787791,65.99738435086073,-4.062080289047404,0.04863862542046293,0.23552648782035746,0.07670793185724967,1.027938484334656,1.2227675071940014,391.48410075015903,85.92928687586505
loading_stiffness_g_per_rawpos_mean,LS,plumspectra_corrected,Zaoshu Konglongdan,264,41.64971016307398,32.3550086099169,-0.4048806945137313,0.10995121318386658,0.3358436333552127,0.2266432142795084,1.0619820663910853,1.3243439882420713,293.76093089052677,44.23124526357109
loading_stiffness_g_per_rawpos_mean,LS,plumspectra_fixed_gate_sensitivity,3.13,300,37.26112997800199,28.338220310972197,-0.9118702937863195,0.20767140332583656,0.4599017392618378,0.37547693465208043,1.1253104912995944,1.375901901699909,124.85734257626987,41.93034048192346
loading_stiffness_g_per_rawpos_mean,LS,plumspectra_fixed_gate_sensitivity,A181,310,44.21019228040605,35.75168859290503,-1.2558299007671045,0.11814032207860192,0.3469519925842848,0.2329641733655369,1.0666007003150066,1.3889339709756947,249.08178837836505,47.154622047342194
loading_stiffness_g_per_rawpos_mean,LS,plumspectra_fixed_gate_sensitivity,Cuihongli,295,74.21992915939724,59.95531540912955,0.1759137645211787,0.04818085504995584,0.21974411608441585,0.09593097595195381,1.0267391562025088,1.4641224587546013,452.8779938328694,76.20450743852949
loading_stiffness_g_per_rawpos_mean,LS,plumspectra_fixed_gate_sensitivity,Fengtangli,183,82.39026744003023,65.01405695247561,-0.474996648187067,0.11792260373915331,0.36028071288718033,0.17038904456161522,1.067668683389152,1.4380931485512656,237.8399063115445,87.9655083617772
loading_stiffness_g_per_rawpos_mean,LS,plumspectra_fixed_gate_sensitivity,Fengwei Huanghou,86,58.15133051625481,46.98975119679347,-4.151997378241681,0.20493091766665006,0.5198367752943812,0.2626175695090806,1.128073325596669,1.562575680355831,384.9565312665741,65.59896480334262
loading_stiffness_g_per_rawpos_mean,LS,plumspectra_fixed_gate_sensitivity,Furongli,278,72.9515953985928,57.27898631379418,-0.01605346555686067,0.16857262821817198,0.4947841738098355,0.20651461415550224,1.0986778132086128,1.5276664253684422,315.6798602109826,80.15029930260543
loading_stiffness_g_per_rawpos_mean,LS,plumspectra_fixed_gate_sensitivity,Konglongdan,778,76.39724734465213,60.92339502714123,-3.5097045550971835,0.082536469881198,0.29468261575353005,0.13648641699657665,1.0446838580057807,1.4513330063126622,378.35104409153234,79.81097109703308
loading_stiffness_g_per_rawpos_mean,LS,plumspectra_fixed_gate_sensitivity,L31,216,62.89863655560658,51.70162612663434,3.530379942115945,0.09017213346181385,0.33775618547846553,0.1251656895840586,1.0508192702263401,1.5591218818830963,269.05703410785316,66.0950993635943
loading_stiffness_g_per_rawpos_mean,LS,plumspectra_fixed_gate_sensitivity,Naili,144,48.63131564360717,38.269372218649416,2.9364158668056177,0.47238662073367177,0.7583787814702735,0.5589502725118811,1.3815141178162627,1.8723369984319918,232.5996651750095,67.18484912962217
loading_stiffness_g_per_rawpos_mean,LS,plumspectra_fixed_gate_sensitivity,Qingcuili,329,118.84781728093745,98.07816530274438,-2.725755650911468,0.0867287190549556,0.33800656776597965,0.11385106678369054,1.047999623627029,1.6073438307984822,388.45917930834497,124.55246777931637
loading_stiffness_g_per_rawpos_mean,LS,plumspectra_fixed_gate_sensitivity,Weidi,681,27.01355019771661,21.37449793425907,-2.2105306672738254,0.3142400492036159,0.58373932212725,0.5547335089364425,1.208462116598614,1.5634486760332893,109.16584574980055,32.644852048775526
loading_stiffness_g_per_rawpos_mean,LS,plumspectra_fixed_gate_sensitivity,Weijin,320,59.689415458234414,47.802223673802345,-5.214343336924791,-0.00728795369785562,0.17577791918610047,0.1089725063498286,0.9979363163868541,1.3662715313795437,392.7783224499941,59.566235389675
loading_stiffness_g_per_rawpos_mean,LS,plumspectra_fixed_gate_sensitivity,Weiwang,478,93.78163364973094,72.993659762088,0.5489537514330466,0.12441197052488095,0.4254678889176562,0.15420419946449151,1.069805560848375,1.3238130777682584,385.0095355439791,100.32811318392724
loading_stiffness_g_per_rawpos_mean,LS,plumspectra_fixed_gate_sensitivity,Weixin,191,83.47147256438656,65.7279473819119,-5.484087827230602,0.05142100961668561,0.25200533851734086,0.07952967063110682,1.0294449616853545,1.224559512827442,391.48410075015903,85.92928687586505
loading_stiffness_g_per_rawpos_mean,LS,plumspectra_fixed_gate_sensitivity,Zaoshu Konglongdan,264,41.61730483136525,32.17267418146784,-0.7293008215471567,0.11133566967842135,0.33711420217415283,0.2248146290864789,1.0628089791685842,1.3253751892390928,293.76093089052677,44.23124526357109
loading_work_g_rawpos_mean,LW,global_pls,3.13,300,897.5386079120872,823.719593283887,814.3838331285795,-7.126415118422857,0.38160945574133104,0.09703958045059535,0.3513787806932155,0.4322605838408159,806.4310554719218,315.3760216732352
loading_work_g_rawpos_mean,LW,global_pls,A181,310,578.6659557271378,478.3199064969297,278.0960018642198,-0.9912945019413233,0.011208006598401182,0.0082642232778174,0.7097965104124886,0.991462587792738,1807.9344569951188,410.73507606963
loading_work_g_rawpos_mean,LW,global_pls,Cuihongli,295,451.95547384878637,368.8021258157218,-17.286036830665072,-1.058472603636885,-0.09675684075180574,-0.09638489997459601,0.6981758093183548,0.8795489107501356,2337.5486069896565,315.54437873023693
loading_work_g_rawpos_mean,LW,global_pls,Fengtangli,183,831.0967454445442,677.4906293697035,124.16598853769392,0.0073668689187229575,0.22726721923449017,0.14689068366416957,1.006457562766255,1.5642444366833528,1837.5844288051373,836.4636048430827
loading_work_g_rawpos_mean,LW,global_pls,Fengwei Huanghou,86,492.016017660096,374.3903949101716,-116.77691757128672,0.024889836143094035,0.329486591726327,0.25218806558943896,1.0186216936721395,1.3133483646210093,2345.3043307604266,501.17818922274824
loading_work_g_rawpos_mean,LW,global_pls,Furongli,278,827.9502742284558,657.5297373498913,-554.0405590501274,-0.44934814117394506,0.4477418982182633,0.2273809975974469,0.8321395323936097,1.0544976137602404,2774.477261504138,688.9701540416281
loading_work_g_rawpos_mean,LW,global_pls,Konglongdan,778,704.2855328830191,563.2335957470623,-191.85187251540742,-0.026449946554923054,0.2685375500267041,0.17952712236324056,0.9876666760235792,1.5320670727364787,2440.7292755473018,695.5993512340666
loading_work_g_rawpos_mean,LW,global_pls,L31,216,565.0168701525077,485.2875613941355,449.21525642025045,-2.2734268813833327,0.22409267564427682,0.09070633593945585,0.5539956100943297,0.7524589993052583,1682.3926782629776,313.0168656937272
loading_work_g_rawpos_mean,LW,global_pls,Naili,144,638.0336679646232,481.1109027100581,-277.84826266409414,-0.4857684510854434,0.14846613418509572,0.11086596044091657,0.8232612254519387,0.9986516175730704,2583.9293904053566,525.268379368151
loading_work_g_rawpos_mean,LW,global_pls,Qingcuili,329,799.2209591279204,634.2960326574544,-448.22661501588567,-0.7374912767244373,0.12464892402401893,0.07671720407014916,0.7598007373803681,1.1431055910892922,2311.88137304078,607.248674075239
loading_work_g_rawpos_mean,LW,global_pls,Weidi,681,462.6535323360686,374.10607564900965,272.07757798843136,-0.9840041077982651,0.3637382430706878,0.2721239108098939,0.7104733892700442,0.8721057973884461,1109.6612091969725,328.70302317656467
loading_work_g_rawpos_mean,LW,global_pls,Weijin,320,465.8975085612487,375.67038652416693,97.6303070524327,-0.2835944778575785,0.24485236961520068,0.22950236888241826,0.8840274033320146,1.0979879112396609,1997.4240574046307,411.8661647122557
loading_work_g_rawpos_mean,LW,global_pls,Weiwang,478,739.4106047939991,589.8595545235466,-89.74935994673731,-0.018763531867851624,0.1773212203987327,0.11271679896780655,0.9917862057237494,1.3988659787438917,2567.436302769982,733.3372382005432
loading_work_g_rawpos_mean,LW,global_pls,Weixin,191,577.7704935625136,455.2770576346798,-181.66875538463154,-0.4313719156389013,0.04697281487730638,0.03712193604396058,0.8380378562317576,1.215529446940087,2264.201339532887,484.1935458190934
loading_work_g_rawpos_mean,LW,global_pls,Zaoshu Konglongdan,264,685.6756302888779,526.1267717309292,-325.7929001659667,-0.946568946135391,-0.08749237435021168,-0.060031097479601614,0.7181070556153787,0.9422178500375095,2224.535589009697,492.3885079739651
loading_work_g_rawpos_mean,LW,cultivar_aware_pls,3.13,300,323.34793764116495,253.08386733856386,1.622594244353025,-0.05470964157931357,0.12066748422901297,0.08073191406437605,0.9753457033742501,1.199854761734407,806.4310554719218,315.3760216732352
loading_work_g_rawpos_mean,LW,cultivar_aware_pls,A181,310,446.2355789165337,365.0938097895675,-0.7373230041735981,-0.18415354062576683,-0.18112304167734508,-0.09538792134567387,0.920444481515572,1.285701259692918,1807.9344569951188,410.73507606963
loading_work_g_rawpos_mean,LW,cultivar_aware_pls,Cuihongli,295,332.3732303857982,266.4745417339519,-0.2434956001364838,-0.11328374003578046,-0.05577236619637511,-0.029436476824428577,0.9493676081072252,1.1959956711009743,2337.5486069896565,315.54437873023693
loading_work_g_rawpos_mean,LW,cultivar_aware_pls,Fengtangli,183,822.5472080269058,692.6349933953026,-0.530963649197693,0.027684367021538425,0.16716697429697225,0.049371988921098765,1.0169186603277873,1.5805031586281237,1837.5844288051373,836.4636048430827
loading_work_g_rawpos_mean,LW,cultivar_aware_pls,Fengwei Huanghou,86,481.67540497975733,384.6058159785709,-0.547487005673678,0.0654465553445287,0.2571200823315959,0.11293480754092933,1.0404894749479903,1.3415433411809456,2345.3043307604266,501.17818922274824
loading_work_g_rawpos_mean,LW,cultivar_aware_pls,Furongli,278,678.563226685347,534.0383100848695,-0.8018121671829799,0.02648006356135002,0.1658796521381774,0.04358155612873472,1.0153367098997053,1.2866473663048805,2774.477261504138,688.9701540416281
loading_work_g_rawpos_mean,LW,cultivar_aware_pls,Konglongdan,778,704.2398711446264,587.746499053725,-0.6099388998044675,-0.02631685289511232,0.006616447462468534,0.0021739383576922858,0.9877307146831718,1.532166409409595,2440.7292755473018,695.5993512340666
loading_work_g_rawpos_mean,LW,cultivar_aware_pls,L31,216,318.2537620728583,254.66716595273513,-0.570467362113556,-0.038548796126797846,0.04544717279171568,0.021157512010595486,0.9835449034599874,1.3358900329612264,1682.3926782629776,313.0168656937272
loading_work_g_rawpos_mean,LW,cultivar_aware_pls,Naili,144,541.066580149212,397.0770270388858,-0.4536734314550633,-0.06847744621359597,-0.0045422567351433435,-0.0021913929624913626,0.9708017435179527,1.1776246731099795,2583.9293904053566,525.268379368151
loading_work_g_rawpos_mean,LW,cultivar_aware_pls,Qingcuili,329,609.4131441440876,500.96473847522367,0.6119668823737502,-0.010212034760384014,0.08032898826983143,0.03223099983344617,0.9964482714400777,1.4991372530666411,2311.88137304078,607.248674075239
loading_work_g_rawpos_mean,LW,cultivar_aware_pls,Weidi,681,331.50468511167867,253.90368712029502,1.1225120618310838,-0.018615178979393576,0.19638473589667954,0.14377740830583505,0.991548650559282,1.2171255667068517,1109.6612091969725,328.70302317656467
loading_work_g_rawpos_mean,LW,cultivar_aware_pls,Weijin,320,450.3618082550593,353.40023230440136,-0.8516218467576977,-0.19941692375523368,-0.14575297595204545,-0.08547219438800846,0.9145228506565506,1.135864149446737,1997.4240574046307,411.8661647122557
loading_work_g_rawpos_mean,LW,cultivar_aware_pls,Weiwang,478,742.9050502720434,595.8728070641695,0.08067618622622055,-0.02841561390294922,-0.03878636506479835,-0.010225178717440652,0.9871210835516645,1.3922860518851075,2567.436302769982,733.3372382005432
loading_work_g_rawpos_mean,LW,cultivar_aware_pls,Weixin,191,492.2157866442824,410.2221645727948,-0.018178630686296195,-0.038850016891632144,0.0025752348523221183,0.0009890855734683726,0.9837017807171907,1.4268072409589,2264.201339532887,484.1935458190934
loading_work_g_rawpos_mean,LW,cultivar_aware_pls,Zaoshu Konglongdan,264,508.1818734788754,400.1739945278286,-0.4520136179539701,-0.06922893245412598,-0.0433880782939004,-0.018455119493415176,0.9689218243917415,1.2713082695594347,2224.535589009697,492.3885079739651
loading_work_g_rawpos_mean,LW,nested_rbf_svr,3.13,300,307.9794065135129,236.9055828762526,1.162239514262548,0.04316714141534461,0.21013970692354986,0.09587164538253314,1.0240165900813167,1.2597289119677855,806.4310554719218,315.3760216732352
loading_work_g_rawpos_mean,LW,nested_rbf_svr,A181,310,414.0318295639424,334.01887818259655,-0.6059210258940795,-0.01940577351643058,0.04454397330664161,0.016400037708340903,0.9920374394940009,1.3857042018654286,1807.9344569951188,410.73507606963
loading_work_g_rawpos_mean,LW,nested_rbf_svr,Cuihongli,295,324.25194564197284,261.8328067220963,-1.7340769874842146,-0.059543938543399566,-0.06355313563937431,-0.023141686072893883,0.9731456756735996,1.2259508387659304,2337.5486069896565,315.54437873023693
loading_work_g_rawpos_mean,LW,nested_rbf_svr,Fengtangli,183,840.918439714279,706.5253261865121,-0.7161388226685745,-0.016233143521876325,-0.03837947005651106,-0.007203121007609253,0.9947024174274144,1.5459744952780277,1837.5844288051373,836.4636048430827
loading_work_g_rawpos_mean,LW,nested_rbf_svr,Fengwei Huanghou,86,502.0735373725424,399.7585868980265,0.13413120049419514,-0.015382943266520233,0.041550609831441786,0.013909569569221363,0.9982166991821961,1.2870394156658211,2345.3043307604266,501.17818922274824
loading_work_g_rawpos_mean,LW,nested_rbf_svr,Furongli,278,678.0017184897162,533.2304790235805,-4.315899015232262,0.028090564191294187,0.22417748342786223,0.03362708627425899,1.0161775925529286,1.287712943310609,2774.477261504138,688.9701540416281
loading_work_g_rawpos_mean,LW,nested_rbf_svr,Konglongdan,778,691.2013660002019,575.4736258843541,-1.6601639869932208,0.011334414273296955,0.10727150787063161,0.025419953263507475,1.0063628132845204,1.5610684929323806,2440.7292755473018,695.5993512340666
loading_work_g_rawpos_mean,LW,nested_rbf_svr,L31,216,316.7401929485635,252.7694605180329,-0.5656031922642005,-0.02869390875702127,0.06263808089536853,0.028769046455849157,0.9882448538653226,1.3422736936154702,1682.3926782629776,313.0168656937272
loading_work_g_rawpos_mean,LW,nested_rbf_svr,Naili,144,524.2029327044372,388.3273828447853,-2.6181054582738676,-0.0029120104693918236,0.056840646297417134,0.015078085026990328,1.002032508017872,1.2155089466815505,2583.9293904053566,525.268379368151
loading_work_g_rawpos_mean,LW,nested_rbf_svr,Qingcuili,329,610.0426263668318,498.9254728569926,-1.7540741470252312,-0.012300072897725611,0.001826057913588995,0.00040645971551269794,0.9954200703838806,1.4975903443598197,2311.88137304078,607.248674075239
loading_work_g_rawpos_mean,LW,nested_rbf_svr,Weidi,681,318.68645827336434,244.48255762943378,1.0248851751171975,0.058635055194357855,0.2422892232313302,0.10774668643500318,1.0314307829628842,1.2660808680688496,1109.6612091969725,328.70302317656467
loading_work_g_rawpos_mean,LW,nested_rbf_svr,Weijin,320,416.6977397675101,326.45528874340147,-1.4817895656463917,-0.026808259902959097,0.05015455349257325,0.021166823354008095,0.9884050845633333,1.2276280465604124,1997.4240574046307,411.8661647122557
loading_work_g_rawpos_mean,LW,nested_rbf_svr,Weiwang,478,724.3140144569295,580.7810539219372,1.8628056429845068,0.022412101474800328,0.15821631377278708,0.033502535535316395,1.012457613084263,1.428021988700974,2567.436302769982,733.3372382005432
loading_work_g_rawpos_mean,LW,nested_rbf_svr,Weixin,191,487.66625304061887,403.424224516956,-0.9492171644413709,-0.01973465833266519,0.023692442961010172,0.007661157352706935,0.9928789265201908,1.4401182040370697,2264.201339532887,484.1935458190934
loading_work_g_rawpos_mean,LW,nested_rbf_svr,Zaoshu Konglongdan,264,496.3840109655598,390.266084629928,0.18116212979486357,-0.02015915165436466,0.01509954801918532,0.004651953541979709,0.9919507822505751,1.3015242310831108,2224.535589009697,492.3885079739651
loading_work_g_rawpos_mean,LW,residual_cnn,3.13,300,318.64929753525826,242.9667063269273,-41.94905910782503,-0.024279913984158297,0.192302001596383,0.13083426386623612,0.9897276539212804,1.217547208409657,806.4310554719218,315.3760216732352
loading_work_g_rawpos_mean,LW,residual_cnn,A181,310,425.33850378552756,340.96312222798406,-48.24810176221483,-0.075843319830881,-0.010080787225226796,-0.004501362793864373,0.9656663396661094,1.3488683503294614,1807.9344569951188,410.73507606963
loading_work_g_rawpos_mean,LW,residual_cnn,Cuihongli,295,322.88409161718204,258.53985509395807,10.933854359680968,-0.05062343997783403,0.08870989063558551,0.052491660148923584,0.9772682734222558,1.2311444108016496,2337.5486069896565,315.54437873023693
loading_work_g_rawpos_mean,LW,residual_cnn,Fengtangli,183,814.92621985892,680.2920378181524,16.92888532522734,0.045618118695225696,0.23021228776894634,0.06611164485672995,1.0264286317697462,1.5952836327101263,1837.5844288051373,836.4636048430827
loading_work_g_rawpos_mean,LW,residual_cnn,Fengwei Huanghou,86,481.1037243354899,384.24161363520074,-21.802576364589356,0.06766360467123145,0.2862052175803874,0.09708893719647359,1.0417258563420717,1.3431374555533886,2345.3043307604266,501.17818922274824
loading_work_g_rawpos_mean,LW,residual_cnn,Furongli,278,668.524412760039,523.315531469572,-42.19103708251493,0.055071927259081055,0.26428250485119537,0.08184330300389128,1.0305833876689376,1.3059681468946216,2774.477261504138,688.9701540416281
loading_work_g_rawpos_mean,LW,residual_cnn,Konglongdan,778,675.8246591167969,556.952497535815,-53.39119746368229,0.05483352314517176,0.25136362936550666,0.0969554332106444,1.029260092615017,1.596586718432039,2440.7292755473018,695.5993512340666
loading_work_g_rawpos_mean,LW,residual_cnn,L31,216,320.11666591718483,259.392958108857,-3.7113812038412823,-0.050742706925491765,0.02041303096534275,0.009478573863880313,0.9778212102668394,1.3281158838994442,1682.3926782629776,313.0168656937272
loading_work_g_rawpos_mean,LW,residual_cnn,Naili,144,535.0124063392545,391.69694116474733,1.6903371850750029,-0.04470012223654729,0.0457805490166778,0.022453853188728917,0.9817872878167899,1.1909506154048226,2583.9293904053566,525.268379368151
loading_work_g_rawpos_mean,LW,residual_cnn,Qingcuili,329,595.9617222273833,488.4775534369591,-27.343486277545075,0.033892092278802965,0.1898830343482683,0.07331735924901904,1.0189390550213042,1.5329742042498153,2311.88137304078,607.248674075239
loading_work_g_rawpos_mean,LW,residual_cnn,Weidi,681,315.8316401780173,241.04670901772323,-0.8741518443331187,0.07542515420929896,0.29308079587453467,0.20042199871837088,1.0407539377349668,1.2775250367730946,1109.6612091969725,328.70302317656467
loading_work_g_rawpos_mean,LW,residual_cnn,Weijin,320,430.4639356925507,332.1456827780406,-52.81528436739861,-0.0957730328798847,-0.004129612977747702,-0.0020957209612347785,0.9567959835000485,1.188368617812133,1997.4240574046307,411.8661647122557
loading_work_g_rawpos_mean,LW,residual_cnn,Weiwang,478,676.7511183285326,535.1604389664387,-41.72506676025717,0.14658552548882764,0.45988141868169463,0.1856760570995587,1.0836143721664906,1.5283851202542766,2567.436302769982,733.3372382005432
loading_work_g_rawpos_mean,LW,residual_cnn,Weixin,191,477.43273908088617,396.28188693690424,-12.92088585718198,0.02261387973827289,0.15657135825530488,0.05766334258369266,1.0141607522584701,1.470986363126976,2264.201339532887,484.1935458190934
loading_work_g_rawpos_mean,LW,residual_cnn,Zaoshu Konglongdan,264,502.0208376037632,394.9329272282745,29.299493525793906,-0.04346010667593747,-0.0018309615914520877,-0.000695140782857991,0.9808128888119964,1.2869103626806462,2224.535589009697,492.3885079739651
loading_work_g_rawpos_mean,LW,no_neural_b50,3.13,300,311.90018844714126,242.30492888585547,1.3924168793077827,0.01864983502368167,0.17332057534148143,0.0899889215323975,1.011144056191178,1.243893325641586,806.4310554719218,315.3760216732352
loading_work_g_rawpos_mean,LW,no_neural_b50,A181,310,427.2336723300132,347.35081118939416,-0.6716220150338373,-0.08545188686281047,-0.10457353857636796,-0.041309195471414296,0.9613827342531209,1.3428848966979743,1807.9344569951188,410.73507606963
loading_work_g_rawpos_mean,LW,no_neural_b50,Cuihongli,295,326.06330059730965,261.77284587872634,-0.9887862938103384,-0.0714147741124802,-0.0668799384870496,-0.026736126561308752,0.9677396326179509,1.2191404061820423,2337.5486069896565,315.54437873023693
loading_work_g_rawpos_mean,LW,no_neural_b50,Fengtangli,183,830.1105646271906,699.0066503062989,-0.6235512359331163,0.009721191604626478,0.09910044011485039,0.021361256748902678,1.0076532458284582,1.566102776912768,1837.5844288051373,836.4636048430827
loading_work_g_rawpos_mean,LW,no_neural_b50,Fengwei Huanghou,86,490.10759866010125,392.18220143829865,-0.20667790258976257,0.03243962987073534,0.18017422121986396,0.06444685644476203,1.022588081867967,1.3184623823989567,2345.3043307604266,501.17818922274824
loading_work_g_rawpos_mean,LW,no_neural_b50,Furongli,278,677.2942313093002,532.9607308772763,-2.5588555912076143,0.03011785907610698,0.2064995955057638,0.03874266902095086,1.017239070100681,1.289058060923211,2774.477261504138,688.9701540416281
loading_work_g_rawpos_mean,LW,no_neural_b50,Konglongdan,778,696.1698620220358,580.5519865004271,-1.1350514433988488,-0.00293012902866141,0.053828771391857044,0.01377824986428725,0.9991805005946219,1.5499273002148206,2440.7292755473018,695.5993512340666
loading_work_g_rawpos_mean,LW,no_neural_b50,L31,216,315.3297480964553,252.38173422899416,-0.5680352771888693,-0.01955275399407075,0.061678215656370265,0.025295696625933357,0.9926651943982759,1.3482775769557158,1682.3926782629776,313.0168656937272
loading_work_g_rawpos_mean,LW,no_neural_b50,Naili,144,529.2358132431749,390.367998860096,-1.5358894448644504,-0.022262406130023615,0.01918862519293508,0.006326558535108222,0.9925034667425258,1.2039498058045817,2583.9293904053566,525.268379368151
loading_work_g_rawpos_mean,LW,no_neural_b50,Qingcuili,329,607.3942683065908,497.7693772742538,-0.5710536323257225,-0.003529821054949922,0.0593821239605274,0.016685073659287328,0.9997602969949689,1.5041201317917658,2311.88137304078,607.248674075239
loading_work_g_rawpos_mean,LW,no_neural_b50,Weidi,681,320.60952577312787,245.35726744708094,1.073698618474138,0.04723971468971111,0.23080608548346682,0.12999635206347918,1.0252440952399025,1.2584867113962295,1109.6612091969725,328.70302317656467
loading_work_g_rawpos_mean,LW,no_neural_b50,Weijin,320,429.2072120234006,335.5253060302292,-1.1667057062020405,-0.08938423410049223,-0.07825895088398253,-0.034293468203791706,0.9595974931795893,1.1918481748369072,1997.4240574046307,411.8661647122557
loading_work_g_rawpos_mean,LW,no_neural_b50,Weiwang,478,732.5158652330048,587.4003745805198,0.9717409146053656,0.0001470991871530547,0.0545197413591565,0.011604323851985865,1.001121303996982,1.4120326786912119,2567.436302769982,733.3372382005432
loading_work_g_rawpos_mean,LW,no_neural_b50,Weixin,191,488.03856586099255,405.47257921004274,-0.48369789756383713,-0.02129230236358204,0.013869724692258932,0.00433889928102948,0.9921214831964851,1.4390195726834785,2264.201339532887,484.1935458190934
loading_work_g_rawpos_mean,LW,no_neural_b50,Zaoshu Konglongdan,264,500.0283301999671,394.13591383256306,-0.13542574407954983,-0.035193613007393765,-0.021866805891432507,-0.007105460551795362,0.9847212212497104,1.2920384289736853,2224.535589009697,492.3885079739651
loading_work_g_rawpos_mean,LW,cultivar_mean_null,3.13,300,315.83636523796457,244.7964638751431,5.0022208597511053e-14,-0.00627571442627417,-0.10562587583878263,-0.005574525697650465,0.9985424618080868,1.228391044784974,806.4310554719218,315.3760216732352
loading_work_g_rawpos_mean,LW,cultivar_mean_null,A181,310,412.03926162649014,330.3653881124158,-1.9216742892298969e-13,-0.009617407707318781,-0.1307578437490464,-0.008539681340156851,0.9968348027037229,1.3924052860109797,1807.9344569951188,410.73507606963
loading_work_g_rawpos_mean,LW,cultivar_mean_null,Cuihongli,295,316.44541404881375,255.57496111289265,1.264043483820002e-13,-0.009139956773997149,-0.12747082820261968,-0.008116163645232238,0.9971526358778647,1.2561943611227113,2337.5486069896565,315.54437873023693
loading_work_g_rawpos_mean,LW,cultivar_mean_null,Fengtangli,183,835.9139809707337,700.616846943633,-0.23180282131483917,-0.004173558080112327,-0.08612797683320988,-0.0037079660749705194,1.0006575124771937,1.5552299518875792,1837.5844288051373,836.4636048430827
loading_work_g_rawpos_mean,LW,cultivar_mean_null,Fengwei Huanghou,86,499.34934500509917,395.74412554674166,0.0068958933396743305,-0.004394137861903236,-0.08910233767763709,-0.003910303824882056,1.003662454423827,1.2940608386191639,2345.3043307604266,501.17818922274824
loading_work_g_rawpos_mean,LW,cultivar_mean_null,Furongli,278,688.044440082683,540.3728848053909,-0.012339260880086429,-0.0009149792553688751,-0.04055248372788184,-0.0008141184136596244,1.001345427569815,1.2689174385031372,2774.477261504138,688.9701540416281
loading_work_g_rawpos_mean,LW,cultivar_mean_null,Konglongdan,778,695.5528753916932,584.0019545626889,-0.024219451227796705,-0.001153205583653616,-0.04528318578599709,-0.0010249605264674015,1.0000668185612018,1.5513021553208353,2440.7292755473018,695.5993512340666
loading_work_g_rawpos_mean,LW,cultivar_mean_null,L31,216,312.6536780885334,254.32432882256265,0.019233228245369632,-0.0023211594589329643,-0.06435415313745406,-0.002063464545246566,1.001161629082422,1.3598177744294941,1682.3926782629776,313.0168656937272
loading_work_g_rawpos_mean,LW,cultivar_mean_null,Naili,144,529.7897823688121,397.2945345298457,0.0733115011722892,-0.024403599831586353,-0.20738477332393865,-0.021614137436139286,0.991465665909137,1.202690908325943,2583.9293904053566,525.268379368151
loading_work_g_rawpos_mean,LW,cultivar_mean_null,Qingcuili,329,606.5589366089833,494.8854414118706,-0.008298201636344196,-0.0007714682634343273,-0.036967552577623505,-0.0006854448233867569,1.0011371318179099,1.5061915532930619,2311.88137304078,607.248674075239
loading_work_g_rawpos_mean,LW,cultivar_mean_null,Weidi,681,329.65247675633003,255.00682377985947,0.02155272358002698,-0.007264408342705142,-0.11357463102572328,-0.00645127018659032,0.9971198348360442,1.2239641931486887,1109.6612091969725,328.70302317656467
loading_work_g_rawpos_mean,LW,cultivar_mean_null,Weijin,320,413.183506215273,324.05227033647225,2.2737367544323207e-14,-0.009562051285304296,-0.13038098897073114,-0.008490580324214923,0.9968117277596968,1.238069343480532,1997.4240574046307,411.8661647122557
loading_work_g_rawpos_mean,LW,cultivar_mean_null,Weiwang,478,733.7284057975592,587.4954679842227,0.04730019973244814,-0.0031657727268199487,-0.07492185379451732,-0.002812286168871325,0.9994668768526267,1.4096991900490101,2567.436302769982,733.3372382005432
loading_work_g_rawpos_mean,LW,cultivar_mean_null,Weixin,191,484.4372659590359,403.4885933329225,0.018199211991792606,-0.006275416488722874,-0.10599040640373866,-0.005578140663374922,0.9994969005130931,1.4497172241859062,2264.201339532887,484.1935458190934
loading_work_g_rawpos_mean,LW,cultivar_mean_null,Zaoshu Konglongdan,264,493.254320021594,391.19489929069687,-0.08951882166930966,-0.007335541010123681,-0.11444407310621718,-0.006517974294388551,0.9982446944456745,1.3097823819680225,2224.535589009697,492.3885079739651
loading_work_g_rawpos_mean,LW,plumspectra_corrected,3.13,300,307.90846386037987,235.56936631420893,-20.39340979678124,0.04360790103818146,0.22593303533729858,0.117893560760126,1.0242525253097345,1.2600191557308926,806.4310554719218,315.3760216732352
loading_work_g_rawpos_mean,LW,plumspectra_corrected,A181,310,416.642922291242,334.73374231997377,-24.427011394054457,-0.032304087211723065,0.01630727893677924,0.005862903710215409,0.98582036102012,1.3770200217915616,1807.9344569951188,410.73507606963
loading_work_g_rawpos_mean,LW,plumspectra_corrected,Cuihongli,295,319.97284595837243,256.5054144072286,4.599888686098372,-0.03176321022689188,0.038800240848912,0.016321729364852648,0.986159865488362,1.2423458732588117,2337.5486069896565,315.54437873023693
loading_work_g_rawpos_mean,LW,plumspectra_corrected,Fengtangli,183,826.253776781834,692.7117936750084,8.106373251279397,0.018901710428432028,0.1427441219952758,0.029812102781941456,1.0123567702177592,1.5734130323382889,1837.5844288051373,836.4636048430827
loading_work_g_rawpos_mean,LW,plumspectra_corrected,Fengwei Huanghou,86,489.91195549385566,390.9346799201476,-10.834222582047563,0.0332119451450581,0.186443838376331,0.05594105200241984,1.0229964457951137,1.3189889018116299,2345.3043307604266,501.17818922274824
loading_work_g_rawpos_mean,LW,plumspectra_corrected,Furongli,278,671.460461531255,527.5767048995206,-23.253468048873604,0.046753765325178165,0.2797700648618928,0.05830919669989178,1.0260770268891821,1.3002576302035973,2774.477261504138,688.9701540416281
loading_work_g_rawpos_mean,LW,plumspectra_corrected,Konglongdan,778,680.4984601516505,563.293024563216,-27.52568072533776,0.04171534190983561,0.2230356253737784,0.062267859572802085,1.0221909261617592,1.5856210379877682,2440.7292755473018,695.5993512340666
loading_work_g_rawpos_mean,LW,plumspectra_corrected,L31,216,315.0749794826315,254.24135659481078,-2.138492198052741,-0.017905937531326854,0.051890252611828246,0.019518026166951443,0.9934678602779446,1.3493677898627985,1682.3926782629776,313.0168656937272
loading_work_g_rawpos_mean,LW,plumspectra_corrected,Naili,144,525.7271011673936,386.8067626871804,-0.4638841365994229,-0.008752607859491501,0.05834712843169948,0.019131074586201145,0.9991274526304161,1.2119849883410743,2583.9293904053566,525.268379368151
loading_work_g_rawpos_mean,LW,plumspectra_corrected,Qingcuili,329,600.7935358991795,492.06415340662386,-14.548780212285157,0.018162972252709575,0.13693105544077064,0.037661062457081305,1.0107443535763054,1.5206454335889938,2311.88137304078,607.248674075239
loading_work_g_rawpos_mean,LW,plumspectra_corrected,Weidi,681,313.5938044505706,239.62992221654264,0.07536666539203873,0.08848094856650535,0.2975475106071751,0.15929716606760325,1.048180858523229,1.2866415790307053,1109.6612091969725,328.70302317656467
loading_work_g_rawpos_mean,LW,plumspectra_corrected,Weijin,320,420.0642662302594,325.894452832949,-27.14853696652249,-0.04346657409460941,0.022474269254076928,0.009451394624402993,0.9804836969552894,1.217789451284866,1997.4240574046307,411.8661647122557
loading_work_g_rawpos_mean,LW,plumspectra_corrected,Weiwang,478,697.2065117878411,555.5311652504519,-19.931130558636337,0.09421544780812474,0.4113394032803074,0.1119956329339967,1.051822129888105,1.4835437160740654,2567.436302769982,733.3372382005432
loading_work_g_rawpos_mean,LW,plumspectra_corrected,Weixin,191,480.41400445057843,397.1917109126297,-6.935051510811668,0.01036945357919783,0.11093190446909143,0.03306432300842037,1.0078672589339635,1.4618579849717734,2264.201339532887,484.1935458190934
loading_work_g_rawpos_mean,LW,plumspectra_corrected,Zaoshu Konglongdan,264,497.14028680391993,391.2895008784,14.740327827794394,-0.023270087681040552,0.0064718258826102805,0.0019716660142325313,0.9904417747744733,1.2995442842650076,2224.535589009697,492.3885079739651
loading_work_g_rawpos_mean,LW,plumspectra_fixed_gate_sensitivity,3.13,300,308.0992072496389,233.1991426871242,-26.660640675750273,0.042422600883263994,0.23063034641388708,0.12279573233709065,1.0236184133304187,1.259239081265785,806.4310554719218,315.3760216732352
loading_work_g_rawpos_mean,LW,plumspectra_fixed_gate_sensitivity,A181,310,413.6861053081793,331.19505570575427,-32.09541595024043,-0.017704038852364157,0.06585052655733481,0.02424471441293125,0.9928665014350653,1.3868622575693803,1807.9344569951188,410.73507606963
loading_work_g_rawpos_mean,LW,plumspectra_fixed_gate_sensitivity,Cuihongli,295,315.6731480841116,252.19066429960293,3.735641873180954,-0.004220476443357768,0.11230570517406183,0.05124848812043975,0.9995920801162336,1.2592675276433156,2337.5486069896565,315.54437873023693
loading_work_g_rawpos_mean,LW,plumspectra_fixed_gate_sensitivity,Fengtangli,183,824.1779234354306,689.356079007766,10.139009677261479,0.02382527715894822,0.16565289737671013,0.03496786461971092,1.014906588806021,1.5773759808905137,1837.5844288051373,836.4636048430827
loading_work_g_rawpos_mean,LW,plumspectra_fixed_gate_sensitivity,Fengwei Huanghou,86,492.07350717030147,390.8325030792323,-11.405769311268463,0.024661949737845523,0.15935863754068763,0.045207598749013436,1.0185026869355431,1.3131949246306198,2345.3043307604266,501.17818922274824
loading_work_g_rawpos_mean,LW,plumspectra_fixed_gate_sensitivity,Furongli,278,669.2871349836653,526.5125211691663,-33.971546490175086,0.05291455271332379,0.2994211097380796,0.06735825644754223,1.02940893082973,1.3044798605121128,2774.477261504138,688.9701540416281
loading_work_g_rawpos_mean,LW,plumspectra_fixed_gate_sensitivity,Konglongdan,778,675.3114843822456,556.5808045726192,-40.73791088819562,0.05626836692607318,0.26405976157476324,0.08403057622673271,1.0300422357993508,1.5977999777714222,2440.7292755473018,695.5993512340666
loading_work_g_rawpos_mean,LW,plumspectra_fixed_gate_sensitivity,L31,216,316.2641226014234,255.00473511024478,-3.3527173847776464,-0.02560391489494296,0.04712380086817715,0.019249514665415902,0.9897324524799526,1.344294209562775,1682.3926782629776,313.0168656937272
loading_work_g_rawpos_mean,LW,plumspectra_fixed_gate_sensitivity,Naili,144,522.5151119031067,385.6476103391607,-0.746293527499707,0.0035359146567129907,0.09647912881397624,0.03231307354287989,1.0052692590172492,1.2194352662035646,2583.9293904053566,525.268379368151
loading_work_g_rawpos_mean,LW,plumspectra_fixed_gate_sensitivity,Qingcuili,329,599.36996557044,490.2798704739914,-21.755004769761715,0.022810352914406584,0.15538204174950154,0.04512825189881783,1.0131449838286453,1.5242571356163557,2311.88137304078,607.248674075239
loading_work_g_rawpos_mean,LW,plumspectra_fixed_gate_sensitivity,Weidi,681,309.4990951969175,236.62065558432124,0.9299665129501737,0.11212961603904292,0.338147734748237,0.18152938413561057,1.062048413962014,1.3036639977115736,1109.6612091969725,328.70302317656467
loading_work_g_rawpos_mean,LW,plumspectra_fixed_gate_sensitivity,Weijin,320,415.21587551794664,322.0754383052325,-40.253764307326904,-0.019518156023200506,0.09658660126751908,0.0426954061111834,0.9919326042109722,1.2320093292165486,1997.4240574046307,411.8661647122557
loading_work_g_rawpos_mean,LW,plumspectra_fixed_gate_sensitivity,Weiwang,478,680.3557065714182,539.5473739191318,-35.88978880414148,0.13747020932528953,0.4897853725746079,0.16462962069978723,1.0778732817515706,1.520287592767026,2567.436302769982,733.3372382005432
loading_work_g_rawpos_mean,LW,plumspectra_fixed_gate_sensitivity,Weixin,191,477.44334097542065,395.12893229524263,-12.059884475192039,0.022570471489238297,0.15240981943973175,0.04704366105326381,1.0141382322557522,1.4709536990578707,2264.201339532887,484.1935458190934
loading_work_g_rawpos_mean,LW,plumspectra_fixed_gate_sensitivity,Zaoshu Konglongdan,264,497.4804755773672,391.4541753165442,22.006814072578553,-0.024670996470317785,0.004917452540676788,0.0014907560335349936,0.9897644875459837,1.2986556255179653,2224.535589009697,492.3885079739651
ph,pH,global_pls,3.13,300,0.5773964038836268,0.49919310994961674,-0.4394518491732066,-1.4173577747907848,0.28901628252980816,0.12660204430935315,0.6442502077945431,0.8486370831273117,4.953833333333334,0.3719877531818485
ph,pH,global_pls,A181,310,0.4666704501397824,0.38623972159540065,-0.25585791481297904,-0.6376852538104951,0.07839953757490736,0.04286059504591652,0.782683877601837,1.108919580926953,4.745774193548387,0.36525543747759964
ph,pH,global_pls,Cuihongli,295,0.4028512278970856,0.33450515233366745,0.27329377179603653,-1.264676168786429,0.13894566343220535,0.07182124319120335,0.6656321462863762,0.9184532015241185,3.9990169491525425,0.2681507274592392
ph,pH,global_pls,Fengtangli,183,0.4613894491167921,0.3781028921908743,-0.11590234630440469,0.07115659870332203,0.36111086707878093,0.23096169169121672,1.0404437382504723,1.538830160418941,4.809836065573769,0.4800497632284012
ph,pH,global_pls,Fengwei Huanghou,86,0.5856321954340076,0.51832055499234,-0.505303576816975,-3.6049377689842794,0.02294567097929122,0.004403851528975159,0.46873553631729914,0.6830225577054596,5.002209302325581,0.2745066212114369
ph,pH,global_pls,Furongli,276,0.47764150726512306,0.3869261164616501,0.24214942712986143,-0.2784676043622434,0.2899046464625188,0.17696024313956116,0.8860196021528293,1.1357890630281335,3.9609420289855075,0.42319973823872203
ph,pH,global_pls,Konglongdan,773,0.42998884261513526,0.35162210925441073,0.19616596483644486,-0.3231946152626477,0.11540141604074038,0.05948843350689617,0.8698998067526023,1.232590122052029,4.148218628719276,0.37404721109668126
ph,pH,global_pls,L31,216,0.412412782737049,0.35211400706798696,-0.28213630061900297,-0.859675759571565,0.21666942330629513,0.0866496882424338,0.7350028626016099,0.8910975008122277,4.726912037037037,0.3031245758852268
ph,pH,global_pls,Naili,144,0.3886775433284319,0.31273077128830207,0.14400495436642669,-0.5002584702789434,0.21177996975276536,0.18314764691960655,0.8192759072817491,1.054858987964609,4.466041666666666,0.3184341469504424
ph,pH,global_pls,Qingcuili,329,0.5077342859774598,0.43085455435299636,0.24163325192917168,-0.3839764885915866,0.10264724113240713,0.054337709254110446,0.8513275168129169,1.10293910706054,4.075106382978723,0.43224816888197026
ph,pH,global_pls,Weidi,681,0.3675460809220094,0.2927089178124403,0.0235433248563124,-0.10996586608525871,0.22016448902482533,0.19546885556346344,0.9498702546200903,1.3059586944741575,4.938766519823789,0.3491210894700054
ph,pH,global_pls,Weijin,317,0.387382996526378,0.3111478783822765,0.15887386794976346,-0.4814277128440778,-0.04088134365921882,-0.02504974873739921,0.8228977170360522,1.0325698432475283,4.194511041009464,0.31877658346014137
ph,pH,global_pls,Weiwang,478,0.4832392527293896,0.39911800761357463,-0.0551097806054282,-0.3885775171470469,-0.28223255080087806,-0.1876707530919492,0.8495123446666123,1.2985286200485764,4.320100418410042,0.4105177106210854
ph,pH,global_pls,Weixin,191,0.4778237123262334,0.39663739272883725,-0.25246425278672135,-0.5081876522996152,0.0829985377682406,0.04112359103321561,0.816417288379891,1.3289420001962031,4.778848167539267,0.3901035395409966
ph,pH,global_pls,Zaoshu Konglongdan,264,0.36250525528938876,0.3008608989577731,-0.2124356393444252,-1.5571076940160067,0.04330374031367506,0.02857245324968401,0.626541120896072,0.8275742092635572,5.147310606060605,0.22712444897973033
ph,pH,cultivar_aware_pls,3.13,300,0.3575036170364785,0.2800033436987511,-2.2126880420281955e-05,0.07326906008813838,0.2732830640244296,0.12203262975800115,1.040514656230435,1.3706155033111238,4.953833333333334,0.3719877531818485
ph,pH,cultivar_aware_pls,A181,310,0.36526279394559436,0.2922981526924563,-0.00015575851668240737,-0.0032766579453096245,0.09259824514782561,0.03585450534170883,0.9999798597937796,1.416788155207183,4.745774193548387,0.36525543747759964
ph,pH,cultivar_aware_pls,Cuihongli,295,0.2857111513165471,0.23085633740085726,-3.6812056370625682e-06,-0.13912428078177252,-0.08499568427819283,-0.046468190572601764,0.9385378422354531,1.2950142068136064,3.9990169491525425,0.2681507274592392
ph,pH,cultivar_aware_pls,Fengtangli,183,0.46956625621035897,0.38495896681368225,-5.639060939125479e-05,0.03794269272205675,0.19768099943093898,0.06313754257748527,1.0223259377763845,1.5120336919651443,4.809836065573769,0.4800497632284012
ph,pH,cultivar_aware_pls,Fengwei Huanghou,86,0.28212434772722234,0.23820218941505816,-0.0007299349954169406,-0.06869804021019088,-0.010337728215564224,-0.004898308209048618,0.972998691615405,1.417814531862906,5.002209302325581,0.2745066212114369
ph,pH,cultivar_aware_pls,Furongli,276,0.4097276296932902,0.3185184703740861,1.592021912479257e-05,0.059245921116511724,0.29094553138343615,0.07525177658933714,1.0328806445284557,1.3240503219323987,3.9609420289855075,0.42319973823872203
ph,pH,cultivar_aware_pls,Konglongdan,773,0.3769508933860575,0.30524508615513046,1.9752200042003822e-05,-0.01690154109421882,0.054449771020995484,0.020496169862339247,0.9922969215876022,1.4060186865168038,4.148218628719276,0.37404721109668126
ph,pH,cultivar_aware_pls,L31,216,0.31228608862579577,0.24273711584073754,-8.094655719275227e-05,-0.06629720544182693,-0.032769717903818926,-0.014136562373937652,0.9706630776257633,1.176805542690588,4.726912037037037,0.3031245758852268
ph,pH,cultivar_aware_pls,Naili,144,0.3030924821848334,0.24216452663165494,0.00010575021176703305,0.08770032938220418,0.29760079525333294,0.1758405277268812,1.0506171075409692,1.3527224332471957,4.466041666666666,0.3184341469504424
ph,pH,cultivar_aware_pls,Qingcuili,329,0.4301916092219572,0.34084242519070684,8.436142675241375e-05,0.006473167871535179,0.10144505670403944,0.03225904148537813,1.004780566649667,1.3017455198924364,4.075106382978723,0.43224816888197026
ph,pH,cultivar_aware_pls,Weidi,681,0.36000186321039124,0.2896242429127915,-0.00022330364519251936,-0.06486739056466262,0.010130535686216545,0.00501723223885472,0.969775784926905,1.333326432589823,4.938766519823789,0.3491210894700054
ph,pH,cultivar_aware_pls,Weijin,317,0.3254150800115639,0.25597181663117224,0.00013774438279938675,-0.04538124803441668,-0.0033334564053611442,-0.001339285310084119,0.9795999111313877,1.2291993351561508,4.194511041009464,0.31877658346014137
ph,pH,cultivar_aware_pls,Weiwang,478,0.43196140072500894,0.3594839152488276,-0.0001017237882766953,-0.10952119431726781,-0.22593597092382206,-0.07663443902721759,0.9503573928875769,1.4526760931573894,4.320100418410042,0.4105177106210854
ph,pH,cultivar_aware_pls,Weixin,191,0.3979656246106818,0.33425242184742643,8.871737743000953e-05,-0.046191302565853354,0.013973255412130512,0.006089194305672903,0.9802443111075826,1.595615200738008,4.778848167539267,0.3901035395409966
ph,pH,cultivar_aware_pls,Zaoshu Konglongdan,264,0.23919764660866577,0.19303315949236702,-0.00016802021903346414,-0.11335639986234991,-0.0015853094776054275,-0.000955215906633411,0.9495262691748488,1.2541929414999993,5.147310606060605,0.22712444897973033
ph,pH,nested_rbf_svr,3.13,300,0.3621661015138482,0.28634453624801526,-0.0004900834503772537,0.04893898716273848,0.24164873588921348,0.06837176793900997,1.0271191909649908,1.3529703579429673,4.953833333333334,0.3719877531818485
ph,pH,nested_rbf_svr,A181,310,0.35729176577627053,0.2873646302606855,0.0015946255743722459,0.04003400431424187,0.22480102502946298,0.05422552030170429,1.0222889875002488,1.448396099685233,4.745774193548387,0.36525543747759964
ph,pH,nested_rbf_svr,Cuihongli,295,0.27407503507213327,0.218476588844342,-0.0012755265643301173,-0.04822782384597346,-0.08651479988006922,-0.02529737165160878,0.9783843588259147,1.3499952664518349,3.9990169491525425,0.2681507274592392
ph,pH,nested_rbf_svr,Fengtangli,183,0.4695363461640619,0.39052712629280906,0.0019305373554709061,0.0380652494934246,0.22258791468295688,0.05074799259021968,1.0223910612037386,1.5121300103824487,4.809836065573769,0.4800497632284012
ph,pH,nested_rbf_svr,Fengwei Huanghou,86,0.27579805957836867,0.23241544106449818,0.00041943122761789204,-0.02130695539562133,0.01709229114207746,0.005461017625016093,0.9953174494087953,1.4503365274270124,5.002209302325581,0.2745066212114369
ph,pH,nested_rbf_svr,Furongli,276,0.4152392702339784,0.3233045126263501,-0.002182582713913987,0.03376571029007147,0.22663174437542208,0.04226848999238462,1.0191707975988353,1.3064756608745423,3.9609420289855075,0.42319973823872203
ph,pH,nested_rbf_svr,Konglongdan,773,0.37533513845044103,0.30607412621681984,-0.0009698883402626479,-0.008202570937579923,0.026558104407257296,0.006329404158604021,0.9965685937131361,1.4120713615785832,4.148218628719276,0.37404721109668126
ph,pH,nested_rbf_svr,L31,216,0.3033796291668186,0.23477275996383765,-0.0001016566509030448,-0.006342529298792643,0.024795181779802382,0.005303831406962632,0.9991592933174444,1.2113535803616013,4.726912037037037,0.3031245758852268
ph,pH,nested_rbf_svr,Naili,144,0.30642242051211654,0.24062233151162607,-0.0004814177682901007,0.06754417351635,0.2705314991442175,0.10184790089236072,1.039199894114311,1.3380221960089502,4.466041666666666,0.3184341469504424
ph,pH,nested_rbf_svr,Qingcuili,329,0.42714054638578547,0.3426841473982294,-0.00033370930849978736,0.020516041731382884,0.14489547707924194,0.035121599440931225,1.0119577093287035,1.3110438817817562,4.075106382978723,0.43224816888197026
ph,pH,nested_rbf_svr,Weidi,681,0.33973568555986405,0.27224477164013106,0.00018543785291475872,0.051650618555944106,0.2398637115334581,0.07624194333504995,1.0276256051661892,1.4128630591425484,4.938766519823789,0.3491210894700054
ph,pH,nested_rbf_svr,Weijin,317,0.324629281163628,0.25629662114171065,-0.002165791768993676,-0.0403386570930413,-0.044959458738781086,-0.014089185501733461,0.9819711343274158,1.2321747396482747,4.194511041009464,0.31877658346014137
ph,pH,nested_rbf_svr,Weiwang,478,0.4234760629216093,0.3524280249001536,0.00011004076104721781,-0.06635903896404094,-0.298552798403632,-0.056666745818465494,0.9694000359521557,1.4817838714915927,4.320100418410042,0.4105177106210854
ph,pH,nested_rbf_svr,Weixin,191,0.3934958402259129,0.3351278867174618,0.0004969178354229997,-0.022822506795177278,-0.04636077364445631,-0.010225672776531327,0.9913790684979827,1.6137400579264958,4.778848167539267,0.3901035395409966
ph,pH,nested_rbf_svr,Zaoshu Konglongdan,264,0.2240207139932078,0.1806278430855391,0.00035979234478562616,0.023444884914864073,0.15565653795290302,0.05529667968704915,1.0138546785750207,1.339161877723038,5.147310606060605,0.22712444897973033
ph,pH,residual_cnn,3.13,300,0.3570546238778915,0.27569368489583335,0.024771711349487323,0.07559538375102859,0.28334429153345864,0.14105449827779495,1.0418230945779994,1.3723390406717557,4.953833333333334,0.3719877531818485
ph,pH,residual_cnn,A181,310,0.3643989032734033,0.2930357162721695,0.0047272760944981574,0.001463471136462946,0.09445349421028855,0.032902414754627164,1.0023505400167292,1.4201469745141555,4.745774193548387,0.36525543747759964
ph,pH,residual_cnn,Cuihongli,295,0.2872455935793519,0.23061104997537904,0.02496381061359988,-0.1513927143215439,-0.04183156684926441,-0.025195827516691728,0.9335242505126967,1.2880963477609888,3.9990169491525425,0.2681507274592392
ph,pH,residual_cnn,Fengtangli,183,0.4773750013510008,0.39438020956320846,0.05345297797781521,0.005679193387857606,0.14423229221881045,0.05374528895784247,1.0056030623091503,1.4873003361940949,4.809836065573769,0.4800497632284012
ph,pH,residual_cnn,Fengwei Huanghou,86,0.2823785322539923,0.23808890697567955,-0.01890175775040026,-0.07062462953133442,-0.04129306955787741,-0.017149840811467355,0.9721228417057044,1.4165382786259746,5.002209302325581,0.2745066212114369
ph,pH,residual_cnn,Furongli,276,0.40128424207495295,0.31051546749861353,-0.014166576171266876,0.09761925622227896,0.35615371237529925,0.12953391024976937,1.0546133983493817,1.3519095521789015,3.9609420289855075,0.42319973823872203
ph,pH,residual_cnn,Konglongdan,773,0.37120938054716035,0.300565186667103,-0.004527006911737947,0.013840332755129303,0.12818417519082315,0.04413786110495679,1.0076448244528142,1.4277656432571384,4.148218628719276,0.37404721109668126
ph,pH,residual_cnn,L31,216,0.3123917500288864,0.2380282902187771,0.022584511227077914,-0.06701888676663637,-0.04238591083609662,-0.01689199276939546,0.9703347667062183,1.1764075074518403,4.726912037037037,0.3031245758852268
ph,pH,residual_cnn,Naili,144,0.30247416552095824,0.24009407586521572,0.004851064019732997,0.09141876347462041,0.30449104093930734,0.1842946603987289,1.052764775470976,1.3554876638599784,4.466041666666666,0.3184341469504424
ph,pH,residual_cnn,Qingcuili,329,0.4257479214616176,0.34111745654630804,0.012707695888530882,0.026892538379485575,0.1690888484530506,0.06435707837848575,1.0152678312510297,1.315332317013992,4.075106382978723,0.43224816888197026
ph,pH,residual_cnn,Weidi,681,0.34874757554131597,0.27760913011436067,0.024821556892339006,0.0006711506958917424,0.12650637659887623,0.05454123012730257,1.0010710151263695,1.3763536542295907,4.938766519823789,0.3491210894700054
ph,pH,residual_cnn,Weijin,317,0.3194600334081718,0.2547533714884087,-0.020252853267200364,-0.007470693417702456,0.07107242463135333,0.022496972238440462,0.9978606089132996,1.252112809645026,4.194511041009464,0.31877658346014137
ph,pH,residual_cnn,Weiwang,478,0.4148150945779749,0.34372079199627353,0.009781688610380155,-0.023186552956675266,0.02895937721838257,0.010203587782196549,0.9896402420908488,1.512722194061926,4.320100418410042,0.4105177106210854
ph,pH,residual_cnn,Weixin,191,0.3882724876874349,0.3266841053588228,0.00026071378697898804,0.004151620017197044,0.10932589610288061,0.04159053322504297,1.0047158938931458,1.6354493819072347,4.778848167539267,0.3901035395409966
ph,pH,residual_cnn,Zaoshu Konglongdan,264,0.23042655756733488,0.18589879527236475,0.00026584885337136804,-0.03320254811312484,0.08054659011648241,0.04179710962359666,0.9856695833046952,1.301933263106334,5.147310606060605,0.22712444897973033
ph,pH,no_neural_b50,3.13,300,0.35764242292314735,0.28187374277327704,-0.00025610516539874783,0.072549287330534,0.30355658592419804,0.09671656937261652,1.040110818346021,1.370083548800067,4.953833333333334,0.3719877531818485
ph,pH,no_neural_b50,A181,310,0.35965184181171767,0.28856111793584033,0.0007194335288449135,0.027310087343644596,0.16811074823896832,0.04531952295463076,1.0155806116205448,1.4388915607748172,4.745774193548387,0.36525543747759964
ph,pH,no_neural_b50,Cuihongli,295,0.2781688558132799,0.22319745967383134,-0.0006396038849836072,-0.07977616066615356,-0.09376054368640288,-0.03669793119078095,0.9639854421345956,1.3301273390877448,3.9990169491525425,0.2681507274592392
ph,pH,no_neural_b50,Fengtangli,183,0.468241119069413,0.386978944537552,0.0009370733730398063,0.04336496912956633,0.23922360296006034,0.05728489970518302,1.0252191524367975,1.516312795021208,4.809836065573769,0.4800497632284012
ph,pH,no_neural_b50,Fengwei Huanghou,86,0.2773130488126507,0.23436163331695686,-0.00015525188389954494,-0.03255807663014765,0.0005507302859744691,0.0001930293675547515,0.9898799295120447,1.4424131922844878,5.002209302325581,0.2745066212114369
ph,pH,no_neural_b50,Furongli,276,0.41183188987156855,0.3205177147791588,-0.0010833312473945828,0.04955814539099601,0.29748552191305827,0.05900652929294496,1.0276031279916147,1.3172850702969612,3.9609420289855075,0.42319973823872203
ph,pH,no_neural_b50,Konglongdan,773,0.37462451448839296,0.3046732374250712,-0.00047506807011032405,-0.004388514643980823,0.051280348022070855,0.013602254278191677,0.9984589812748904,1.4147499149216016,4.148218628719276,0.37404721109668126
ph,pH,no_neural_b50,L31,216,0.3063513247980566,0.236657229306154,-9.130160404788621e-05,-0.026153947409544465,-0.016229384100697453,-0.004649342844970018,0.9894671618771133,1.1996031035356303,4.726912037037037,0.3031245758852268
ph,pH,no_neural_b50,Naili,144,0.30288709530861674,0.23976155318374814,-0.00018783377826152458,0.08893632766368387,0.30342054001604146,0.14152281257522017,1.0513295280077368,1.3536397104744402,4.466041666666666,0.3184341469504424
ph,pH,no_neural_b50,Qingcuili,329,0.4274103784019732,0.34110803729747585,-0.00012467394087367937,0.01927813718815019,0.1398786673584617,0.03387415642562304,1.01131884185425,1.3102161957174767,4.075106382978723,0.43224816888197026
ph,pH,no_neural_b50,Weidi,681,0.34764402182587784,0.279289577964684,-1.8932896138900537e-05,0.0069855643723033545,0.11203459849238859,0.04041282017937815,1.0042487934536306,1.3807227217052933,4.938766519823789,0.3491210894700054
ph,pH,no_neural_b50,Weijin,317,0.323607872524384,0.2552667313493841,-0.0010140236930971235,-0.03380234467595855,-0.02464109963252146,-0.007726112765066643,0.9850705453283477,1.236063872240499,4.194511041009464,0.31877658346014137
ph,pH,no_neural_b50,Weiwang,478,0.42661745507282467,0.35542656802688444,4.158486385246389e-06,-0.08223845693023701,-0.28608918830315033,-0.0671305111827075,0.9622618712378025,1.470872774984989,4.320100418410042,0.4105177106210854
ph,pH,no_neural_b50,Weixin,191,0.39424627772635307,0.3336527510804355,0.00029281760642653715,-0.026727484685145964,-0.006266291394923518,-0.001924209597288613,0.9894920043145418,1.6106683458423272,4.778848167539267,0.3901035395409966
ph,pH,no_neural_b50,Zaoshu Konglongdan,264,0.22903994629046273,0.18500258496750896,9.588606287604737e-05,-0.020805194505395752,0.06345129955040926,0.026742790633689457,0.9916368417747391,1.3098151866467316,5.147310606060605,0.22712444897973033
ph,pH,cultivar_mean_null,3.13,300,0.3718007885802408,0.29561833333333326,4.39648317751562e-16,-0.002336154006200575,-0.06444503609813718,-0.0020760424549674658,1.0005028623051653,1.3179100611139507,4.953833333333334,0.3719877531818485
ph,pH,cultivar_mean_null,A181,310,0.365407539255907,0.29382336108220597,9.454802532291655e-17,-0.004071966787033698,-0.08508261905840567,-0.0036178891524224566,0.9995837475641113,1.4162269367890017,4.745774193548387,0.36525543747759964
ph,pH,cultivar_mean_null,Cuihongli,295,0.2699349938236032,0.21326572823901183,3.6279830364022065e-16,-0.016798987554231593,-0.17281454441996047,-0.014904613113739482,0.993390014613926,1.3707003851519441,3.9990169491525425,0.2681507274592392
ph,pH,cultivar_mean_null,Fengtangli,183,0.48098284340087705,0.4008280055790563,0.0001752773869488953,-0.009407094822880158,-0.12904070793534267,-0.008349373054896444,0.9980600551864214,1.476144128093666,4.809836065573769,0.4800497632284012
ph,pH,cultivar_mean_null,Fengwei Huanghou,86,0.27881494890773445,0.23594024465195573,-0.00043696346081407506,-0.04377282882063516,-0.27568023190544544,-0.038622937811228074,0.9845477162785726,1.434643305773277,5.002209302325581,0.2745066212114369
ph,pH,cultivar_mean_null,Furongli,276,0.42268505632599096,0.3292231493785202,-7.661814695043503e-05,-0.00119666753634462,-0.04602941121173312,-0.001063099774528255,1.0012176487080113,1.283461508470275,3.9609420289855075,0.42319973823872203
ph,pH,cultivar_mean_null,Konglongdan,773,0.37398197262197236,0.3039129324203808,-1.5044113829764638e-05,-0.0009460905854905555,-0.04101355547229153,-0.0008408883694938814,1.0001744428327695,1.4171806097609247,4.148218628719276,0.37404721109668126
ph,pH,cultivar_mean_null,L31,216,0.303658294579644,0.23571891850009705,-2.1033417474313897e-05,-0.008192104045244175,-0.12100774958209076,-0.0072792086640124844,0.9982423707702237,1.21024192837786,4.726912037037037,0.3031245758852268
ph,pH,cultivar_mean_null,Naili,144,0.3182452273246031,0.2532673350824588,-3.685657171280542e-06,-0.005798510038420135,-0.10104457017539241,-0.0051459288512054275,1.0005936290936004,1.2883146856490302,4.466041666666666,0.3184341469504424
ph,pH,cultivar_mean_null,Qingcuili,329,0.43240665016827834,0.3432924764069089,5.599846045614386e-05,-0.003784439371320447,-0.08233309398238436,-0.003365052937594133,0.9996334901735522,1.295077214427824,4.075106382978723,0.43224816888197026
ph,pH,cultivar_mean_null,Weidi,681,0.3490390440533054,0.2789247274729315,-4.550009390336493e-06,-0.0009999411191023988,-0.042185946884014586,-0.0008888367095910552,1.0002350608566517,1.3752043164738172,4.938766519823789,0.3491210894700054
ph,pH,cultivar_mean_null,Weijin,317,0.3193272839827326,0.2540675989664589,-4.004681945096891e-05,-0.0066335723126826895,-0.10884119514838435,-0.005894826451474622,0.9982754354224834,1.2526333328336254,4.194511041009464,0.31877658346014137
ph,pH,cultivar_mean_null,Weiwang,478,0.41046857877752596,0.3408544609346593,-3.0682812037885944e-05,-0.001856583317753957,-0.05747012236737935,-0.0016500626522335663,1.0001196969661008,1.5287406453104042,4.320100418410042,0.4105177106210854
ph,pH,cultivar_mean_null,Weixin,191,0.39035569390502084,0.33142579204916095,-6.213112598768352e-05,-0.006563137971771216,-0.10809075449398074,-0.005830422388258971,0.999354039487674,1.626721500197982,4.778848167539267,0.3901035395409966
ph,pH,cultivar_mean_null,Zaoshu Konglongdan,264,0.22720072888115336,0.18253543324689256,1.5868919003406734e-05,-0.00447664995792052,-0.08907922171507911,-0.003976086244322959,0.9996642620743399,1.320418299172478,5.147310606060605,0.22712444897973033
ph,pH,plumspectra_corrected,3.13,300,0.3569338948792053,0.27878658712832455,0.012140813949555046,0.07622040618998005,0.30263190238326054,0.10709750818963608,1.0421754798818919,1.3728032193911637,4.953833333333334,0.3719877531818485
ph,pH,plumspectra_corrected,A181,310,0.359507837607303,0.28890099872348335,0.003160950834435203,0.028088859358733398,0.1740753565787087,0.043786768116122865,1.0159874118699321,1.4394679221577218,4.745774193548387,0.36525543747759964
ph,pH,plumspectra_corrected,Cuihongli,295,0.2782393992275765,0.22342333895967414,0.011844142024634905,-0.08032389096682624,-0.059789187672254475,-0.02571126664070829,0.9637410381263595,1.329790105309175,3.9990169491525425,0.2681507274592392
ph,pH,plumspectra_corrected,Fengtangli,183,0.47135681899870296,0.39123922621655804,0.027691757666643037,0.03059161768139873,0.19068154496430786,0.05271921233418516,1.018442385639322,1.5062898665776037,4.809836065573769,0.4800497632284012
ph,pH,plumspectra_corrected,Fengwei Huanghou,86,0.27773819341134826,0.23492247144697226,-0.009241163261391216,-0.03572650301974778,-0.018473211820829415,-0.006043421032281614,0.9883646820042312,1.440205234602263,5.002209302325581,0.2745066212114369
ph,pH,plumspectra_corrected,Furongli,276,0.4070041037429268,0.31597863523094816,-0.008174579442590438,0.07171104374066761,0.34562439039280485,0.08700588110925708,1.0397923125267179,1.3329103933130244,3.9609420289855075,0.42319973823872203
ph,pH,plumspectra_corrected,Konglongdan,773,0.3714287665416819,0.3019116881534729,-0.0027484476260002987,0.012674340932867012,0.11284305466881792,0.025638304057144887,1.0070496547140906,1.4269223273543177,4.148218628719276,0.37404721109668126
ph,pH,plumspectra_corrected,L31,216,0.30616464599609877,0.23492258666453883,0.011241427288087462,-0.02490373036142124,-0.023461533642714125,-0.006065791536125968,0.9900704730261027,1.2003345415808833,4.726912037037037,0.3031245758852268
ph,pH,plumspectra_corrected,Naili,144,0.30279536653560857,0.23870820494712477,0.002184823125721448,0.08948807185793495,0.3027200143045127,0.14587728841580086,1.0516480175828409,1.3540497818409793,4.466041666666666,0.3184341469504424
ph,pH,plumspectra_corrected,Qingcuili,329,0.42483767615579393,0.3409001821983182,0.00618699329001554,0.031049080661492257,0.18117358644309303,0.05027582524539907,1.0174431156700396,1.3181505111958118,4.075106382978723,0.43224816888197026
ph,pH,plumspectra_corrected,Weidi,681,0.3427751699734359,0.27406923030080965,0.012503497372626883,0.03460567706164219,0.1897471705446142,0.06576660570909203,1.0185133581789525,1.4003348026556273,4.938766519823789,0.3491210894700054
ph,pH,plumspectra_corrected,Weijin,317,0.3205503768411774,0.25481450755918944,-0.011209322518097004,-0.014359590658651111,0.01651021648612607,0.00428613253502502,0.9944664130533377,1.2478537818041229,4.194511041009464,0.31877658346014137
ph,pH,plumspectra_corrected,Weiwang,478,0.4173826147347496,0.34688476912095895,0.004945864685713712,-0.035891887323028726,-0.10459291970120241,-0.023029818649915136,0.9835524914758922,1.5034167160958092,4.320100418410042,0.4105177106210854
ph,pH,plumspectra_corrected,Weixin,191,0.3895558778730546,0.3300165975785494,0.0003788158112010032,-0.0024425854523466572,0.059802303764344984,0.016126646466935273,1.0014058616466839,1.6300614008625702,4.778848167539267,0.3901035395409966
ph,pH,plumspectra_corrected,Zaoshu Konglongdan,264,0.22579352496374955,0.18169542649363746,0.0003128205990785122,0.007927589273109437,0.12298405964832473,0.048998725043000596,1.005894429506756,1.3286474891083078,5.147310606060605,0.22712444897973033
ph,pH,plumspectra_fixed_gate_sensitivity,3.13,300,0.3569338948792053,0.27878658712832455,0.012140813949555046,0.07622040618998005,0.30263190238326054,0.10709750818963608,1.0421754798818919,1.3728032193911637,4.953833333333334,0.3719877531818485
ph,pH,plumspectra_fixed_gate_sensitivity,A181,310,0.359507837607303,0.28890099872348335,0.003160950834435203,0.028088859358733398,0.1740753565787087,0.043786768116122865,1.0159874118699321,1.4394679221577218,4.745774193548387,0.36525543747759964
ph,pH,plumspectra_fixed_gate_sensitivity,Cuihongli,295,0.2782393992275765,0.22342333895967414,0.011844142024634905,-0.08032389096682624,-0.059789187672254475,-0.02571126664070829,0.9637410381263595,1.329790105309175,3.9990169491525425,0.2681507274592392
ph,pH,plumspectra_fixed_gate_sensitivity,Fengtangli,183,0.47135681899870296,0.39123922621655804,0.027691757666643037,0.03059161768139873,0.19068154496430786,0.05271921233418516,1.018442385639322,1.5062898665776037,4.809836065573769,0.4800497632284012
ph,pH,plumspectra_fixed_gate_sensitivity,Fengwei Huanghou,86,0.27773819341134826,0.23492247144697226,-0.009241163261391216,-0.03572650301974778,-0.018473211820829415,-0.006043421032281614,0.9883646820042312,1.440205234602263,5.002209302325581,0.2745066212114369
ph,pH,plumspectra_fixed_gate_sensitivity,Furongli,276,0.4070041037429268,0.31597863523094816,-0.008174579442590438,0.07171104374066761,0.34562439039280485,0.08700588110925708,1.0397923125267179,1.3329103933130244,3.9609420289855075,0.42319973823872203
ph,pH,plumspectra_fixed_gate_sensitivity,Konglongdan,773,0.3714287665416819,0.3019116881534729,-0.0027484476260002987,0.012674340932867012,0.11284305466881792,0.025638304057144887,1.0070496547140906,1.4269223273543177,4.148218628719276,0.37404721109668126
ph,pH,plumspectra_fixed_gate_sensitivity,L31,216,0.30616464599609877,0.23492258666453883,0.011241427288087462,-0.02490373036142124,-0.023461533642714125,-0.006065791536125968,0.9900704730261027,1.2003345415808833,4.726912037037037,0.3031245758852268
ph,pH,plumspectra_fixed_gate_sensitivity,Naili,144,0.30279536653560857,0.23870820494712477,0.002184823125721448,0.08948807185793495,0.3027200143045127,0.14587728841580086,1.0516480175828409,1.3540497818409793,4.466041666666666,0.3184341469504424
ph,pH,plumspectra_fixed_gate_sensitivity,Qingcuili,329,0.42483767615579393,0.3409001821983182,0.00618699329001554,0.031049080661492257,0.18117358644309303,0.05027582524539907,1.0174431156700396,1.3181505111958118,4.075106382978723,0.43224816888197026
ph,pH,plumspectra_fixed_gate_sensitivity,Weidi,681,0.3427751699734359,0.27406923030080965,0.012503497372626883,0.03460567706164219,0.1897471705446142,0.06576660570909203,1.0185133581789525,1.4003348026556273,4.938766519823789,0.3491210894700054
ph,pH,plumspectra_fixed_gate_sensitivity,Weijin,317,0.3205503768411774,0.25481450755918944,-0.011209322518097004,-0.014359590658651111,0.01651021648612607,0.00428613253502502,0.9944664130533377,1.2478537818041229,4.194511041009464,0.31877658346014137
ph,pH,plumspectra_fixed_gate_sensitivity,Weiwang,478,0.4173826147347496,0.34688476912095895,0.004945864685713712,-0.035891887323028726,-0.10459291970120241,-0.023029818649915136,0.9835524914758922,1.5034167160958092,4.320100418410042,0.4105177106210854
ph,pH,plumspectra_fixed_gate_sensitivity,Weixin,191,0.3895558778730546,0.3300165975785494,0.0003788158112010032,-0.0024425854523466572,0.059802303764344984,0.016126646466935273,1.0014058616466839,1.6300614008625702,4.778848167539267,0.3901035395409966
ph,pH,plumspectra_fixed_gate_sensitivity,Zaoshu Konglongdan,264,0.22579352496374955,0.18169542649363746,0.0003128205990785122,0.007927589273109437,0.12298405964832473,0.048998725043000596,1.005894429506756,1.3286474891083078,5.147310606060605,0.22712444897973033
post_break_work_g_rawpos_mean,PRW,global_pls,3.13,300,573.131421256924,517.3540201327748,511.57873157988206,-13.511710920136657,0.3106962662853381,0.06938305852483403,0.2629454886109998,0.32954240992649814,272.73540617598485,150.70232160071865
post_break_work_g_rawpos_mean,PRW,global_pls,A181,310,461.5993429169979,393.0967955680404,295.79511223425686,-2.242025443158976,0.03681632936916664,0.02203072972718354,0.5562799382695564,0.7245794322487965,766.4432036982179,256.77845398313536
post_break_work_g_rawpos_mean,PRW,global_pls,Cuihongli,295,450.48019344518275,377.2478438689761,220.02713694339474,-1.840199645638139,-0.18166329170551243,-0.13203961380453041,0.594378249131244,0.8503469106419358,865.158839592667,267.75562864825184
post_break_work_g_rawpos_mean,PRW,global_pls,Fengtangli,183,423.6917017508205,354.0184886952167,-12.863621620683137,0.06577712519871415,0.3462447466887739,0.2995717219240916,1.037443854485598,1.7717849071825476,697.7566333188962,439.5563521779336
post_break_work_g_rawpos_mean,PRW,global_pls,Fengwei Huanghou,86,576.9556444967518,459.7414514187012,-400.71050775417336,-0.6284471242080976,0.39882615433979585,0.17849048933668224,0.7882299490217786,0.8899065850020405,1484.5804083633604,454.77371824950205
post_break_work_g_rawpos_mean,PRW,global_pls,Furongli,278,862.5359683854064,689.3455284748412,-582.5973851855157,-0.4713040886684323,0.4661459441227944,0.17486410850169778,0.825907276692888,1.0319528473196626,1896.542678753129,712.3747326988539
post_break_work_g_rawpos_mean,PRW,global_pls,Konglongdan,778,617.0331753326901,459.47682155165313,-203.60610347949222,-0.05917146785361238,0.25687391315519076,0.14725491361799803,0.9722907465460173,1.2735155764469412,1367.145429223426,599.9356466878809
post_break_work_g_rawpos_mean,PRW,global_pls,L31,216,648.2796303840928,613.9758437258655,612.0906095014483,-11.148152002642332,0.2894490223070265,0.0421595720548255,0.2875759326483871,0.46118639032186903,306.19750490206417,186.42961932465715
post_break_work_g_rawpos_mean,PRW,global_pls,Naili,144,437.50687350405076,324.6165079155942,-172.94161132731344,0.2171602810710005,0.5848676685622614,0.4871649935063309,1.1341664629425303,1.6436182997623747,1233.9381482005606,496.2056232351343
post_break_work_g_rawpos_mean,PRW,global_pls,Qingcuili,329,559.3708338420003,430.70274741531136,-253.0018582938582,-0.21421408111442175,0.27605629311418567,0.17948125119495148,0.9088943309441673,1.39154663885864,1098.8780984395628,508.4089797745058
post_break_work_g_rawpos_mean,PRW,global_pls,Weidi,681,299.57482108540535,242.978756969419,134.7174542295997,-3.3198521307597604,0.4602527810958553,0.30819048171414576,0.48148710338489725,0.6436378179527709,270.8962439386038,144.24141285146067
post_break_work_g_rawpos_mean,PRW,global_pls,Weijin,320,370.9438770053074,277.29348162429994,-105.01957027059366,-0.2333405084618987,0.1897885552429457,0.15646821966887653,0.9018579742397735,1.0362644274193655,1272.3389383913466,334.53869347265424
post_break_work_g_rawpos_mean,PRW,global_pls,Weiwang,478,596.5059256220829,471.9163033498131,15.784468136851634,-0.07167018509898582,0.082230381178622,0.052484153492620894,0.9669949022331882,1.191755934959835,1248.8175231489936,576.8181892284435
post_break_work_g_rawpos_mean,PRW,global_pls,Weixin,191,451.30478361977026,350.5219583993077,-164.73921695293822,-0.26869252874916927,0.1313889593337713,0.0892810073869537,0.8901469169282111,1.190872561125635,1164.1255215114907,401.7275617340919
post_break_work_g_rawpos_mean,PRW,global_pls,Zaoshu Konglongdan,264,334.63001070376606,236.6768955755189,-52.20055380061661,-2.355120848098073,0.07810665642751538,0.06884377836303812,0.5469781844385356,0.7741416187351754,699.5038383105133,183.03531571339371
post_break_work_g_rawpos_mean,PRW,cultivar_aware_pls,3.13,300,205.0700237417601,159.14316523527052,0.9326994905842135,-0.8578666729154125,0.3726496861082232,0.35483334099625197,0.73488225558746,0.9210078894975247,272.73540617598485,150.70232160071865
post_break_work_g_rawpos_mean,PRW,cultivar_aware_pls,A181,310,281.4847878126603,219.58805264833407,0.3942177892407574,-0.20557966445382614,0.17933982957795963,0.16556892196379105,0.9122285292164065,1.188218348907069,766.4432036982179,256.77845398313536
post_break_work_g_rawpos_mean,PRW,cultivar_aware_pls,Cuihongli,295,312.3804447411495,254.80081355471836,0.09581916349222211,-0.365730929796656,-0.03309535819875693,-0.0285416880878906,0.8571459358479513,1.2262753551007801,865.158839592667,267.75562864825184
post_break_work_g_rawpos_mean,PRW,cultivar_aware_pls,Fengtangli,183,454.96760086603734,382.02677628809937,-1.421657936449887,-0.07723764597912464,0.16260225711027387,0.12761826987195204,0.9661267117509725,1.649986858474412,697.7566333188962,439.5563521779336
post_break_work_g_rawpos_mean,PRW,cultivar_aware_pls,Fengwei Huanghou,86,454.7087002439639,358.9712316528669,-0.32371786521303175,-0.011475426980823045,0.19851190104985453,0.14270561764760448,1.0001429882593038,1.1291550546894806,1484.5804083633604,454.77371824950205
post_break_work_g_rawpos_mean,PRW,cultivar_aware_pls,Furongli,278,674.279522827238,530.0754136030715,-1.098833228574526,0.10085868351404048,0.34962305939927374,0.1365885940050161,1.056497652059614,1.3200704134670875,1896.542678753129,712.3747326988539
post_break_work_g_rawpos_mean,PRW,cultivar_aware_pls,Konglongdan,778,593.5917356179508,472.3350376468566,-1.5499134679532132,0.019776895443680664,0.2042744364628185,0.12807073410935954,1.0106873305156883,1.323807783733123,1367.145429223426,599.9356466878809
post_break_work_g_rawpos_mean,PRW,cultivar_aware_pls,L31,216,207.41877144800446,166.4591870862103,0.8303468149982918,-0.24360248402075224,0.22722427119628316,0.2197161823034559,0.8988078466726005,1.4414208539027176,306.19750490206417,186.42961932465715
post_break_work_g_rawpos_mean,PRW,cultivar_aware_pls,Naili,144,454.5863059188367,364.45701202587395,-0.2241577790022341,0.15484612115744156,0.3963138752398132,0.29371314214575645,1.0915542698369987,1.5818653008246795,1233.9381482005606,496.2056232351343
post_break_work_g_rawpos_mean,PRW,cultivar_aware_pls,Qingcuili,329,512.525878859494,416.77754641634886,-1.2458174353323128,-0.01935915311168923,0.13406544959305466,0.0792607111950645,0.9919674317828605,1.5187342450697625,1098.8780984395628,508.4089797745058
post_break_work_g_rawpos_mean,PRW,cultivar_aware_pls,Weidi,681,229.41471273237664,181.29506086998524,1.7626275132247662,-1.5333826782737061,0.46615162831900003,0.3970269215045857,0.6287365406233786,0.8404765407610678,270.8962439386038,144.24141285146067
post_break_work_g_rawpos_mean,PRW,cultivar_aware_pls,Weijin,320,372.73913082431375,287.70628223861434,-0.9467339445713605,-0.24530737093938848,0.07520747079173869,0.06506402818019939,0.8975142822617547,1.0312733826994005,1272.3389383913466,334.53869347265424
post_break_work_g_rawpos_mean,PRW,cultivar_aware_pls,Weiwang,478,551.2024999393121,429.4184503824603,0.833587111295616,0.08493070882617237,0.29227320241589866,0.16726102306464918,1.0464723750199822,1.2897065546275583,1248.8175231489936,576.8181892284435
post_break_work_g_rawpos_mean,PRW,cultivar_aware_pls,Weixin,191,416.6252937789912,331.40950582115175,-1.2402077602629649,-0.08120432536682953,0.11337043167156804,0.08095638576960403,0.9642418924934449,1.2899996508676392,1164.1255215114907,401.7275617340919
post_break_work_g_rawpos_mean,PRW,cultivar_aware_pls,Zaoshu Konglongdan,264,260.693627621411,201.48766986112216,0.3177281871407651,-1.036288102891766,0.2536099963994585,0.24499341062984129,0.7021088984162068,0.9936990808988475,699.5038383105133,183.03531571339371
post_break_work_g_rawpos_mean,PRW,nested_rbf_svr,3.13,300,155.1620292096972,118.92633735577915,2.599673892688771,-0.0636067435457921,0.3937975678844352,0.38936905267816324,0.9712577385608215,1.2172508359654903,272.73540617598485,150.70232160071865
post_break_work_g_rawpos_mean,PRW,nested_rbf_svr,A181,310,272.5959710046107,213.56630330809182,2.733746388726909,-0.1306414950771735,0.07166263209221,0.05282834524935619,0.9419745018123992,1.2269638050210165,766.4432036982179,256.77845398313536
post_break_work_g_rawpos_mean,PRW,nested_rbf_svr,Cuihongli,295,286.61835059170835,238.8794841831288,-0.19077939107704942,-0.14975538445851222,-0.010878392512091582,-0.007170941059684674,0.9341887150473254,1.3364965641965234,865.158839592667,267.75562864825184
post_break_work_g_rawpos_mean,PRW,nested_rbf_svr,Fengtangli,183,436.99716383133443,369.73954440967566,-1.1277326427375767,0.00617980571018828,0.13582864995536076,0.0631425549679703,1.0058563042472901,1.7178385229757083,697.7566333188962,439.5563521779336
post_break_work_g_rawpos_mean,PRW,nested_rbf_svr,Fengwei Huanghou,86,450.27432852216344,342.26466201181796,-0.1316862238827446,0.008156428100595137,0.14881844738187383,0.07420474480854411,1.0099925521894753,1.1402751495447143,1484.5804083633604,454.77371824950205
post_break_work_g_rawpos_mean,PRW,nested_rbf_svr,Furongli,278,678.0706866009662,529.8403586836409,-4.119253759115266,0.090719342466555,0.338468103442903,0.12057776910696785,1.0505906637401583,1.3126897624093137,1896.542678753129,712.3747326988539
post_break_work_g_rawpos_mean,PRW,nested_rbf_svr,Konglongdan,778,589.1877180802802,473.5260236253219,-2.287639978336231,0.0342680188471669,0.1868036947974424,0.07565432903788503,1.0182419427251812,1.3337028859512434,1367.145429223426,599.9356466878809
post_break_work_g_rawpos_mean,PRW,nested_rbf_svr,L31,216,187.02467544931105,149.52735761576784,1.116054140794268,-0.011074797757218535,0.2198818832240817,0.16779771154345713,0.9968183015250563,1.5986005158825505,306.19750490206417,186.42961932465715
post_break_work_g_rawpos_mean,PRW,nested_rbf_svr,Naili,144,443.05352774872773,346.0657306232741,-1.5087124480100214,0.1971849798329839,0.4953525582627048,0.25396178782088497,1.1199676611457907,1.623041593229127,1233.9381482005606,496.2056232351343
post_break_work_g_rawpos_mean,PRW,nested_rbf_svr,Qingcuili,329,492.73322444607356,407.04320909588483,-2.619978630859108,0.05785158164081283,0.24058329012310364,0.10883655680445938,1.0318138792975748,1.5797404459247704,1098.8780984395628,508.4089797745058
post_break_work_g_rawpos_mean,PRW,nested_rbf_svr,Weidi,681,144.7212687035859,112.10594753235513,-0.6645809122395361,-0.008144966532370734,0.4587147737046028,0.4573647981494013,0.9966842755289268,1.3323382657177076,270.8962439386038,144.24141285146067
post_break_work_g_rawpos_mean,PRW,nested_rbf_svr,Weijin,320,346.55242650366154,264.5295807830959,-1.6140679361825605,-0.07647629441142656,0.07304464275093697,0.04646062401559474,0.9653335769360705,1.109199979315577,1272.3389383913466,334.53869347265424
post_break_work_g_rawpos_mean,PRW,nested_rbf_svr,Weiwang,478,571.9965893919932,446.66011377842955,-0.6851017925496041,0.014586512143895503,0.12774449260816956,0.04205990940194232,1.0084294206047197,1.2428211815991261,1248.8175231489936,576.8181892284435
post_break_work_g_rawpos_mean,PRW,nested_rbf_svr,Weixin,191,407.66659115720006,326.35316982874156,-6.660708369237899,-0.03520593298361829,0.04622501141626443,0.02087676502042529,0.9854316503929114,1.31834811872107,1164.1255215114907,401.7275617340919
post_break_work_g_rawpos_mean,PRW,nested_rbf_svr,Zaoshu Konglongdan,264,183.31598229371747,146.6450118422947,-0.6413185189072417,-0.00688310495718536,0.28002184704234506,0.24138134896056657,0.9984689464780324,1.4131392959972187,699.5038383105133,183.03531571339371
post_break_work_g_rawpos_mean,PRW,residual_cnn,3.13,300,171.30402053308902,132.35526142438164,20.297903462714057,-0.2964187183301099,0.41817371934735237,0.41315065887443414,0.8797360454923417,1.1025491939876768,272.73540617598485,150.70232160071865
post_break_work_g_rawpos_mean,PRW,residual_cnn,A181,310,257.2577752789397,203.2655865788316,-4.572186728998502,-0.006985168854509061,0.2575211701135982,0.2125307349835588,0.9981368054073989,1.3001177105514554,766.4432036982179,256.77845398313536
post_break_work_g_rawpos_mean,PRW,residual_cnn,Cuihongli,295,277.88928673553903,226.44204560161285,2.0305384128012025,-0.0807893968602349,0.1566701195207163,0.12241407600227948,0.9635334697269882,1.3784786211137623,865.158839592667,267.75562864825184
post_break_work_g_rawpos_mean,PRW,residual_cnn,Fengtangli,183,429.2935904087379,360.146219116397,-26.593337756257675,0.040909941876802414,0.2510907472889129,0.16847168089179412,1.0239061611877884,1.7486647348865554,697.7566333188962,439.5563521779336
post_break_work_g_rawpos_mean,PRW,residual_cnn,Fengwei Huanghou,86,427.7565939040532,328.9916673950771,-80.09196441208628,0.1048779933498537,0.3912627180689492,0.18609370364745734,1.0631600417865419,1.2003009061899366,1484.5804083633604,454.77371824950205
post_break_work_g_rawpos_mean,PRW,residual_cnn,Furongli,278,666.510013460385,521.3194446029156,4.8724145872395495,0.12146034369956504,0.4073821377908474,0.1541737848357308,1.0688132485817408,1.3354584785151868,1896.542678753129,712.3747326988539
post_break_work_g_rawpos_mean,PRW,residual_cnn,Konglongdan,778,576.2167076946857,446.57699097072435,-77.28432301157493,0.07632128322576615,0.30486914776473034,0.16880139726460094,1.041163226745176,1.3637253996235426,1367.145429223426,599.9356466878809
post_break_work_g_rawpos_mean,PRW,residual_cnn,L31,216,196.4470755878205,158.48585347046648,-21.03361825673821,-0.11551804971659818,0.1797816111417883,0.14995059371960234,0.94900684454992,1.5219251381646504,306.19750490206417,186.42961932465715
post_break_work_g_rawpos_mean,PRW,residual_cnn,Naili,144,395.7116859782174,308.0176133352586,-39.48170632697962,0.35958596205952487,0.6257988673387409,0.4764267797221453,1.253957466554194,1.8172177599088242,1233.9381482005606,496.2056232351343
post_break_work_g_rawpos_mean,PRW,residual_cnn,Qingcuili,329,494.7737657992444,403.0852489857122,5.710923887379797,0.05003204159817598,0.23113666569115837,0.12302519196573782,1.0275584821140131,1.5732252951022954,1098.8780984395628,508.4089797745058
post_break_work_g_rawpos_mean,PRW,residual_cnn,Weidi,681,187.77723453805513,145.39307182962654,49.11630114881338,-0.6972434502693929,0.5148713413002141,0.4653826528730797,0.7681517581527092,1.0268427087625758,270.8962439386038,144.24141285146067
post_break_work_g_rawpos_mean,PRW,residual_cnn,Weijin,320,344.5831489129261,261.091826118052,-39.56186197534949,-0.06427694221474001,0.15750794281888555,0.11324873250222654,0.970850416011463,1.1155390085739763,1272.3389383913466,334.53869347265424
post_break_work_g_rawpos_mean,PRW,residual_cnn,Weiwang,478,530.3084051620903,389.9992018844737,-89.72758862922504,0.15298979085780207,0.44286602151322796,0.24206821490461583,1.0877032753273776,1.3405208557491028,1248.8175231489936,576.8181892284435
post_break_work_g_rawpos_mean,PRW,residual_cnn,Weixin,191,393.02242948735966,315.3221758844301,-14.256612435244302,0.03783139840903149,0.21838694625293592,0.12374652936326307,1.0221491996222374,1.3674702591873618,1164.1255215114907,401.7275617340919
post_break_work_g_rawpos_mean,PRW,residual_cnn,Zaoshu Konglongdan,264,215.14264250343743,166.40983150320437,-28.2500192806222,-0.38685606516031146,0.28711247843328414,0.2832568656802441,0.8507626083958194,1.2040895991107088,699.5038383105133,183.03531571339371
post_break_work_g_rawpos_mean,PRW,no_neural_b50,3.13,300,162.32370728288714,123.40069864590082,1.7661866916364897,-0.16405657089594938,0.42207450842026684,0.4220355398714449,0.9284061097624174,1.1635460582258237,272.73540617598485,150.70232160071865
post_break_work_g_rawpos_mean,PRW,no_neural_b50,A181,310,268.4758853634487,208.20798847994024,1.5639820889838325,-0.09672216678277756,0.15179972346196632,0.12111705523544443,0.9564302344529828,1.2457930415777714,766.4432036982179,256.77845398313536
post_break_work_g_rawpos_mean,PRW,no_neural_b50,Cuihongli,295,293.0263151556947,241.34125173969892,-0.047480113792418274,-0.20174054772292682,-0.027254407983086003,-0.019548983302884817,0.9137596686699769,1.3072697603898058,865.158839592667,267.75562864825184
post_break_work_g_rawpos_mean,PRW,no_neural_b50,Fengtangli,183,438.80333051019267,373.79124432138155,-1.2746952895937342,-0.0020523503042282343,0.1660395665052801,0.1007630368807475,1.0017160801101155,1.710767695376815,697.7566333188962,439.5563521779336
post_break_work_g_rawpos_mean,PRW,no_neural_b50,Fengwei Huanghou,86,448.1272527088553,347.0439482633641,-0.22770204454788687,0.01759283578980475,0.19002522970875577,0.11202204216667495,1.0148316477082568,1.1457384575209744,1484.5804083633604,454.77371824950205
post_break_work_g_rawpos_mean,PRW,no_neural_b50,Furongli,278,672.2455076262237,526.548067578018,-2.6090434938448896,0.10627515720415504,0.40483942219639235,0.12992479654840766,1.0596943000992765,1.3240645543827814,1896.542678753129,712.3747326988539
post_break_work_g_rawpos_mean,PRW,no_neural_b50,Konglongdan,778,586.8329958194191,469.85882959274886,-1.9187767231447221,0.041971799418390576,0.2114480182433165,0.10425944816645406,1.0223277337194818,1.3390544934738213,1367.145429223426,599.9356466878809
post_break_work_g_rawpos_mean,PRW,no_neural_b50,L31,216,187.746455433887,151.71606343141542,0.9732004778962796,-0.018893891673358754,0.25463616249697907,0.2137653213306246,0.992986093366255,1.5924547921029442,306.19750490206417,186.42961932465715
post_break_work_g_rawpos_mean,PRW,no_neural_b50,Naili,144,441.6403899718389,346.2974853639482,-0.866435113506117,0.20229803689292014,0.47076458101711627,0.28139977476377004,1.1235512749791177,1.6282349166681362,1233.9381482005606,496.2056232351343
post_break_work_g_rawpos_mean,PRW,no_neural_b50,Qingcuili,329,497.6762156206657,408.2723464115065,-1.932898033095721,0.03885391620610379,0.20275134055066002,0.095436927898144,1.0215657566445182,1.5640502384419515,1098.8780984395628,508.4089797745058
post_break_work_g_rawpos_mean,PRW,no_neural_b50,Weidi,681,172.69776586527172,135.8281552101784,0.5490233004926134,-0.4355942243511415,0.48355506579789775,0.4672146191924215,0.8352245446185391,1.1165036397021293,270.8962439386038,144.24141285146067
post_break_work_g_rawpos_mean,PRW,no_neural_b50,Weijin,320,354.3932199168797,270.2517545845473,-1.280400940376954,-0.125738169241695,0.07870123011763618,0.058192333838598766,0.9439759980484893,1.0846594198381718,1272.3389383913466,334.53869347265424
post_break_work_g_rawpos_mean,PRW,no_neural_b50,Weiwang,478,556.9576746213694,434.1301504346529,0.07424265937300878,0.06572224331816812,0.2596152397757861,0.10835163393144374,1.0356589297751857,1.2763797133814587,1248.8175231489936,576.8181892284435
post_break_work_g_rawpos_mean,PRW,no_neural_b50,Weixin,191,407.00012862433056,325.47924226389154,-3.950458064750419,-0.03182394373147779,0.09755352127963327,0.05378972174189214,0.9870452942900534,1.3205069131897018,1164.1255215114907,401.7275617340919
post_break_work_g_rawpos_mean,PRW,no_neural_b50,Zaoshu Konglongdan,264,207.27689709252428,164.47299608328103,-0.16179516588324083,-0.28730124836950655,0.27810934284977573,0.27592992746510714,0.883047354919108,1.2497824012096597,699.5038383105133,183.03531571339371
post_break_work_g_rawpos_mean,PRW,cultivar_mean_null,3.13,300,150.62124984733995,116.78374612694383,-2.9937533933358885e-14,-0.0022652544785386475,-0.06345958613919607,-0.0020130528612557395,1.0005382491080168,1.2539473013073084,272.73540617598485,150.70232160071865
post_break_work_g_rawpos_mean,PRW,cultivar_mean_null,A181,310,257.1615467604121,199.91968369303066,-5.5009760187878726e-14,-0.006231974376430527,-0.10525714017632519,-0.005535699630354629,0.9985103030289609,1.3006042078632576,766.4432036982179,256.77845398313536
post_break_work_g_rawpos_mean,PRW,cultivar_mean_null,Cuihongli,295,268.9462711514888,220.02249002981898,-6.166065774731717e-15,-0.012344952603024817,-0.14814378962811028,-0.010958260180184838,0.9955729354486335,1.4243158648804053,865.158839592667,267.75562864825184
post_break_work_g_rawpos_mean,PRW,cultivar_mean_null,Fengtangli,183,440.3046401378484,371.47613022826494,-0.16219942900915768,-0.008920868735326826,-0.1259831019683228,-0.00792232352766095,0.9983005222028082,1.7049344795130268,697.7566333188962,439.5563521779336
post_break_work_g_rawpos_mean,PRW,cultivar_mean_null,Fengwei Huanghou,86,453.81662636067034,350.83605143913167,0.13392884266307267,-0.007510577798502727,-0.11602506260337422,-0.006675911244951714,1.0021089837463801,1.131374651054989,1484.5804083633604,454.77371824950205
post_break_work_g_rawpos_mean,PRW,cultivar_mean_null,Furongli,278,711.5146309190405,559.7943724456359,-0.0034172058743502185,-0.0011881084915765783,-0.04598150818109385,-0.0010560623426682236,1.0012088321763706,1.2509882577414235,1896.542678753129,712.3747326988539
post_break_work_g_rawpos_mean,PRW,cultivar_mean_null,Konglongdan,778,600.1088161044788,486.82352498885484,-0.017357427147799358,-0.0018651209949029912,-0.057559281994171256,-0.0016574058850070512,0.9997114366395714,1.309431454567882,1367.145429223426,599.9356466878809
post_break_work_g_rawpos_mean,PRW,cultivar_mean_null,L31,216,186.21558344056749,153.04260094915736,0.01932985194424877,-0.0023456497062652737,-0.06452739949762668,-0.0020841561504569704,1.0011493983485973,1.6055463089181088,306.19750490206417,186.42961932465715
post_break_work_g_rawpos_mean,PRW,cultivar_mean_null,Naili,144,499.56048439803754,402.1344436064162,0.20478343220623982,-0.02065565827800464,-0.1916240326331663,-0.018318332197835373,0.9932843744297634,1.439453932049044,1233.9381482005606,496.2056232351343
post_break_work_g_rawpos_mean,PRW,cultivar_mean_null,Qingcuili,329,507.6941072051167,417.0359819673984,0.006082857926114539,-0.00022999496315767587,-0.020194771462434622,-0.00020438195199206673,1.001408077342722,1.5331881789872888,1098.8780984395628,508.4089797745058
post_break_work_g_rawpos_mean,PRW,cultivar_mean_null,Weidi,681,144.43839285412028,113.85087383827006,0.004198306012643178,-0.0042077269481712865,-0.08653007718567886,-0.003738806651776394,0.9986362351534985,1.3349475880124462,270.8962439386038,144.24141285146067
post_break_work_g_rawpos_mean,PRW,cultivar_mean_null,Weijin,320,336.6831731727015,253.34187764250254,4.689582056016661e-14,-0.016036724360760868,-0.1688482519806117,-0.014229511126484743,0.9936305706048836,1.1417141542516251,1272.3389383913466,334.53869347265424
post_break_work_g_rawpos_mean,PRW,cultivar_mean_null,Weiwang,478,577.8443993158685,450.0331432048648,0.07833487487880432,-0.005665242532030268,-0.10052816224700645,-0.005034309663666932,0.9982240719324442,1.2302437783259226,1248.8175231489936,576.8181892284435
post_break_work_g_rawpos_mean,PRW,cultivar_mean_null,Weixin,191,402.89947048627215,325.6862429589793,0.12592916641463617,-0.011136765444011765,-0.14027081577625541,-0.009880809061247242,0.9970913122552238,1.3339468599173514,1164.1255215114907,401.7275617340919
post_break_work_g_rawpos_mean,PRW,cultivar_mean_null,Zaoshu Konglongdan,264,183.29023813248176,150.1081334393656,-0.03493689837183534,-0.0066003195663078,-0.10867494193932384,-0.005866438343127875,0.998609187146651,1.4133377794857849,699.5038383105133,183.03531571339371
post_break_work_g_rawpos_mean,PRW,plumspectra_corrected,3.13,300,151.58641652720667,115.68654343670549,11.448788677701417,-0.015151250076246958,0.4433401457330201,0.4393303288483897,0.9941677166942637,1.2459632867678962,272.73540617598485,150.70232160071865
post_break_work_g_rawpos_mean,PRW,plumspectra_corrected,A181,310,259.7792747323354,204.12868651854566,-0.9192201701357986,-0.026821739730452876,0.1899409144242432,0.14018844030043734,0.9884485752287516,1.2874983586039863,766.4432036982179,256.77845398313536
post_break_work_g_rawpos_mean,PRW,plumspectra_corrected,Cuihongli,295,277.33214565578226,228.31861525577398,0.9198795108620766,-0.07645998531465859,0.09273324601973439,0.06210985315201544,0.9654691417582131,1.381247889225733,865.158839592667,267.75562864825184
post_break_work_g_rawpos_mean,PRW,plumspectra_corrected,Fengtangli,183,426.866419499715,362.97255057559397,-13.860535199497637,0.051724427745337254,0.23401210415981188,0.12109189761800217,1.0297281118835517,1.7586076771754455,697.7566333188962,439.5563521779336
post_break_work_g_rawpos_mean,PRW,plumspectra_corrected,Fengwei Huanghou,86,434.17234950860416,333.40762145465703,-40.111825317984525,0.07782545103545246,0.29917569709119074,0.13350261166806193,1.047449748387281,1.182564085144673,1484.5804083633604,454.77371824950205
post_break_work_g_rawpos_mean,PRW,plumspectra_corrected,Furongli,278,669.7117153151615,522.5073142152615,0.37658041406214793,0.11299962160742705,0.415228889842687,0.13833644208605786,1.0637035554374548,1.3290740301176747,1896.542678753129,712.3747326988539
post_break_work_g_rawpos_mean,PRW,plumspectra_corrected,Konglongdan,778,577.7276785951722,455.6090170581187,-39.78598149495557,0.07147074174931234,0.2781255727437216,0.12554799061329397,1.038440201007351,1.3601587548678407,1367.145429223426,599.9356466878809
post_break_work_g_rawpos_mean,PRW,plumspectra_corrected,L31,216,185.9305968925188,151.3824694013652,-9.958782057971971,0.0007200060939542841,0.22581745811040088,0.16699031269528938,1.0026839177654383,1.6080072223339645,306.19750490206417,186.42961932465715
post_break_work_g_rawpos_mean,PRW,plumspectra_corrected,Naili,144,412.7898405029663,319.06514340238687,-20.495209387494825,0.3031150405910734,0.6097519109725973,0.3804932049402909,1.2020780904649435,1.7420348879877845,1233.9381482005606,496.2056232351343
post_break_work_g_rawpos_mean,PRW,plumspectra_corrected,Qingcuili,329,489.90134359482,402.5203964828284,1.5454726282603473,0.0686500620281909,0.2635123020895311,0.11763378079613887,1.0377782923473522,1.588872155354139,1098.8780984395628,508.4089797745058
post_break_work_g_rawpos_mean,PRW,plumspectra_corrected,Weidi,681,152.75549539915139,119.13209038636562,24.225860118286924,-0.12318669394565962,0.5186060840769133,0.508832895551439,0.9442633305895585,1.2622634861886166,270.8962439386038,144.24141285146067
post_break_work_g_rawpos_mean,PRW,plumspectra_corrected,Weijin,320,341.9820636030046,258.848205596477,-20.587964955766022,-0.04827019917591313,0.1264691981288166,0.0824414850077196,0.9782346183541629,1.124023699546584,1272.3389383913466,334.53869347265424
post_break_work_g_rawpos_mean,PRW,plumspectra_corrected,Weiwang,478,544.4468876422723,413.93087784180216,-45.20634521088732,0.10722367934745203,0.3760621099369492,0.14946826875343638,1.0594572258946235,1.3057095067203612,1248.8175231489936,576.8181892284435
post_break_work_g_rawpos_mean,PRW,plumspectra_corrected,Weixin,191,396.64781011964556,318.2803724350481,-10.45866040224111,0.019998748238847064,0.16354840308433666,0.07457771156493326,1.012806705305934,1.354971513281291,1164.1255215114907,401.7275617340919
post_break_work_g_rawpos_mean,PRW,plumspectra_corrected,Zaoshu Konglongdan,264,188.67919332001662,149.1036271127539,-14.445668899764724,-0.06666099558289673,0.3087067576862091,0.28931503707756434,0.9700874404468627,1.3729707743885096,699.5038383105133,183.03531571339371
post_break_work_g_rawpos_mean,PRW,plumspectra_fixed_gate_sensitivity,3.13,300,156.28668381207476,118.79316452354234,5.693522961585784,-0.07908121721349692,0.43455005884978914,0.43367071565362647,0.9642684707670235,1.2084913772481845,272.73540617598485,150.70232160071865
post_break_work_g_rawpos_mean,PRW,plumspectra_fixed_gate_sensitivity,A181,310,263.68002755842565,205.2022725354038,0.5318492331357191,-0.05789003390994929,0.17098645037263788,0.13095446099663577,0.973825952465205,1.2684517402180024,766.4432036982179,256.77845398313536
post_break_work_g_rawpos_mean,PRW,plumspectra_fixed_gate_sensitivity,Cuihongli,295,285.97045425474386,236.05320687287002,0.7713533617578725,-0.14456325103227696,0.018630114711176638,0.012831736310090547,0.9363052184745416,1.3395245386443213,865.158839592667,267.75562864825184
post_break_work_g_rawpos_mean,PRW,plumspectra_fixed_gate_sensitivity,Fengtangli,183,433.245965654589,369.4102471421361,-6.79892485219638,0.023168546595923822,0.19207086320813324,0.10809366566091762,1.0145653670745907,1.7327121819273696,697.7566333188962,439.5563521779336
post_break_work_g_rawpos_mean,PRW,plumspectra_fixed_gate_sensitivity,Fengwei Huanghou,86,441.6738088042463,339.4660712524566,-16.571797539822022,0.04568422826131979,0.22542890918745034,0.11939940776416115,1.0296596927056225,1.1624792257476044,1484.5804083633604,454.77371824950205
post_break_work_g_rawpos_mean,PRW,plumspectra_fixed_gate_sensitivity,Furongli,278,671.0985397243854,524.9115508431385,-1.334866090498724,0.10932225597690015,0.413071726384883,0.13306467904136463,1.0615054131862964,1.3263275000665293,1896.542678753129,712.3747326988539
post_break_work_g_rawpos_mean,PRW,plumspectra_fixed_gate_sensitivity,Konglongdan,778,582.3536567482658,463.35467476237255,-17.780878475432136,0.05654137935365611,0.2397864383745253,0.1121654861556989,1.0301912587581041,1.349354212624745,1367.145429223426,599.9356466878809
post_break_work_g_rawpos_mean,PRW,plumspectra_fixed_gate_sensitivity,L31,216,185.53346733426673,150.45128273810394,-3.2318911351374937,0.004984175839071736,0.24942913582486725,0.1965778444217736,1.0048301365961962,1.6114491199443892,306.19750490206417,186.42961932465715
post_break_work_g_rawpos_mean,PRW,plumspectra_fixed_gate_sensitivity,Naili,144,429.54168159792806,335.0126739717127,-8.94212485241036,0.2454053574872498,0.5356538015806308,0.3208045076230582,1.1551978410784518,1.6740966811136797,1233.9381482005606,496.2056232351343
post_break_work_g_rawpos_mean,PRW,plumspectra_fixed_gate_sensitivity,Qingcuili,329,494.3382909851533,405.636235092988,-0.36986350015733843,0.05170353307744735,0.22779402043392036,0.10393596262735205,1.0284636837686827,1.5746111881342568,1098.8780984395628,508.4089797745058
post_break_work_g_rawpos_mean,PRW,plumspectra_fixed_gate_sensitivity,Weidi,681,162.7489600500882,127.32791158712143,10.502104889930504,-0.27495456465766543,0.4979865165269819,0.487457055351282,0.8862816254375354,1.1847552457334276,270.8962439386038,144.24141285146067
post_break_work_g_rawpos_mean,PRW,plumspectra_fixed_gate_sensitivity,Weijin,320,348.68801530343876,264.97646150462754,-9.286059740909643,-0.0897844921064066,0.09631767339835434,0.06754957915899727,0.9594212556503516,1.1024065280107533,1272.3389383913466,334.53869347265424
post_break_work_g_rawpos_mean,PRW,plumspectra_fixed_gate_sensitivity,Weiwang,478,550.5291223348995,424.65021653777086,-18.265182950006785,0.08716513549914773,0.31574265170132365,0.1259998782771565,1.047752363729728,1.2912840542999955,1248.8175231489936,576.8181892284435
post_break_work_g_rawpos_mean,PRW,plumspectra_fixed_gate_sensitivity,Weixin,191,402.2866014833217,322.32580962699996,-7.04392538568667,-0.008062931379862581,0.12159337545235502,0.06151825886595402,0.998610344597189,1.3359790794320257,1164.1255215114907,401.7275617340919
post_break_work_g_rawpos_mean,PRW,plumspectra_fixed_gate_sensitivity,Zaoshu Konglongdan,264,198.6943960975437,157.661015836197,-6.154285828385496,-0.1829043537085968,0.2880884010123,0.2810698261268898,0.9211901256819414,1.3037661013670883,699.5038383105133,183.03531571339371
skin_break_displacement_raw_mean,RD,global_pls,3.13,300,0.6448329014405586,0.49096337287872455,-0.04756658052551741,-0.04110686401806962,0.34708467065491605,0.3309674535934373,0.9816968066882578,1.2790135214216012,2.4736150000000006,0.6330304001917204
skin_break_displacement_raw_mean,RD,global_pls,A181,310,0.44546913731375853,0.3421252226806058,-0.04961763588831899,-0.004718565659513674,0.30856105317780047,0.2706999989585128,0.9992620486485962,1.2613107237645875,2.458358064516129,0.44514040276186917
skin_break_displacement_raw_mean,RD,global_pls,Cuihongli,295,0.459781886195081,0.3658193352333489,0.057685311730940735,-0.49891102240424323,-0.010121434585400643,-0.00926009416516572,0.8181810493104957,0.9787249422198154,2.2562355932203393,0.3761848261010503
skin_break_displacement_raw_mean,RD,global_pls,Fengtangli,183,0.6931323265481412,0.5709561505443314,0.2835731044090094,-0.22170453129670098,0.2806135080205209,0.21335048406202625,0.9072077644639096,1.0719453869655857,2.6881010928961744,0.6288150284454077
skin_break_displacement_raw_mean,RD,global_pls,Fengwei Huanghou,86,0.746687586686186,0.7046539033832416,0.7046539033832416,-9.327421558072594,0.3532747478771964,0.05544911388944083,0.3129996199915062,0.3410060707317131,1.7269651162790698,0.23371293088515108
skin_break_displacement_raw_mean,RD,global_pls,Furongli,278,0.41795519917860025,0.3304095870804035,0.03740723955795433,0.3018951191216378,0.5545866204372081,0.464385046805949,1.199008263405801,1.5396387011446622,1.9774118705035977,0.5011317375485591
skin_break_displacement_raw_mean,RD,global_pls,Konglongdan,778,0.4474702660080316,0.35933294494329804,0.0420195979120508,-0.49904114673464917,0.08296619092916874,0.07993692828135428,0.8172830880030915,1.0458795489924277,2.0514383033419024,0.3657098807926088
skin_break_displacement_raw_mean,RD,global_pls,L31,216,0.5625571773444628,0.43443337341687255,-0.3893283433186381,-0.5371194104145098,0.44635716577102835,0.20156496412581973,0.8084512599844339,1.0672248514080884,2.6916342592592595,0.45480005883741753
skin_break_displacement_raw_mean,RD,global_pls,Naili,144,0.9291335177893745,0.696515121838538,-0.47526719965217545,0.25008385280073997,0.7284528999162624,0.4597481577674531,1.1587956996586404,1.6675482805596422,3.2269895833333333,1.076675924823032
skin_break_displacement_raw_mean,RD,global_pls,Qingcuili,329,0.5605892690594686,0.45796839562855335,0.13954091601141724,0.09626627965208467,0.4025731610074541,0.30885155212499943,1.0535151457383003,1.4208263410684439,2.1603617021276595,0.5905892854925133
skin_break_displacement_raw_mean,RD,global_pls,Weidi,681,0.7803527362151945,0.5853071542779771,-0.3540798899986921,0.12763877174992688,0.5544346995661067,0.4187929423260404,1.0714475644239658,1.4390927946849965,3.753765051395008,0.8361070386093477
skin_break_displacement_raw_mean,RD,global_pls,Weijin,320,0.5167559342378859,0.4335350064911835,0.34942336720179307,-1.8214408937346906,0.1486420420176012,0.08596594142930024,0.59627166122765,0.8623510064905442,1.6446,0.3081269193572705
skin_break_displacement_raw_mean,RD,global_pls,Weiwang,478,0.45652706197225024,0.3526248847652015,-0.17718377984638348,-0.4602451559352694,0.1274543918261014,0.09963837439201069,0.8284033980525237,1.0344403198352026,2.222314853556486,0.3781885694407472
skin_break_displacement_raw_mean,RD,global_pls,Weixin,191,0.6301034322746348,0.5465071635777519,0.4774100321300087,-0.9880938351219963,0.4178879049396337,0.19173762146750975,0.7110848793962884,0.9442894126954504,2.0834921465968588,0.44805702314619605
skin_break_displacement_raw_mean,RD,global_pls,Zaoshu Konglongdan,264,0.6299555558834735,0.5216304858334218,0.3324300557332925,-0.2972902557599508,0.32003606825758546,0.20296937094615589,0.8796410963885096,1.0756711226233548,2.957579545454545,0.5541347958533717
skin_break_displacement_raw_mean,RD,cultivar_aware_pls,3.13,300,0.6426208657445951,0.4885485833621195,-0.0007164179386984474,-0.033976286489371565,0.34498424943779793,0.32940444196255225,0.9850760128341579,1.2834161540092102,2.4736150000000006,0.6330304001917204
skin_break_displacement_raw_mean,RD,cultivar_aware_pls,A181,310,0.43185821586783835,0.33595408326276766,0.0007389592560912893,0.05574007564997685,0.35452274944060974,0.3173133791276229,1.0307558972042241,1.3010635883605697,2.458358064516129,0.44514040276186917
skin_break_displacement_raw_mean,RD,cultivar_aware_pls,Cuihongli,295,0.4531398803366053,0.3599674059582949,0.00041911244747001847,-0.45591730927305596,0.02015044279216155,0.01889276502123161,0.8301737331563257,0.9930708364616363,2.2562355932203393,0.3761848261010503
skin_break_displacement_raw_mean,RD,cultivar_aware_pls,Fengtangli,183,0.6403214195765025,0.5070979561089843,0.0005980829417482371,-0.042629325727410405,0.27020001524756754,0.2402933414843869,0.982030288571785,1.1603547488563029,2.6881010928961744,0.6288150284454077
skin_break_displacement_raw_mean,RD,cultivar_aware_pls,Fengwei Huanghou,86,0.2513630984612307,0.2019577057282934,0.0020934555929292185,-0.17035357020222697,0.3252041270022914,0.32097685281262667,0.9297821848786529,1.0129768512511952,1.7269651162790698,0.23371293088515108
skin_break_displacement_raw_mean,RD,cultivar_aware_pls,Furongli,278,0.41960160010828274,0.3226450158905646,0.0011988278524144094,0.2963843643977596,0.5444485868889752,0.4546039355185942,1.1943036857324583,1.5335975835981952,1.9774118705035977,0.5011317375485591
skin_break_displacement_raw_mean,RD,cultivar_aware_pls,Konglongdan,778,0.44609063586829334,0.3584655901543137,0.0013243025538241166,-0.48981177750173877,0.08204981198141159,0.07974324904305885,0.8198107097244322,1.0491141538738264,2.0514383033419024,0.3657098807926088
skin_break_displacement_raw_mean,RD,cultivar_aware_pls,L31,216,0.4000738504996471,0.32040131126206245,-0.0008898839992314987,0.22258198723153022,0.473251295172777,0.3468054855844704,1.136790265770741,1.5006604386919995,2.6916342592592595,0.45480005883741753
skin_break_displacement_raw_mean,RD,cultivar_aware_pls,Naili,144,0.8038300651700401,0.6287760560556498,-0.00240804334578695,0.4387130535906558,0.7173552936748073,0.53041100021556,1.3394322649467894,1.927490731106521,3.2269895833333333,1.076675924823032
skin_break_displacement_raw_mean,RD,cultivar_aware_pls,Qingcuili,329,0.5481334648893871,0.4352146699523851,0.0012856792107432703,0.13598046434112343,0.3887787900141371,0.3153931410493404,1.0774552610315333,1.453113248906872,2.1603617021276595,0.5905892854925133
skin_break_displacement_raw_mean,RD,cultivar_aware_pls,Weidi,681,0.6968979148717612,0.5384605264272452,-0.0020371316311002256,0.3042507121553577,0.5517275897958556,0.4720852980372712,1.1997554028601203,1.611426833163442,3.753765051395008,0.8361070386093477
skin_break_displacement_raw_mean,RD,cultivar_aware_pls,Weijin,320,0.37841068656822624,0.3027440244986431,0.001114011889341314,-0.512957737691127,0.14639564905952265,0.14515140126302736,0.8142659028782904,1.1776226618791792,1.6446,0.3081269193572705
skin_break_displacement_raw_mean,RD,cultivar_aware_pls,Weiwang,478,0.41383886874260084,0.32690386732824495,-0.0010800181889566518,-0.1999282477844586,0.14493593468981172,0.12934422961797204,0.9138546376511884,1.1411446233527414,2.222314853556486,0.3781885694407472
skin_break_displacement_raw_mean,RD,cultivar_aware_pls,Weixin,191,0.4067385151192235,0.3284311336215192,0.001144281048255548,0.17159295107087214,0.4369665541374807,0.377990517818327,1.1015849409167981,1.4628563017337948,2.0834921465968588,0.44805702314619605
skin_break_displacement_raw_mean,RD,cultivar_aware_pls,Zaoshu Konglongdan,264,0.5337284144187893,0.4234826069118114,0.0013671020827692919,0.06876780250341363,0.334998996280941,0.281090719320242,1.0382336425854415,1.2696063797500914,2.957579545454545,0.5541347958533717
skin_break_displacement_raw_mean,RD,nested_rbf_svr,3.13,300,0.617321979657522,0.4680445077561628,0.0006139508053105006,0.045832953877004146,0.34876407810852683,0.3132944673647217,1.025446073607995,1.336012692205698,2.4736150000000006,0.6330304001917204
skin_break_displacement_raw_mean,RD,nested_rbf_svr,A181,310,0.433946848439832,0.3354329379905968,-0.006209889761338422,0.04658437986799402,0.339123138642681,0.2992588894389345,1.0257947588795295,1.2948014302214914,2.458358064516129,0.44514040276186917
skin_break_displacement_raw_mean,RD,nested_rbf_svr,Cuihongli,295,0.4197909600929197,0.3272345912275345,0.0021303857663465798,-0.2495058745942098,0.06738016932999875,0.05804658910787549,0.8961241709868709,1.0719621020433407,2.2562355932203393,0.3761848261010503
skin_break_displacement_raw_mean,RD,nested_rbf_svr,Fengtangli,183,0.607368245340349,0.4806180907435592,0.011587314334346758,0.0619239655724354,0.3338297982364603,0.2833753538996041,1.03531100492921,1.223310579208255,2.6881010928961744,0.6288150284454077
skin_break_displacement_raw_mean,RD,nested_rbf_svr,Fengwei Huanghou,86,0.22886039867293073,0.17802365325817704,0.015848630875776138,0.029813242740753254,0.42356979787812643,0.4125527625431159,1.021203022630207,1.112577804969621,1.7269651162790698,0.23371293088515108
skin_break_displacement_raw_mean,RD,nested_rbf_svr,Furongli,278,0.43146684777474176,0.33947507986550585,0.004179370862649794,0.2560288852488406,0.529636015244852,0.34709777749690957,1.1614605852873954,1.4914239722444542,1.9774118705035977,0.5011317375485591
skin_break_displacement_raw_mean,RD,nested_rbf_svr,Konglongdan,778,0.40943613082950114,0.3221574531009354,0.003569236854569042,-0.2550398580119364,0.11017024025697386,0.09915890165743181,0.893203733758658,1.1430354205718303,2.0514383033419024,0.3657098807926088
skin_break_displacement_raw_mean,RD,nested_rbf_svr,L31,216,0.41793510693925445,0.33172729872910134,-0.008147255834232918,0.1516169668228381,0.39973020600412174,0.22673381257361977,1.0882073587168672,1.4365268435974212,2.6916342592592595,0.45480005883741753
skin_break_displacement_raw_mean,RD,nested_rbf_svr,Naili,144,0.7939235791302145,0.6141288934365041,-0.0049873800846920785,0.45246252173622226,0.7002865118787414,0.5639292006040292,1.3561455448931088,1.951541736167385,3.2269895833333333,1.076675924823032
skin_break_displacement_raw_mean,RD,nested_rbf_svr,Qingcuili,329,0.5464738860487354,0.4334767994896738,0.0029354711352674494,0.14120451255164812,0.3759444584061762,0.25267962795021476,1.0807273697243855,1.4575261880472823,2.1603617021276595,0.5905892854925133
skin_break_displacement_raw_mean,RD,nested_rbf_svr,Weidi,681,0.6868805595536883,0.5317431794418455,-0.006118887915877674,0.3241086473664717,0.5731069838122234,0.5199170053229808,1.2172524421896895,1.6349276222487583,3.753765051395008,0.8361070386093477
skin_break_displacement_raw_mean,RD,nested_rbf_svr,Weijin,320,0.3818341709906519,0.30421449795054484,0.006212869437497705,-0.5404570516084932,0.18271501577724525,0.1823259578211104,0.8069652817029151,1.1670642227851111,1.6446,0.3081269193572705
skin_break_displacement_raw_mean,RD,nested_rbf_svr,Weiwang,478,0.38127437420671356,0.2967690838963168,-0.006229647289339634,-0.018516231960836294,0.13532596067704283,0.07984062612537167,0.9919066032895949,1.238609337390093,2.222314853556486,0.3781885694407472
skin_break_displacement_raw_mean,RD,nested_rbf_svr,Weixin,191,0.4137211057931461,0.33197281718086546,0.012811833168272025,0.14290582882616965,0.41158025790324493,0.3544897673819892,1.082992907232094,1.4381668995574348,2.0834921465968588,0.44805702314619605
skin_break_displacement_raw_mean,RD,nested_rbf_svr,Zaoshu Konglongdan,264,0.5459643669472992,0.4287273590747643,0.009464391753740677,0.025580575833316965,0.2871359718436396,0.23629179519236956,1.0149651321601014,1.2411524286628126,2.957579545454545,0.5541347958533717
skin_break_displacement_raw_mean,RD,residual_cnn,3.13,300,0.6229192845183157,0.4689777445983592,-0.11244330473574966,0.028451501163574533,0.34192936607286784,0.2899971696861161,1.0162318231666616,1.3240078136892985,2.4736150000000006,0.6330304001917204
skin_break_displacement_raw_mean,RD,residual_cnn,A181,310,0.42514979074399306,0.31881779354979256,-0.10877534417588458,0.08484822815834114,0.4190708990384786,0.3526292230634566,1.0470201619596082,1.3215930296396177,2.458358064516129,0.44514040276186917
skin_break_displacement_raw_mean,RD,residual_cnn,Cuihongli,295,0.42175205501442886,0.3310196145603858,-0.043164055080391485,-0.2612075237503666,0.06699548443962813,0.05704957006936305,0.8919573043649554,1.0669776107779798,2.2562355932203393,0.3761848261010503
skin_break_displacement_raw_mean,RD,residual_cnn,Fengtangli,183,0.6465113317857745,0.4939282329913777,-0.11494073616432662,-0.06288470929573164,0.2599589526955503,0.21838618366530152,0.97262800747593,1.149245130704378,2.6881010928961744,0.6288150284454077
skin_break_displacement_raw_mean,RD,residual_cnn,Fengwei Huanghou,86,0.24831724336221656,0.19308724386252574,0.03855530789554086,-0.142162241537225,0.321042408460145,0.3068906614243356,0.9411868774019757,1.025402008142399,1.7269651162790698,0.23371293088515108
skin_break_displacement_raw_mean,RD,residual_cnn,Furongli,278,0.4200546042794676,0.3177636379640407,-0.04235024535933704,0.29486428976068824,0.5658033000530258,0.40901537533522053,1.193015699490226,1.531943688854009,1.9774118705035977,0.5011317375485591
skin_break_displacement_raw_mean,RD,residual_cnn,Konglongdan,778,0.3913300491816649,0.3083030415927953,0.05835716060320573,-0.14649346745361624,0.16718372955712107,0.13890664294586458,0.9345305364547597,1.1959214503937692,2.0514383033419024,0.3657098807926088
skin_break_displacement_raw_mean,RD,residual_cnn,L31,216,0.4134052388213392,0.32076756792037137,-0.04156215084591417,0.16990801875424177,0.4332758090995012,0.2597715372443869,1.1001313387660476,1.4522675177308557,2.6916342592592595,0.45480005883741753
skin_break_displacement_raw_mean,RD,residual_cnn,Naili,144,0.7717890457165161,0.5822050103120142,-0.09674186820679141,0.4825675386570666,0.7410818745937438,0.5884687463174756,1.3950391377004632,2.007511001353471,3.2269895833333333,1.076675924823032
skin_break_displacement_raw_mean,RD,residual_cnn,Qingcuili,329,0.5322802090711855,0.41870971031974746,-0.03319147075070945,0.18523650132163105,0.4342487761302875,0.3099153948861887,1.1095458283581041,1.4963922881706782,2.1603617021276595,0.5905892854925133
skin_break_displacement_raw_mean,RD,residual_cnn,Weidi,681,0.680217522437892,0.5200286344322264,-0.10066989305417512,0.33715792126048283,0.5935451196648062,0.5045592065402313,1.229175978314627,1.6509424749529955,3.753765051395008,0.8361070386093477
skin_break_displacement_raw_mean,RD,residual_cnn,Weijin,320,0.34364056667712073,0.27691857285917026,0.06232437860775479,-0.24769623487019143,0.21286806764476818,0.1960856048196362,0.8966546712943286,1.2967764670773128,1.6446,0.3081269193572705
skin_break_displacement_raw_mean,RD,residual_cnn,Weiwang,478,0.3740690456155326,0.29373182668096565,0.03652137368202219,0.019615889013631982,0.24706239570549332,0.1768148110834568,1.0110127364814052,1.2624674656597419,2.222314853556486,0.3781885694407472
skin_break_displacement_raw_mean,RD,residual_cnn,Weixin,191,0.3979988262958137,0.314933227985244,-0.045057037637183855,0.20681083938093858,0.47531189654620715,0.40582376536454956,1.1257747348560683,1.4949792830739834,2.0834921465968588,0.44805702314619605
skin_break_displacement_raw_mean,RD,residual_cnn,Zaoshu Konglongdan,264,0.5199769910228119,0.40878130019537323,0.00886963929525265,0.11613570965305064,0.35726669005200595,0.27249149682243146,1.0656909929098406,1.3031826632695511,2.957579545454545,0.5541347958533717
skin_break_displacement_raw_mean,RD,no_neural_b50,3.13,300,0.6239006651050272,0.4727089021520523,-5.123356669398523e-05,0.025387830075777607,0.35300210097665974,0.3260977295953561,1.0146333152011568,1.321925181569023,2.4736150000000006,0.6330304001917204
skin_break_displacement_raw_mean,RD,no_neural_b50,A181,310,0.4290233876892462,0.3305055042852833,-0.002735465252623569,0.06809611702760687,0.35505075010543796,0.3122142683656349,1.0375667516855678,1.3096605362852274,2.458358064516129,0.44514040276186917
skin_break_displacement_raw_mean,RD,no_neural_b50,Cuihongli,295,0.4325914545201779,0.3414446789486603,0.001274749106908308,-0.32686888557606464,0.042632425239926545,0.03807311273137381,0.8696076220883912,1.040242462716074,2.2562355932203393,0.3761848261010503
skin_break_displacement_raw_mean,RD,no_neural_b50,Fengtangli,183,0.6176366082974643,0.4891118142784087,0.0060926986380474965,0.029937010727978386,0.309519562093695,0.2653406354917387,1.0180987007534368,1.2029727351299788,2.6881010928961744,0.6288150284454077
skin_break_displacement_raw_mean,RD,no_neural_b50,Fengwei Huanghou,86,0.23337988445548136,0.18493922271108926,0.008971043234352678,-0.008883183405838047,0.3905067182564273,0.3795955546259092,1.00142705713668,1.0910323338024144,1.7269651162790698,0.23371293088515108
skin_break_displacement_raw_mean,RD,no_neural_b50,Furongli,278,0.41510264589218443,0.32008892755810603,0.002689099357532092,0.31139176261651735,0.579327089812662,0.41623908775665364,1.2072477554833974,1.550218979252511,1.9774118705035977,0.5011317375485591
skin_break_displacement_raw_mean,RD,no_neural_b50,Konglongdan,778,0.4202035033917646,0.3345891451652509,0.0024467697041965805,-0.321918034224707,0.0989933326526157,0.0918023264874343,0.870316115502849,1.1137460688034184,2.0514383033419024,0.3657098807926088
skin_break_displacement_raw_mean,RD,no_neural_b50,L31,216,0.4050384620886771,0.32099107317921605,-0.0045185699167322076,0.20316794312635644,0.4631696303504195,0.29333292734717686,1.1228564726720838,1.482266639331044,2.6916342592592595,0.45480005883741753
skin_break_displacement_raw_mean,RD,no_neural_b50,Naili,144,0.7956301375388154,0.6186813643843724,-0.0036977117152395267,0.4501061011054198,0.7138410750682969,0.5496091794485606,1.353236729007774,1.9473558465153233,3.2269895833333333,1.076675924823032
skin_break_displacement_raw_mean,RD,no_neural_b50,Qingcuili,329,0.5407258957271399,0.4285009713246433,0.0021105751730053557,0.15917568086043832,0.4001126627754228,0.29046360341433947,1.0922156496653812,1.4730198910279795,2.1603617021276595,0.5905892854925133
skin_break_displacement_raw_mean,RD,no_neural_b50,Weidi,681,0.6839458195484819,0.5292333384291938,-0.004078009773488946,0.32987188497984976,0.5745526330346822,0.5025769346101839,1.2224755451554883,1.6419429257442866,3.753765051395008,0.8361070386093477
skin_break_displacement_raw_mean,RD,no_neural_b50,Weijin,320,0.3720380085521047,0.29734705020301383,0.003663440663419512,-0.4624284711507709,0.17189319418019383,0.17031144363243517,0.8282135488157164,1.1977942837998812,1.6446,0.3081269193572705
skin_break_displacement_raw_mean,RD,no_neural_b50,Weiwang,478,0.38863836122389867,0.3046317467968071,-0.0036548327391481405,-0.05823970742276385,0.1523402826713834,0.11188535572401928,0.9731117850789536,1.2151399530216,2.222314853556486,0.3781885694407472
skin_break_displacement_raw_mean,RD,no_neural_b50,Weixin,191,0.4039791143379886,0.3253011121683984,0.0069780571082638,0.18279500316555086,0.4416709343837914,0.3734316799451424,1.1091093753211452,1.4728484193422842,2.0834921465968588,0.44805702314619605
skin_break_displacement_raw_mean,RD,no_neural_b50,Zaoshu Konglongdan,264,0.5259188719435681,0.4142748038887783,0.005415746918254978,0.0958201063407903,0.3418883534824265,0.26904063325372385,1.0536507157568424,1.2884591828693792,2.957579545454545,0.5541347958533717
skin_break_displacement_raw_mean,RD,cultivar_mean_null,3.13,300,0.6355958571981885,0.4962106527777778,1.7171449447535754e-16,-0.011493388761035783,-0.1429429646073238,-0.010203315490744587,0.99596369772173,1.2976012833620902,2.4736150000000006,0.6330304001917204
skin_break_displacement_raw_mean,RD,cultivar_mean_null,A181,310,0.4449656925869055,0.35038068418314244,-1.489847671755049e-16,-0.0024488935481072893,-0.06598172875856062,-0.0021762021219468627,1.0003926374052525,1.2627378006008056,2.458358064516129,0.44514040276186917
skin_break_displacement_raw_mean,RD,cultivar_mean_null,Cuihongli,295,0.3768451893375772,0.292528598103993,2.2129191134901426e-16,-0.0069272388019541165,-0.11097338060757565,-0.006152809825851793,0.9982476537973386,1.1941243055033117,2.2562355932203393,0.3761848261010503
skin_break_displacement_raw_mean,RD,cultivar_mean_null,Fengtangli,183,0.6291351004841123,0.48883625449580964,0.00012989103119348503,-0.006518376009530424,-0.10770987168916166,-0.00579054642603275,0.9994912507052011,1.1809864040780333,2.6881010928961744,0.6288150284454077
skin_break_displacement_raw_mean,RD,cultivar_mean_null,Fengwei Huanghou,86,0.233430083940005,0.17338738872697715,-5.650637403578177e-05,-0.009317247058982847,-0.1294655294734424,-0.008283227455009121,1.0012116987680935,1.090797705686659,1.7269651162790698,0.23371293088515108
skin_break_displacement_raw_mean,RD,cultivar_mean_null,Furongli,278,0.5013596080794261,0.3897361719399174,1.0033011041112488e-05,-0.004523022596111037,-0.08925433952834141,-0.004014673678444114,0.999545494836052,1.2835098592506766,1.9774118705035977,0.5011317375485591
skin_break_displacement_raw_mean,RD,cultivar_mean_null,Konglongdan,778,0.36582701396609857,0.2874991690318565,1.5512687905116491e-06,-0.0019285081897268963,-0.05857580941566129,-0.0017139956814661557,0.999679812673701,1.2792931689931777,2.0514383033419024,0.3657098807926088
skin_break_displacement_raw_mean,RD,cultivar_mean_null,L31,216,0.4550116932003883,0.36396806090772854,-7.11316236250076e-05,-0.005586378933135627,-0.09959888919071369,-0.0049619970120977465,0.9995348814851719,1.3194715849546117,2.6916342592592595,0.45480005883741753
skin_break_displacement_raw_mean,RD,cultivar_mean_null,Naili,144,1.0754528487786412,0.8583970108695653,-0.0002234788855571083,-0.0047064703556374266,-0.09151834336639174,-0.004181736414833625,1.001137266078917,1.4406721798724889,3.2269895833333333,1.076675924823032
skin_break_displacement_raw_mean,RD,cultivar_mean_null,Qingcuili,329,0.5903600623538657,0.4651473193601158,-4.371918766962147e-05,-0.002270312689760079,-0.06359920779184558,-0.0020179797706490537,1.0003882768386019,1.3491766309940032,2.1603617021276595,0.5905892854925133
skin_break_displacement_raw_mean,RD,cultivar_mean_null,Weidi,681,0.8370547511525063,0.6615543905515365,1.2442026582067118e-05,-0.0037421733118252476,-0.08163448330437445,-0.003325566257912715,0.9988678010108015,1.3416087758343116,3.753765051395008,0.8361070386093477
skin_break_displacement_raw_mean,RD,cultivar_mean_null,Weijin,320,0.30967154894355026,0.25044794921874997,-8.326672684688674e-17,-0.013217364892172512,-0.1532890654485325,-0.011731539899309338,0.9950120390731751,1.4390246747570439,1.6446,0.3081269193572705
skin_break_displacement_raw_mean,RD,cultivar_mean_null,Weiwang,478,0.38057936443513585,0.29654535218699934,-7.585691752726467e-05,-0.014806391490638227,-0.16251646645064793,-0.01314408276705626,0.9937180120158718,1.2408712718854937,2.222314853556486,0.3781885694407472
skin_break_displacement_raw_mean,RD,cultivar_mean_null,Weixin,191,0.4498975385422544,0.3627814288087789,-0.00022670735649824445,-0.013538901055177854,-0.1534817376974545,-0.011989946260525368,0.9959090343058512,1.322523350378633,2.0834921465968588,0.44805702314619605
skin_break_displacement_raw_mean,RD,cultivar_mean_null,Zaoshu Konglongdan,264,0.5540197308387849,0.4258085002533609,-3.078638030108674e-05,-0.0033854494605030094,-0.07745075622933706,-0.0030071511963477237,1.0002076911853168,1.2231062582808603,2.957579545454545,0.5541347958533717
skin_break_displacement_raw_mean,RD,plumspectra_corrected,3.13,300,0.6128566913786607,0.46169969697512603,-0.05591467696521959,0.059586624767120844,0.35232114072162346,0.30672750109674374,1.0329174978373454,1.3457469121282968,2.4736150000000006,0.6330304001917204
skin_break_displacement_raw_mean,RD,plumspectra_corrected,A181,310,0.41942372551664814,0.3175847797464681,-0.0574926169686115,0.10933338754299338,0.396086130469923,0.3370529222098109,1.0613143121876167,1.3396357092290927,2.458358064516129,0.44514040276186917
skin_break_displacement_raw_mean,RD,plumspectra_corrected,Cuihongli,295,0.4166868680023156,0.32634100213759665,-0.02051683465702247,-0.23109556171899093,0.06942427921065214,0.05861360521336698,0.9027998120136577,1.079947640676542,2.2562355932203393,0.3761848261010503
skin_break_displacement_raw_mean,RD,plumspectra_corrected,Fengtangli,183,0.6196688568037896,0.4815351706427667,-0.05167671091498993,0.02354279004883164,0.3030360300139612,0.25484969905086524,1.0147597729677644,1.199027499675146,2.6881010928961744,0.6288150284454077
skin_break_displacement_raw_mean,RD,plumspectra_corrected,Fengwei Huanghou,86,0.23120687671558585,0.17765902985832194,0.027201969385658487,0.00981683979209469,0.3930728648602681,0.3747717020651989,1.0108390122524253,1.1012864479512134,1.7269651162790698,0.23371293088515108
skin_break_displacement_raw_mean,RD,plumspectra_corrected,Furongli,278,0.41989407556818825,0.3225391265062024,-0.01908543724834363,0.2954031382646296,0.5802534551228977,0.3853627305365767,1.1934717985016636,1.5325293626237366,1.9774118705035977,0.5011317375485591
skin_break_displacement_raw_mean,RD,plumspectra_corrected,Konglongdan,778,0.39370378595493716,0.3090626694357813,0.030963198728887382,-0.16044449263821892,0.14395957239150323,0.12219926842101957,0.9288960224387263,1.1887109463904633,2.0514383033419024,0.3657098807926088
skin_break_displacement_raw_mean,RD,plumspectra_corrected,L31,216,0.41209669854127884,0.3237331052379261,-0.024854703340073545,0.1751546369308018,0.44543157284424406,0.2466332133525082,1.1036246115227277,1.4568789367281467,2.6916342592592595,0.45480005883741753
skin_break_displacement_raw_mean,RD,plumspectra_corrected,Naili,144,0.776781764583745,0.5886310699122276,-0.050864624145741735,0.47585132301974786,0.730013613083849,0.5800558407016977,1.3860726061199333,1.9946078430796692,3.2269895833333333,1.076675924823032
skin_break_displacement_raw_mean,RD,plumspectra_corrected,Qingcuili,329,0.5348005135950725,0.4214470603335173,-0.015127999807720994,0.17750255381453672,0.4236561734637905,0.28518085046299474,1.1043169751697015,1.4893403797347007,2.1603617021276595,0.5905892854925133
skin_break_displacement_raw_mean,RD,plumspectra_corrected,Weidi,681,0.6743147338311586,0.5175353295386487,-0.05339439048502638,0.34861202262696644,0.5938844535763332,0.5192335417410188,1.2399358884818616,1.665394427346438,3.753765051395008,0.8361070386093477
skin_break_displacement_raw_mean,RD,plumspectra_corrected,Weijin,320,0.35528289857774253,0.28397950565545094,0.03426862402262625,-0.3336707250082167,0.20163122397124977,0.19541202568217858,0.867272026294411,1.2542821559492858,1.6446,0.3081269193572705
skin_break_displacement_raw_mean,RD,plumspectra_corrected,Weiwang,478,0.37117892260561636,0.28970791089342146,0.01514586319634128,0.03470660512491197,0.22217354496351333,0.13408808756819954,1.0188848191754107,1.2722974588235796,2.222314853556486,0.3781885694407472
skin_break_displacement_raw_mean,RD,plumspectra_corrected,Weixin,191,0.3995427108124474,0.31996599476486415,-0.01612260223445592,0.20064515469911237,0.4588565967898246,0.38773577573571566,1.1214245962217595,1.4892024904924526,2.0834921465968588,0.44805702314619605
skin_break_displacement_raw_mean,RD,plumspectra_corrected,Zaoshu Konglongdan,264,0.522661315977509,0.40971889895200764,0.009167015524496674,0.10698644688441228,0.3458962672049716,0.26153539389416525,1.0602177335757081,1.2964896755993223,2.957579545454545,0.5541347958533717
skin_break_displacement_raw_mean,RD,plumspectra_fixed_gate_sensitivity,3.13,300,0.6151117414723106,0.4628395367461087,-0.03665699040418786,0.05265325552953948,0.3513495997161551,0.3118764077288407,1.0291307375738272,1.3408132935747634,2.4736150000000006,0.6330304001917204
skin_break_displacement_raw_mean,RD,plumspectra_fixed_gate_sensitivity,A181,310,0.4191293693044122,0.31941000805853875,-0.03882323072037203,0.1105831082260127,0.3887049430650904,0.3325504778363692,1.0620596774228084,1.340576540681203,2.458358064516129,0.44514040276186917
skin_break_displacement_raw_mean,RD,plumspectra_fixed_gate_sensitivity,Cuihongli,295,0.4215993886243679,0.3313833349813076,-0.012836390506503603,-0.26029462173218443,0.05620146501206297,0.04824351036715138,0.892280293215082,1.0673639766611107,2.2562355932203393,0.3761848261010503
skin_break_displacement_raw_mean,RD,plumspectra_fixed_gate_sensitivity,Fengtangli,183,0.6170885826528758,0.4835056403326472,-0.03150879325521559,0.0316577103637572,0.3077355470965711,0.2603297610782103,1.0190028565139218,1.2040410743070833,2.6881010928961744,0.6288150284454077
skin_break_displacement_raw_mean,RD,plumspectra_fixed_gate_sensitivity,Fengwei Huanghou,86,0.22957760630466073,0.17842689997604885,0.019142969715839155,0.023722930508867646,0.40256109594214534,0.38691405610285035,1.018012752406707,1.109102077064528,1.7269651162790698,0.23371293088515108
skin_break_displacement_raw_mean,RD,plumspectra_fixed_gate_sensitivity,Furongli,278,0.4180470164983746,0.3210003509862021,-0.011026942699293284,0.30158836299170955,0.5806799423577895,0.39539999307106255,1.1987449204783585,1.5393005442068515,1.9774118705035977,0.5011317375485591
skin_break_displacement_raw_mean,RD,plumspectra_fixed_gate_sensitivity,Konglongdan,778,0.4001309401370008,0.31553167866215165,0.022310542035873945,-0.19864191009189702,0.12910422447962366,0.11260937780584336,0.9139755117847008,1.1696171254333976,2.0514383033419024,0.3657098807926088
skin_break_displacement_raw_mean,RD,plumspectra_fixed_gate_sensitivity,L31,216,0.4080717828447675,0.32123014142000783,-0.017454090380919832,0.1911883508606359,0.4628072457095399,0.2656512930782843,1.114509941527679,1.4712485039142817,2.6916342592592595,0.45480005883741753
skin_break_displacement_raw_mean,RD,plumspectra_fixed_gate_sensitivity,Naili,144,0.7819104230144788,0.5975845583685594,-0.03434814001717823,0.4689071491678374,0.7253047802481629,0.5715391397524475,1.3769811645075039,1.9815249348214827,3.2269895833333333,1.076675924823032
skin_break_displacement_raw_mean,RD,plumspectra_fixed_gate_sensitivity,Qingcuili,329,0.5354816288957093,0.4223244276675503,-0.008205993093980773,0.17540617461183172,0.4195840246370939,0.28845347382611725,1.1029123197194444,1.4874459869754468,2.1603617021276595,0.5905892854925133
skin_break_displacement_raw_mean,RD,plumspectra_fixed_gate_sensitivity,Weidi,681,0.6760974830351058,0.5206095347177202,-0.03576402876135383,0.3451631984868294,0.5890638329510665,0.5148577465695661,1.2366663973602363,1.661003077483277,3.753765051395008,0.8361070386093477
skin_break_displacement_raw_mean,RD,plumspectra_fixed_gate_sensitivity,Weijin,320,0.35762408393884665,0.2863562823407787,0.025182023856847563,-0.35130544952925247,0.20006957889063676,0.19542290149697755,0.8615944316825146,1.2460710002858861,1.6446,0.3081269193572705
skin_break_displacement_raw_mean,RD,plumspectra_fixed_gate_sensitivity,Weiwang,478,0.37390596301837886,0.2917166869567209,0.010178905353909647,0.020470537302436753,0.20610370143090484,0.12901416634559018,1.0114536991809298,1.2630181027008307,2.222314853556486,0.3781885694407472
skin_break_displacement_raw_mean,RD,plumspectra_fixed_gate_sensitivity,Weixin,191,0.4001673271810057,0.32081564080737784,-0.006383201852526528,0.198143893210464,0.45528149327154077,0.38436279453108607,1.1196741780558426,1.4868780122342897,2.0834921465968588,0.44805702314619605
skin_break_displacement_raw_mean,RD,plumspectra_fixed_gate_sensitivity,Zaoshu Konglongdan,264,0.5222058101580347,0.4097310851223996,0.00821102648950473,0.10854231338565601,0.3496523861914206,0.2676192958342767,1.061142532454157,1.297620568018817,2.957579545454545,0.5541347958533717
skin_break_drop_g_mean,PFD,global_pls,3.13,300,284.0336156355857,256.3347219370096,251.93274694846633,-6.137795497423046,0.41259252969162213,0.12579839142664237,0.37492377633666896,0.4513466478809489,302.4959442463349,106.49095578065173
skin_break_drop_g_mean,PFD,global_pls,A181,310,149.51421822283402,119.38525983820897,16.27763593801448,-0.36729765171577844,0.20994275627326153,0.20478184834935684,0.8565842272750042,1.1669288217143958,668.7546792112004,128.07152108303262
skin_break_drop_g_mean,PFD,global_pls,Cuihongli,295,269.46126975394844,232.18161085255278,-215.2835557317306,-2.8885048077906275,0.035948934676999236,0.012317688005360131,0.5079793086272999,0.6163222237072895,1073.5267020922352,136.8807495114451
skin_break_drop_g_mean,PFD,global_pls,Fengtangli,183,278.26807684961847,227.63536765063427,109.29416763997774,-0.2358020970432142,0.12713655092383014,0.07159148949810062,0.9020183798122954,1.1739665921723943,666.8349992779873,251.00291983337615
skin_break_drop_g_mean,PFD,global_pls,Fengwei Huanghou,86,136.01986193685892,106.91314081063861,63.639666019495145,-0.9160492108629996,0.03265407954603464,0.024541363736742376,0.7266686650434727,0.7369912521935772,713.2596500085536,98.84137149305474
skin_break_drop_g_mean,PFD,global_pls,Furongli,278,153.46672645028153,125.32104967036888,66.51250334677304,-1.0040943482860198,0.2545851169653366,0.21636261229908035,0.7076580180774441,1.0277122108086594,587.3873866359115,108.6019594806395
skin_break_drop_g_mean,PFD,global_pls,Konglongdan,778,187.0986451686401,149.0626679409408,-23.10347315893769,-0.15891595054730612,0.11822531462371264,0.09461654239284184,0.9295084002385613,1.3293552168731906,836.6156821535296,173.9097623575049
skin_break_drop_g_mean,PFD,global_pls,L31,216,148.06301747307,116.99872871968276,-11.401030162680984,-0.15028843117956026,0.17134570990592218,0.14886294292738136,0.9345537180432589,1.3272501836076922,839.7049732085693,138.3728434841616
skin_break_drop_g_mean,PFD,global_pls,Naili,144,216.36105953029147,174.69828021258664,125.71947737177149,-0.6643671638641291,0.2071032007913261,0.12771063564806337,0.7778371075520427,0.8566288968585873,647.0253913486497,168.29366073193725
skin_break_drop_g_mean,PFD,global_pls,Qingcuili,329,319.6278512603709,250.9945541807221,-196.9044291064584,-1.1355593847368017,-0.0146714860936603,-0.0076940154196235904,0.6853386122249344,1.0056667348743933,897.6893117864244,219.05330801122037
skin_break_drop_g_mean,PFD,global_pls,Weidi,681,164.27372516454713,133.15748259370775,104.98667966589728,-1.194023165038943,0.31240190030811604,0.21138903539115228,0.6756137742463133,0.934675231542715,421.33094682064115,110.98559146792125
skin_break_drop_g_mean,PFD,global_pls,Weijin,320,169.1254885018434,135.2124003135812,76.83049691075982,-1.6231327324155522,0.12964648224953323,0.1042819455727636,0.6184000474738667,0.8486579050371373,639.9773610503256,104.58721011858084
skin_break_drop_g_mean,PFD,global_pls,Weiwang,478,235.86585940996744,190.00406684991066,-33.92865846647398,-0.20843133201457698,-0.0009320670391162189,-0.0006596709687755405,0.9106338089560824,1.3014268591976808,923.0198711306431,214.78742595719848
skin_break_drop_g_mean,PFD,global_pls,Weixin,191,214.0990877058811,166.89023917836332,-93.63002106017136,-0.5466081176330486,0.0595191358482053,0.04159386376420693,0.8062128955177759,1.2229045846193547,832.2131148728095,172.60944542707264
skin_break_drop_g_mean,PFD,global_pls,Zaoshu Konglongdan,264,305.7941374781831,249.0231113011255,-216.21164854878882,-1.4511762032030444,-0.06617380524721782,-0.022840758601221048,0.6399364140170796,0.8470816838307217,935.6641611652259,195.6888037652343
skin_break_drop_g_mean,PFD,cultivar_aware_pls,3.13,300,114.34992082541231,89.2894320843746,0.44342403430297206,-0.15690141695070237,0.076808957622437,0.05994946847976738,0.9312726673701898,1.1210993359440766,302.4959442463349,106.49095578065173
skin_break_drop_g_mean,PFD,cultivar_aware_pls,A181,310,129.5807950837995,103.10941295654938,0.4660324212852475,-0.027021085224445685,0.1451917916919339,0.09342697557098144,0.9883526413015846,1.3464375672914335,668.7546792112004,128.07152108303262
skin_break_drop_g_mean,PFD,cultivar_aware_pls,Cuihongli,295,143.60703659309002,113.93785927506939,-0.09050291822255006,-0.10443809245160107,-0.03243547007209,-0.01747204757256541,0.953161855844823,1.1564542582151882,1073.5267020922352,136.8807495114451
skin_break_drop_g_mean,PFD,cultivar_aware_pls,Fengtangli,183,263.25870222626094,209.19841039851067,-0.45972923322087955,-0.10608276911032455,-0.19032931011640353,-0.06874476449428345,0.9534458603296183,1.2408988691615808,666.8349992779873,251.00291983337615
skin_break_drop_g_mean,PFD,cultivar_aware_pls,Fengwei Huanghou,86,117.64256567254704,89.53895766025427,0.8176033833016084,-0.4332797819160483,-0.2830531888483181,-0.20654611503024126,0.8401837458065594,0.8521188551010693,713.2596500085536,98.84137149305474
skin_break_drop_g_mean,PFD,cultivar_aware_pls,Furongli,278,105.6102142178303,86.36691070869743,0.4878329597460818,0.0509227755075774,0.26411360884005164,0.18256360855942555,1.0283281809905096,1.4934126390509546,587.3873866359115,108.6019594806395
skin_break_drop_g_mean,PFD,cultivar_aware_pls,Konglongdan,778,173.5482163345958,138.69858010410962,-0.10706152631507468,0.002871880081137257,0.12360277955092655,0.05504926243090874,1.0020832598026364,1.4331496184628707,836.6156821535296,173.9097623575049
skin_break_drop_g_mean,PFD,cultivar_aware_pls,L31,216,144.1307630283191,114.93067297291485,0.12243548325464447,-0.09000108877271251,-0.05022795608528946,-0.023965080928278495,0.9600507246116071,1.363460950304059,839.7049732085693,138.3728434841616
skin_break_drop_g_mean,PFD,cultivar_aware_pls,Naili,144,163.73610165320903,125.31909093861266,-0.042651506816494274,0.046809221137172785,0.22603461119779916,0.12144862840700921,1.027834784343291,1.1319503388515924,647.0253913486497,168.29366073193725
skin_break_drop_g_mean,PFD,cultivar_aware_pls,Qingcuili,329,222.30452815469056,182.57621535050393,-0.17201942753614846,-0.033044524662822816,0.039496582749989836,0.01695219366910504,0.9853749261409204,1.4459403963569384,897.6893117864244,219.05330801122037
skin_break_drop_g_mean,PFD,cultivar_aware_pls,Weidi,681,116.7438616105835,92.3453886668808,0.3985405943013854,-0.10808507881078078,0.11416621590210957,0.08695374513575929,0.9506760350118466,1.3152090395700764,421.33094682064115,110.98559146792125
skin_break_drop_g_mean,PFD,cultivar_aware_pls,Weijin,320,112.68316825578502,90.41558586849737,0.509835177264948,-0.16444837019205027,0.12958435989698192,0.1099935916681502,0.9281529063965723,1.2737455378832787,639.9773610503256,104.58721011858084
skin_break_drop_g_mean,PFD,cultivar_aware_pls,Weiwang,478,204.09009027714652,164.30396358182264,0.08329212224541788,0.09523530332321406,0.34966769556254307,0.12525564807262893,1.0524147726404813,1.5040522750861287,923.0198711306431,214.78742595719848
skin_break_drop_g_mean,PFD,cultivar_aware_pls,Weixin,191,176.1495230583467,140.09784922497556,-0.28240435485274085,-0.04692023769432274,0.02450832957233595,0.011226126997953367,0.9799029962170182,1.4863665332299467,832.2131148728095,172.60944542707264
skin_break_drop_g_mean,PFD,cultivar_aware_pls,Zaoshu Konglongdan,264,199.6496261803909,160.30346988020577,-0.033192762871391154,-0.04484826104632966,0.042930176182211545,0.020840695483517854,0.9801611328258745,1.2974360024422829,935.6641611652259,195.6888037652343
skin_break_drop_g_mean,PFD,nested_rbf_svr,3.13,300,101.85566283502881,78.3777649863437,0.7168643994605933,0.08210083419200076,0.28669392889147244,0.15496127510074065,1.0455084461345119,1.2586204510814838,302.4959442463349,106.49095578065173
skin_break_drop_g_mean,PFD,nested_rbf_svr,A181,310,126.40181715138661,101.01186121983795,0.04991402808618146,0.022752171605533,0.15900674859798417,0.06377072931111691,1.0132094931012445,1.3803001763128278,668.7546792112004,128.07152108303262
skin_break_drop_g_mean,PFD,nested_rbf_svr,Cuihongli,295,138.19726696806478,108.54303580612607,-0.40439800786542046,-0.022795586118231848,0.011305780620033706,0.0035836128859372675,0.9904736360891716,1.2017239748751372,1073.5267020922352,136.8807495114451
skin_break_drop_g_mean,PFD,nested_rbf_svr,Fengtangli,183,251.5303057327851,198.83885172704112,-0.05258408569027933,-0.009724262804226447,-0.007353918558453312,-0.0013350433304573411,0.9979032908266361,1.2987597058644713,666.8349992779873,251.00291983337615
skin_break_drop_g_mean,PFD,nested_rbf_svr,Fengwei Huanghou,86,105.29210025842312,80.27511181821048,0.15879895378561795,-0.14813664092390022,-0.1357817143498814,-0.06885277120002342,0.9387349217126825,0.9520699855545312,713.2596500085536,98.84137149305474
skin_break_drop_g_mean,PFD,nested_rbf_svr,Furongli,278,103.47617031721704,84.02459642608196,-0.09391592636508822,0.08889087043811839,0.30494355762270964,0.13887360531901746,1.0495359380590605,1.5242120793829204,587.3873866359115,108.6019594806395
skin_break_drop_g_mean,PFD,nested_rbf_svr,Konglongdan,778,171.2129614706248,137.16923296980892,-0.16762225638355038,0.02952593547431237,0.17226818893279042,0.05376339554591768,1.0157511491169597,1.4526970264894985,836.6156821535296,173.9097623575049
skin_break_drop_g_mean,PFD,nested_rbf_svr,L31,216,138.95753654597857,111.39505856077243,-0.11738282907959136,-0.013159387418547386,0.03277764311288497,0.009744268580683765,0.9957922896709995,1.4142210060093952,839.7049732085693,138.3728434841616
skin_break_drop_g_mean,PFD,nested_rbf_svr,Naili,144,169.0499162505275,131.98611765729297,-0.014691170827095985,-0.016063521921165114,0.029058938083953607,0.009017708072309892,0.9955264365971676,1.0963692846432296,647.0253913486497,168.29366073193725
skin_break_drop_g_mean,PFD,nested_rbf_svr,Qingcuili,329,218.068068133182,179.36548612362338,0.1924913844491831,0.00595378830927118,0.08446762667759264,0.019793734178281952,1.0045180382734287,1.4740310229905877,897.6893117864244,219.05330801122037
skin_break_drop_g_mean,PFD,nested_rbf_svr,Weidi,681,106.69446382439027,85.31193751596943,0.7030415515202513,0.07447369189615094,0.2730048977631838,0.13686636892827617,1.040218840694432,1.439086683609705,421.33094682064115,110.98559146792125
skin_break_drop_g_mean,PFD,nested_rbf_svr,Weijin,320,106.51177002285091,85.6174213122105,-0.1864828963909851,-0.04039281074423462,0.10093351643751196,0.059461009576009485,0.9819310119073491,1.3475476252959104,639.9773610503256,104.58721011858084
skin_break_drop_g_mean,PFD,nested_rbf_svr,Weiwang,478,211.04671956981485,169.64495612975574,-0.16483159326260793,0.03250434595732321,0.19984086796659162,0.044838842050747146,1.0177245417271041,1.4544749391488725,923.0198711306431,214.78742595719848
skin_break_drop_g_mean,PFD,nested_rbf_svr,Weixin,191,173.30902058382233,138.67038354160644,0.040838612326422746,-0.013428206543552257,0.015082990908962698,0.003912009282622566,0.9959634232863758,1.5107278030672997,832.2131148728095,172.60944542707264
skin_break_drop_g_mean,PFD,nested_rbf_svr,Zaoshu Konglongdan,264,196.70040605293775,158.3705554791796,-0.22598201401202653,-0.01420730523462943,0.004235027478144235,0.0010303276159227884,0.9948571418432598,1.316889060263909,935.6641611652259,195.6888037652343
skin_break_drop_g_mean,PFD,residual_cnn,3.13,300,104.60988537802443,80.93210666272562,-2.6825823754897375,0.03178887391905427,0.22958619156176596,0.14996676512142448,1.0179817652588927,1.2254828483882285,302.4959442463349,106.49095578065173
skin_break_drop_g_mean,PFD,residual_cnn,A181,310,127.60622517356724,100.10137954331196,-6.633453119481477,0.004040215669248726,0.15333808050009234,0.08012505584085808,1.0036463417739416,1.3672722491634486,668.7546792112004,128.07152108303262
skin_break_drop_g_mean,PFD,residual_cnn,Cuihongli,295,140.0972198642538,110.85372542779841,-14.000830755977166,-0.05111194273582753,0.0367167606498435,0.016596212577290815,0.9770411550213111,1.1854265854715782,1073.5267020922352,136.8807495114451
skin_break_drop_g_mean,PFD,residual_cnn,Fengtangli,183,262.527760031705,201.6456093991146,-45.70252950420626,-0.09994918129655006,-0.1451617379893004,-0.04149723425405741,0.9561004893465856,1.2443538384285924,666.8349992779873,251.00291983337615
skin_break_drop_g_mean,PFD,residual_cnn,Fengwei Huanghou,86,104.13917062458894,77.50475411283668,-4.025990707947043,-0.12313051983382173,-0.0513560268676483,-0.028297126954940598,0.9491276999830138,0.9626103969410101,713.2596500085536,98.84137149305474
skin_break_drop_g_mean,PFD,residual_cnn,Furongli,278,105.62061114619173,86.16132989711672,11.40892368419637,0.05073590014340701,0.26124132811610795,0.15820878507740632,1.028226955914137,1.4932656326659908,587.3873866359115,108.6019594806395
skin_break_drop_g_mean,PFD,residual_cnn,Konglongdan,778,170.68776201914434,136.03032732038605,-10.251846988878652,0.03547070385759743,0.20106840005787108,0.09079406021796264,1.0188765749825648,1.4571669174322013,836.6156821535296,173.9097623575049
skin_break_drop_g_mean,PFD,residual_cnn,L31,216,143.26556109340333,115.19763734432806,-14.360752116222523,-0.07695404103992631,-0.04994063221970702,-0.020058729340002666,0.9658486130797904,1.3716950928529168,839.7049732085693,138.3728434841616
skin_break_drop_g_mean,PFD,residual_cnn,Naili,144,165.2242657901569,123.15988716379096,-26.634568844416478,0.029403767274278847,0.23383990846819508,0.09836488876182183,1.0185771437815232,1.1217549363117236,647.0253913486497,168.29366073193725
skin_break_drop_g_mean,PFD,residual_cnn,Qingcuili,329,217.9311829877979,179.35141439595938,5.60638658463195,0.0072013570574972485,0.11182675706644243,0.038968288704559775,1.005148987896263,1.4749568792545535,897.6893117864244,219.05330801122037
skin_break_drop_g_mean,PFD,residual_cnn,Weidi,681,105.5689807388901,82.68284210951563,-7.133777300004683,0.09389682013864875,0.32471533309890876,0.22744843480733576,1.051308733788274,1.4544289528031271,421.33094682064115,110.98559146792125
skin_break_drop_g_mean,PFD,residual_cnn,Weijin,320,110.33563329301981,88.52252706261703,6.5875521426710435,-0.11643571925003449,0.10372676268248095,0.0779161406419465,0.9479005738864723,1.3008461407855718,639.9773610503256,104.58721011858084
skin_break_drop_g_mean,PFD,residual_cnn,Weiwang,478,195.5102310703081,155.5066330492212,-17.34442547015413,0.16970812360179954,0.4896656922155037,0.2189127686527797,1.098599417438968,1.5700567838492705,923.0198711306431,214.78742595719848
skin_break_drop_g_mean,PFD,residual_cnn,Weixin,191,171.2216864970156,137.09172408883438,-15.820421814139062,0.010836249098199913,0.14981766641922345,0.058754698618534454,1.0081050418229658,1.5291448254886035,832.2131148728095,172.60944542707264
skin_break_drop_g_mean,PFD,residual_cnn,Zaoshu Konglongdan,264,193.5032153691889,154.779367866482,-20.943030620793248,0.018494825923838776,0.1770192331616566,0.07155947343428556,1.011294842785302,1.3386475898416919,935.6641611652259,195.6888037652343
skin_break_drop_g_mean,PFD,no_neural_b50,3.13,300,106.86809343900634,82.9236199110603,0.5801442168817857,-0.010463753574243784,0.16691648375604096,0.10698092555083619,0.9964709985345639,1.1995874182577675,302.4959442463349,106.49095578065173
skin_break_drop_g_mean,PFD,no_neural_b50,A181,310,127.14996201459195,101.40690789486887,0.25797322468571665,0.01114970198512899,0.15733219696407771,0.08018419774747519,1.0072478123771276,1.372178549925937,668.7546792112004,128.07152108303262
skin_break_drop_g_mean,PFD,no_neural_b50,Cuihongli,295,140.23538922148865,110.63656187173267,-0.2474504630439893,-0.05318626052920061,-0.017908801327516766,-0.007310530212653369,0.976078508223447,1.184258623302592,1073.5267020922352,136.8807495114451
skin_break_drop_g_mean,PFD,no_neural_b50,Fengtangli,183,256.76297693931247,203.419026587343,-0.25615665945557137,-0.05217253053895088,-0.14361258871427868,-0.035678124258029686,0.9775666368469558,1.2722917835881173,666.8349992779873,251.00291983337615
skin_break_drop_g_mean,PFD,no_neural_b50,Fengwei Huanghou,86,110.81063819531953,84.45720802065884,0.4882011685436158,-0.27164214212433935,-0.23858333966405038,-0.1435815530368625,0.8919844980843152,0.9046554555109255,713.2596500085536,98.84137149305474
skin_break_drop_g_mean,PFD,no_neural_b50,Furongli,278,103.61934468036749,84.2376274672638,0.1969585166904979,0.08636782159453182,0.2940951198960836,0.16416810395791268,1.048085758654832,1.5221060238539548,587.3873866359115,108.6019594806395
skin_break_drop_g_mean,PFD,no_neural_b50,Konglongdan,778,171.83849772676737,137.46719353700337,-0.1373418913493134,0.02242161715518498,0.1530855078630382,0.054742891836811296,1.0120535541112035,1.4474088362918363,836.6156821535296,173.9097623575049
skin_break_drop_g_mean,PFD,no_neural_b50,L31,216,141.14742025985345,112.82567391529429,0.002526327087529189,-0.045344527834666915,-0.02004350907401795,-0.0074890831289199595,0.9803427028947193,1.3922795525759695,839.7049732085693,138.3728434841616
skin_break_drop_g_mean,PFD,no_neural_b50,Naili,144,165.03862533664173,126.9113268524451,-0.028671338821793155,0.031583600857111205,0.17868849684360594,0.06786478444305609,1.0197228702593468,1.1230167203012897,647.0253913486497,168.29366073193725
skin_break_drop_g_mean,PFD,no_neural_b50,Qingcuili,329,219.54542578453177,180.5189533634629,0.010235978456517499,-0.00756067405185501,0.058180484411932895,0.018454656115151638,0.9977584694759508,1.4641120233012965,897.6893117864244,219.05330801122037
skin_break_drop_g_mean,PFD,no_neural_b50,Weidi,681,109.96869908995554,87.552859878169,0.550791072910818,0.01679705111320251,0.19075782390805954,0.11371020054988981,1.0092471074622233,1.3962389604969139,421.33094682064115,110.98559146792125
skin_break_drop_g_mean,PFD,no_neural_b50,Weijin,320,108.50890959221246,87.28145790761981,0.16167614043698322,-0.07977417757440786,0.12200416241758379,0.08850329202220804,0.9638582722066809,1.3227456003360096,639.9773610503256,104.58721011858084
skin_break_drop_g_mean,PFD,no_neural_b50,Weiwang,478,207.17932374376966,166.6631124489881,-0.04076973550859692,0.06763785338576656,0.31049062130749006,0.08578343335089264,1.0367223045038905,1.4816254781462317,923.0198711306431,214.78742595719848
skin_break_drop_g_mean,PFD,no_neural_b50,Weixin,191,174.06923293944348,138.4146462627719,-0.12078287126315904,-0.022338421944844367,0.02279839474453838,0.00770010888736621,0.9916137534030572,1.504130003315567,832.2131148728095,172.60944542707264
skin_break_drop_g_mean,PFD,no_neural_b50,Zaoshu Konglongdan,264,197.2472218983922,158.53084363881166,-0.12958738844171228,-0.019854019371568832,0.03280093263934826,0.011286941710696463,0.9920991630799206,1.3132383330296928,935.6641611652259,195.6888037652343
skin_break_drop_g_mean,PFD,cultivar_mean_null,3.13,300,106.65923932101575,82.74761223887712,-2.1221543041368327e-14,-0.006518080170961005,-0.10764617077122787,-0.0057896559917523524,0.9984222319469435,1.2019363828086846,302.4959442463349,106.49095578065173
skin_break_drop_g_mean,PFD,cultivar_mean_null,A181,310,128.75905974470123,102.40782701913307,2.0536977136808056e-14,-0.014036698115276636,-0.15796876268020282,-0.012457635650151355,0.9946602696304878,1.3550304797678576,668.7546792112004,128.07152108303262
skin_break_drop_g_mean,PFD,cultivar_mean_null,Cuihongli,295,137.1755391140602,107.72541114118712,-1.1869676616358555e-13,-0.007727911969613199,-0.11721139094900987,-0.0068633618112237576,0.9978510045995154,1.2106748043443336,1073.5267020922352,136.8807495114451
skin_break_drop_g_mean,PFD,cultivar_mean_null,Fengtangli,183,250.77842651731808,197.37850699429873,-0.058798052063148976,-0.003696710850483065,-0.08112600508637646,-0.003285047502307049,1.000895185918405,1.3026536230657506,666.8349992779873,251.00291983337615
skin_break_drop_g_mean,PFD,cultivar_mean_null,Fengwei Huanghou,86,98.67940417954668,73.36093143518443,-0.06738719716891933,-0.008451547778547397,-0.1212546863176114,-0.007488555629368348,1.0016413487176448,1.0158700207557705,713.2596500085536,98.84137149305474
skin_break_drop_g_mean,PFD,cultivar_mean_null,Furongli,278,108.56253128947567,88.94501761748484,-0.017066550508037,-0.002881514670000973,-0.07164242539613228,-0.002561004244881991,1.0003631841547493,1.4527998458808629,587.3873866359115,108.6019594806395
skin_break_drop_g_mean,PFD,cultivar_mean_null,Konglongdan,778,173.98492456705242,140.5225122970772,-0.005879867841961765,-0.002152682494326319,-0.061803690805655356,-0.0019126711394928278,0.9995679958494418,1.4295523629059181,836.6156821535296,173.9097623575049
skin_break_drop_g_mean,PFD,cultivar_mean_null,L31,216,138.48973734991446,110.85212867714705,-0.006583555900174655,-0.006349287355135402,-0.1065528600751044,-0.005643125561010867,0.9991559384255491,1.4189980491486756,839.7049732085693,138.3728434841616
skin_break_drop_g_mean,PFD,cultivar_mean_null,Naili,144,168.23270599902074,129.82756648398484,-0.057437193214937565,-0.006263688091149522,-0.106163693898886,-0.0055704869440715435,1.0003623239164736,1.1016950280147522,647.0253913486497,168.29366073193725
skin_break_drop_g_mean,PFD,cultivar_mean_null,Qingcuili,329,218.78952654090585,178.59542817765313,-0.006777964917574677,-0.000634515403204361,-0.033582247593744285,-0.0005639601516518749,1.0012056402995377,1.4691704060698618,897.6893117864244,219.05330801122037
skin_break_drop_g_mean,PFD,cultivar_mean_null,Weidi,681,111.43809136479035,90.0005779632167,0.00789611116812915,-0.009653436714882835,-0.1309489475971454,-0.00857092692962914,0.9959394504040109,1.3778285344275942,421.33094682064115,110.98559146792125
skin_break_drop_g_mean,PFD,cultivar_mean_null,Weijin,320,104.76451203125937,82.97821459017841,-9.592326932761353e-15,-0.00653881619196528,-0.1078172626208333,-0.005808061298939772,0.9983076147710627,1.3700219661933886,639.9773610503256,104.58721011858084
skin_break_drop_g_mean,PFD,cultivar_mean_null,Weiwang,478,214.91473242929786,173.2042284006641,-0.0011884454339150994,-0.0032846915476665295,-0.0762080801227861,-0.0029170604682941643,0.9994076419486911,1.4282974514316245,923.0198711306431,214.78742595719848
skin_break_drop_g_mean,PFD,cultivar_mean_null,Weixin,191,172.60175417151214,139.7276119485667,-0.008877050455638285,-0.005173573416023203,-0.09621551957304289,-0.004599082128633202,1.0000445607033221,1.5169182791628724,832.2131148728095,172.60944542707264
skin_break_drop_g_mean,PFD,cultivar_mean_null,Zaoshu Konglongdan,264,196.0042901214048,157.73368772520416,-0.032259575766882986,-0.007041518320088258,-0.11204984512860183,-0.006256063508140798,0.9983904109651115,1.3215660367440838,935.6641611652259,195.6888037652343
skin_break_drop_g_mean,PFD,plumspectra_corrected,3.13,300,102.55448943843177,79.2105263735218,-0.9828589880145705,0.06946230581480128,0.26808374189334727,0.15413888095344408,1.0383841445047923,1.2500439620402037,302.4959442463349,106.49095578065173
skin_break_drop_g_mean,PFD,plumspectra_corrected,A181,310,126.17236882152433,99.78979076698658,-3.2917695456976457,0.026296810038463847,0.1719320508379928,0.07298298030647507,1.015052045699441,1.382810294598802,668.7546792112004,128.07152108303262
skin_break_drop_g_mean,PFD,plumspectra_corrected,Cuihongli,295,138.50064538883822,109.08022468396811,-7.202614381921297,-0.027291112029200093,0.028529997897276137,0.010316649991179039,0.988304055386563,1.1990916613528453,1073.5267020922352,136.8807495114451
skin_break_drop_g_mean,PFD,plumspectra_corrected,Fengtangli,183,255.61779721277264,199.3834983379076,-22.877556794948273,-0.04280794348547423,-0.10365986927411809,-0.022138526434293204,0.9819461812529621,1.2779917104816878,666.8349992779873,251.00291983337615
skin_break_drop_g_mean,PFD,plumspectra_corrected,Fengwei Huanghou,86,103.62576137015714,77.83552071807024,-1.933595877080718,-0.1120836830181553,-0.1076926524436321,-0.04948181140211543,0.9538301112209706,0.9673796076051078,713.2596500085536,98.84137149305474
skin_break_drop_g_mean,PFD,plumspectra_corrected,Furongli,278,103.84827384590797,84.39507556646143,5.657503878915643,0.08232633491708707,0.2919377669879161,0.1505731922727278,1.0457752975440413,1.5187506049432653,587.3873866359115,108.6019594806395
skin_break_drop_g_mean,PFD,plumspectra_corrected,Konglongdan,778,170.1561775920064,135.91715231810764,-5.2097346226311005,0.041469146093832565,0.20730522147672067,0.07322102342729982,1.022059644372705,1.4617192484260537,836.6156821535296,173.9097623575049
skin_break_drop_g_mean,PFD,plumspectra_corrected,L31,216,140.5131840793675,112.82822722062517,-7.239067472651054,-0.03597126748636126,-0.016860499912849856,-0.00543878423766551,0.9847676884611983,1.3985639028408934,839.7049732085693,138.3728434841616
skin_break_drop_g_mean,PFD,plumspectra_corrected,Naili,144,165.4141962207647,125.77010679540192,-13.324630007621797,0.02717102361356538,0.18547433972280297,0.05586891399490425,1.0174076021100968,1.1204669247446524,647.0253913486497,168.29366073193725
skin_break_drop_g_mean,PFD,plumspectra_corrected,Qingcuili,329,217.67056467888852,179.18278436317917,2.8994389845405655,0.009574462078120405,0.10556013724657423,0.029556225820261402,1.006352458975662,1.4767228542183832,897.6893117864244,219.05330801122037
skin_break_drop_g_mean,PFD,plumspectra_corrected,Weidi,681,104.31369222579107,82.61542467951398,-3.215367874242217,0.1153170999040044,0.34345171613097464,0.18944010811848747,1.0639599567397977,1.471931237676915,421.33094682064115,110.98559146792125
skin_break_drop_g_mean,PFD,plumspectra_corrected,Weijin,320,107.66794038426997,86.55353723178294,3.200534623140033,-0.06310203493163624,0.10614191686698186,0.07003083348997999,0.9713867447014041,1.3330772581707733,639.9773610503256,104.58721011858084
skin_break_drop_g_mean,PFD,plumspectra_corrected,Weiwang,478,202.18160832554457,161.7046456112837,-8.754628531708363,0.11207741093306967,0.4369750207555923,0.1354068327772159,1.0623489828578103,1.5182496921758466,923.0198711306431,214.78742595719848
skin_break_drop_g_mean,PFD,plumspectra_corrected,Weixin,191,171.32029101381698,137.19371822290495,-7.889791600906323,0.009696625951135851,0.11321016192055708,0.03211891601657282,1.007524820356228,1.528264716158037,832.2131148728095,172.60944542707264
skin_break_drop_g_mean,PFD,plumspectra_corrected,Zaoshu Konglongdan,264,194.13400646151248,155.3276256674452,-10.584506317402639,0.01208528026361333,0.12554277796132515,0.03736640162759907,1.0080088869130204,1.334297981080076,935.6641611652259,195.6888037652343
skin_break_drop_g_mean,PFD,plumspectra_fixed_gate_sensitivity,3.13,300,102.92075787259164,79.2221727664181,-1.3772314788670208,0.0628036951789398,0.2568688373762936,0.1459422373764872,1.0346888031322092,1.2455953779637607,302.4959442463349,106.49095578065173
skin_break_drop_g_mean,PFD,plumspectra_fixed_gate_sensitivity,A181,310,126.02930094077331,99.58752514821927,-4.03151017091376,0.0285037381204174,0.1768597269395365,0.07387001638988651,1.0162043280968371,1.3843800544629934,668.7546792112004,128.07152108303262
skin_break_drop_g_mean,PFD,plumspectra_fixed_gate_sensitivity,Cuihongli,295,138.4717017397145,108.975824434121,-7.828035826588895,-0.026861793500392306,0.031065579789975872,0.011231466710673118,0.9885106327987511,1.1993422980380117,1073.5267020922352,136.8807495114451
skin_break_drop_g_mean,PFD,plumspectra_fixed_gate_sensitivity,Fengtangli,183,255.73104156689317,199.28109455323136,-25.38674370106746,-0.04373212225574963,-0.10086575313235709,-0.02131691439520941,0.9815113499536573,1.2774257825249635,666.8349992779873,251.00291983337615
skin_break_drop_g_mean,PFD,plumspectra_fixed_gate_sensitivity,Fengwei Huanghou,86,103.18088287646493,77.85933277422751,-2.724957300593249,-0.10255554808309664,-0.09901375533370824,-0.04407517939319076,0.9579426802481836,0.9715505971398182,713.2596500085536,98.84137149305474
skin_break_drop_g_mean,PFD,plumspectra_fixed_gate_sensitivity,Furongli,278,103.72434168797389,84.08373525369888,5.485356489293706,0.0845153248988646,0.29570395011049155,0.15159463310185853,1.0470248132047786,1.5205652420551645,587.3873866359115,108.6019594806395
skin_break_drop_g_mean,PFD,plumspectra_fixed_gate_sensitivity,Konglongdan,778,170.32512049726026,136.06373117495676,-5.645767745403201,0.03956480878809998,0.20239553781077085,0.07191463844995363,1.021045878903707,1.4602693912601017,836.6156821535296,173.9097623575049
skin_break_drop_g_mean,PFD,plumspectra_fixed_gate_sensitivity,L31,216,140.4504714632232,112.55176021429914,-7.848041320646393,-0.03504674256323059,-0.018220678581418626,-0.005703389952997118,0.985207397615567,1.399188376367243,839.7049732085693,138.3728434841616
skin_break_drop_g_mean,PFD,plumspectra_fixed_gate_sensitivity,Naili,144,164.97071476478993,125.21046528174617,-14.31695758971289,0.032380410459585174,0.20651750176832295,0.06089736169655913,1.0201426415099497,1.1234790127013894,647.0253913486497,168.29366073193725
skin_break_drop_g_mean,PFD,plumspectra_fixed_gate_sensitivity,Qingcuili,329,217.70557397172175,179.3331912850141,2.675640977744924,0.009255844021868742,0.10402630467028738,0.028887857826821916,1.0061906271617724,1.4764853820127173,897.6893117864244,219.05330801122037
skin_break_drop_g_mean,PFD,plumspectra_fixed_gate_sensitivity,Weidi,681,103.83767638156621,82.01964290800464,-3.914712124925516,0.12337284427962092,0.357844284010679,0.19634054184697444,1.0688373944356095,1.4786789097662731,421.33094682064115,110.98559146792125
skin_break_drop_g_mean,PFD,plumspectra_fixed_gate_sensitivity,Weijin,320,107.36080211000245,86.43142372054305,3.3221012884581294,-0.05704538331250064,0.11127141504908386,0.07278083367695701,0.9741656923485,1.3368909316949364,639.9773610503256,104.58721011858084
skin_break_drop_g_mean,PFD,plumspectra_fixed_gate_sensitivity,Weiwang,478,201.6048389145137,161.2030295179676,-9.135910952946462,0.11713619064793579,0.44677284945190077,0.1414399093654346,1.0653882471951708,1.5225932386178316,923.0198711306431,214.78742595719848
skin_break_drop_g_mean,PFD,plumspectra_fixed_gate_sensitivity,Weixin,191,171.19710845957968,137.10502216913645,-8.42970412342811,0.011120207973784657,0.11969794601691994,0.03462465145554735,1.0082497711567742,1.529364358278053,832.2131148728095,172.60944542707264
skin_break_drop_g_mean,PFD,plumspectra_fixed_gate_sensitivity,Zaoshu Konglongdan,264,194.20447527390087,155.40319996824198,-11.2595636284652,0.011367942652350638,0.12360448365560002,0.03564754360136669,1.0076431219684303,1.3338138192503017,935.6641611652259,195.6888037652343
skin_break_force_g_mean,SRF,global_pls,3.13,300,310.52444325674657,280.1472981527688,275.0368957404508,-5.567905151724706,0.4689293278359923,0.15309955530519184,0.3908513325699492,0.4721050262360442,351.8275365885834,121.36889244244097
skin_break_force_g_mean,SRF,global_pls,A181,310,166.3378278143604,132.20108240355003,34.683084701505635,-0.4865735117448391,0.19482521611938225,0.18621156322059537,0.821501597183116,1.147448509289539,743.3458235949078,136.6467912214672
skin_break_force_g_mean,SRF,global_pls,Cuihongli,295,276.6018872063326,236.92380703194488,-219.12525518191515,-3.496440141604907,-0.0014215760903125742,-0.0005186864896012797,0.4723924355795238,0.6105345836597429,1184.690747526119,130.6646391832922
skin_break_force_g_mean,SRF,global_pls,Fengtangli,183,300.53664764401816,244.3213544681365,96.2546132999237,-0.12688097256350783,0.17943344111331133,0.10996530445653166,0.9446062786503231,1.360729892833923,747.8781317334544,283.8888043290594
skin_break_force_g_mean,SRF,global_pls,Fengwei Huanghou,86,142.54348864726487,111.6938486305633,33.78112615193316,-0.39630219895623076,0.11217991755123423,0.09941937734555914,0.8512361362255735,1.1255903658605535,841.5433246304821,121.33816852021164
skin_break_force_g_mean,SRF,global_pls,Furongli,278,146.1993042908693,117.87498781012606,41.5653671171488,-0.8064083411525016,0.35548718260311707,0.32841887579094986,0.7453745299006317,1.0957251345926409,728.4147560175015,108.9732377076061
skin_break_force_g_mean,SRF,global_pls,Konglongdan,778,196.2246280835933,158.95761238588835,-24.42219227843952,-0.13971613194158783,0.16718719635750146,0.13991966120147203,0.9373050164148693,1.3749910752052665,939.7144981708236,183.92232824689404
skin_break_force_g_mean,SRF,global_pls,L31,216,163.86067233402377,127.32378922333046,30.267170826033922,-0.14314513243201876,0.20871054425710123,0.1780008242169277,0.9374690958563208,1.280626607221132,888.0220099613006,153.6143163393861
skin_break_force_g_mean,SRF,global_pls,Naili,144,195.73723577660851,153.25451292179827,83.24280510741966,-0.4483450009507641,0.22644653515275187,0.18250846988685007,0.8338294213512698,0.9377919338807057,781.399887371475,163.21146604450655
skin_break_force_g_mean,SRF,global_pls,Qingcuili,329,327.17051322948737,258.9855490399083,-204.78496748125696,-1.2495973898476893,0.019612531242714615,0.010810283721103544,0.6677418982403327,0.9603069691631066,992.4529533639876,218.46545955212179
skin_break_force_g_mean,SRF,global_pls,Weidi,681,184.0248649126877,149.64614863702104,127.70294721243606,-1.5618865820195595,0.37017423798689975,0.23317773911140877,0.625229052364678,0.8120539924608919,431.5862638159057,115.05769190089761
skin_break_force_g_mean,SRF,global_pls,Weijin,320,174.54980460006234,139.17665036328953,53.508309516185065,-1.1589903536373511,0.1312604914675572,0.11965832932071388,0.6816387897319649,0.9245636341358581,775.9213075633731,118.97991755553745
skin_break_force_g_mean,SRF,global_pls,Weiwang,478,243.41594704321457,196.86117973021777,-39.175211395115625,-0.2414242281922998,0.009124298305891239,0.006813257652460529,0.8984515252036676,1.2370206400555654,1043.7533587763025,218.6974288798713
skin_break_force_g_mean,SRF,global_pls,Weixin,191,223.2897121479231,173.8477759622912,-115.1463568989421,-0.8176514695412103,0.0809396416146525,0.05589367756951964,0.7436773888811037,1.0458425917938903,941.9761625856139,166.0555100941807
skin_break_force_g_mean,SRF,global_pls,Zaoshu Konglongdan,264,308.76695519352427,252.30225338615452,-218.0306268970799,-1.5812753355871352,-0.06422328274510321,-0.024571939960572872,0.6236011728826307,0.782782459317938,990.1351251201395,192.54743540608044
skin_break_force_g_mean,SRF,cultivar_aware_pls,3.13,300,129.6763920115908,100.28704587565456,2.650609739208515,-0.14539986101515834,0.2322776735022482,0.21573503794334237,0.9359366848484859,1.130507628694326,351.8275365885834,121.36889244244097
skin_break_force_g_mean,SRF,cultivar_aware_pls,A181,310,149.54308023836356,119.46564664755795,-0.5025665473885653,-0.20153653883290246,0.042655090319507365,0.033858754905514495,0.9137620477233692,1.2763151077256187,743.3458235949078,136.6467912214672
skin_break_force_g_mean,SRF,cultivar_aware_pls,Cuihongli,295,142.57082566072953,112.5492291406391,-1.661801787482097,-0.19459273138191513,0.0030637977936026073,0.0022723850326832663,0.9164893208532716,1.1844991235926698,1184.690747526119,130.6646391832922
skin_break_force_g_mean,SRF,cultivar_aware_pls,Fengtangli,183,286.6633828320141,233.1442852694096,0.8102776994845918,-0.025244890320194058,0.05767035044860264,0.024866946315636823,0.9903211269066037,1.4265833197850637,747.8781317334544,283.8888043290594
skin_break_force_g_mean,SRF,cultivar_aware_pls,Fengwei Huanghou,86,144.3487253621144,115.48361704683121,0.1588546350547914,-0.4318929845577264,0.021931757112264794,0.020390311305942852,0.8405905089623875,1.1115136426388208,841.5433246304821,121.33816852021164
skin_break_force_g_mean,SRF,cultivar_aware_pls,Furongli,278,113.20832272570819,90.46125095292251,-0.19212379349259823,-0.08313360420942839,0.23807136113628832,0.21199363537001176,0.9625903386241024,1.4150395352079987,728.4147560175015,108.9732377076061
skin_break_force_g_mean,SRF,cultivar_aware_pls,Konglongdan,778,184.7997927600143,148.873550399393,-0.483159233879033,-0.010863757257260076,0.20441998616349086,0.14927969876551195,0.995251810080438,1.4599968339834226,939.7144981708236,183.92232824689404
skin_break_force_g_mean,SRF,cultivar_aware_pls,L31,216,160.38233078434928,130.00686902548537,-0.1306616574922517,-0.0951281632318337,0.04949246090229215,0.0316718816913196,0.9578007476767284,1.3084005940171304,888.0220099613006,153.6143163393861
skin_break_force_g_mean,SRF,cultivar_aware_pls,Naili,144,177.4113798708744,135.5865195416351,0.5062636551518204,-0.18983864531003514,-0.018470881154031775,-0.013136285696800802,0.9199605243096413,1.0346619309596188,781.399887371475,163.21146604450655
skin_break_force_g_mean,SRF,cultivar_aware_pls,Qingcuili,329,221.30396053830447,179.940425935502,2.1338579340478403,-0.02928314600762527,0.11676131654377524,0.06841476073232781,0.9871737451996871,1.4196949896184368,992.4529533639876,218.46545955212179
skin_break_force_g_mean,SRF,cultivar_aware_pls,Weidi,681,113.87293365509768,89.36508700967083,1.9986316693769364,0.019047671299089464,0.3624053283715377,0.33995157569705003,1.0104042129044322,1.3123234948618059,431.5862638159057,115.05769190089761
skin_break_force_g_mean,SRF,cultivar_aware_pls,Weijin,320,143.89133309752842,115.78678632290116,-1.3359074018419919,-0.4671727098740279,0.06137473400375122,0.05886034387702216,0.8268734119996914,1.1215574851152004,775.9213075633731,118.97991755553745
skin_break_force_g_mean,SRF,cultivar_aware_pls,Weiwang,478,213.62721776369122,172.75044196601456,-0.758553329434726,0.04382951950791247,0.22531928057375653,0.12695605255243064,1.0237339191571957,1.4095139831115033,1043.7533587763025,218.6974288798713
skin_break_force_g_mean,SRF,cultivar_aware_pls,Weixin,191,177.27151606019115,141.75106159144178,0.7328675610627688,-0.14564773807879883,0.010098077722478394,0.006860273323711762,0.9367297904633357,1.3173345411814705,941.9761625856139,166.0555100941807
skin_break_force_g_mean,SRF,cultivar_aware_pls,Zaoshu Konglongdan,264,197.24639702602835,155.35457919890155,-1.2006595136412075,-0.05339404602349318,0.07220045071257175,0.04129359296582386,0.9761771992249478,1.2253575233143774,990.1351251201395,192.54743540608044
skin_break_force_g_mean,SRF,nested_rbf_svr,3.13,300,113.8387565530463,87.12285640771124,1.3245917382830028,0.11729502251061064,0.3469832896504943,0.1868954168142744,1.0661473835221118,1.2877876996341489,351.8275365885834,121.36889244244097
skin_break_force_g_mean,SRF,nested_rbf_svr,A181,310,135.81680764126605,108.97617182869043,-1.6507107294694237,0.008913923305586269,0.12579369518403932,0.05016088355754016,1.0061110520458807,1.4053053953983266,743.3458235949078,136.6467912214672
skin_break_force_g_mean,SRF,nested_rbf_svr,Cuihongli,295,132.15662268386805,104.14909727356925,-0.9045418706887808,-0.026446697102879613,0.01890748904099207,0.006677807073002999,0.9887104900967026,1.2778399948142098,1184.690747526119,130.6646391832922
skin_break_force_g_mean,SRF,nested_rbf_svr,Fengtangli,183,281.1895565023709,225.8547994581135,0.7987230950232221,0.013535311310618914,0.11857159034602434,0.022524691175866522,1.0095993886126624,1.4543541567763139,747.8781317334544,283.8888043290594
skin_break_force_g_mean,SRF,nested_rbf_svr,Fengwei Huanghou,86,123.91669169147951,97.24412244014262,-1.6160881068085962,-0.055223064129981125,0.020199983717392234,0.009694060284616186,0.9791914782740672,1.294785838351644,841.5433246304821,121.33816852021164
skin_break_force_g_mean,SRF,nested_rbf_svr,Furongli,278,103.2395735905311,83.11719486518054,-0.7095965763969841,0.09922210058021352,0.3193226681612842,0.15933992832374538,1.055537464149318,1.551674874276659,728.4147560175015,108.9732377076061
skin_break_force_g_mean,SRF,nested_rbf_svr,Konglongdan,778,180.26057896005827,146.69210194314113,0.058794142155744376,0.038185789283076366,0.19626673308674047,0.06771474076601035,1.0203136443251253,1.4967615987197995,939.7144981708236,183.92232824689404
skin_break_force_g_mean,SRF,nested_rbf_svr,L31,216,153.4396082085662,123.71591509039716,-0.3212830605604119,-0.0023672491603980994,0.06510855776018039,0.018658936931565305,1.0011386116848162,1.367602142093969,888.0220099613006,153.6143163393861
skin_break_force_g_mean,SRF,nested_rbf_svr,Naili,144,167.3215916445733,129.3880579303275,0.042464948251920966,-0.05834947142882396,-0.03693144028957479,-0.014689444431134777,0.975435772755512,1.0970538773102971,781.399887371475,163.21146604450655
skin_break_force_g_mean,SRF,nested_rbf_svr,Qingcuili,329,217.50262949928344,177.82463422157977,1.0438937597900884,0.005773093060029932,0.0871891260415247,0.022239799242663654,1.0044267513227536,1.4445072442675098,992.4529533639876,218.46545955212179
skin_break_force_g_mean,SRF,nested_rbf_svr,Weidi,681,108.72701292874922,86.7245357540693,1.0563528037070515,0.1057029515612784,0.32591770692408023,0.18190587856353937,1.058225447399139,1.3744342113247776,431.5862638159057,115.05769190089761
skin_break_force_g_mean,SRF,nested_rbf_svr,Weijin,320,121.72630775478017,99.5408317160179,-0.26937948589154176,-0.04997961154317454,0.05293284077748876,0.027710245464574807,0.9774379897829862,1.3257808000210218,775.9213075633731,118.97991755553745
skin_break_force_g_mean,SRF,nested_rbf_svr,Weiwang,478,217.27021953171166,176.18862640092718,-0.32641101503768405,0.010940156958101466,0.10620905125891272,0.026061212406548302,1.0065688217705848,1.3858804545791898,1043.7533587763025,218.6974288798713
skin_break_force_g_mean,SRF,nested_rbf_svr,Weixin,191,167.26221239629228,134.83176157446007,0.6776175959248748,-0.019926458272315317,0.018629061258396414,0.005845361258106786,0.9927855653418445,1.3961664617971548,941.9761625856139,166.0555100941807
skin_break_force_g_mean,SRF,nested_rbf_svr,Zaoshu Konglongdan,264,193.81440570673328,154.1387489011906,-0.6508487638526486,-0.017055866221744598,0.002632271184199012,0.0006890695391158669,0.9934629714647221,1.2470556853664345,990.1351251201395,192.54743540608044
skin_break_force_g_mean,SRF,residual_cnn,3.13,300,114.22800511747579,87.02083972134439,-10.197045720665656,0.11124824061077399,0.3674797942910784,0.2911776209917706,1.062514331031355,1.2833993754849435,351.8275365885834,121.36889244244097
skin_break_force_g_mean,SRF,residual_cnn,A181,310,145.13719859542869,115.61518673932372,-37.49057353237871,-0.13177946781347027,0.08727251901727623,0.04982488085478417,0.9415008181491185,1.3150597807532671,743.3458235949078,136.6467912214672
skin_break_force_g_mean,SRF,residual_cnn,Cuihongli,295,135.16651245680572,107.7654416378755,0.9950555673265425,-0.07373412320915618,0.06409303820365786,0.039336664651526465,0.9666938711986657,1.2493850360974856,1184.690747526119,130.6646391832922
skin_break_force_g_mean,SRF,residual_cnn,Fengtangli,183,278.76718771406365,220.78466103559322,-16.705464213990115,0.030458333044506625,0.18440537099947685,0.06285859288132092,1.0183723796799538,1.4669918784013334,747.8781317334544,283.8888043290594
skin_break_force_g_mean,SRF,residual_cnn,Fengwei Huanghou,86,120.90204239870438,93.52063597579834,-24.8239983284196,-0.004504599408762022,0.22664033024062447,0.13400848448789815,1.0036072684369468,1.3270708612878974,841.5433246304821,121.33816852021164
skin_break_force_g_mean,SRF,residual_cnn,Furongli,278,105.7472260395242,84.79050363185169,-1.6657726271938484,0.054931505223912325,0.28590830656969335,0.2136072494491289,1.0305068207356678,1.5148790031767723,728.4147560175015,108.9732377076061
skin_break_force_g_mean,SRF,residual_cnn,Konglongdan,778,180.25282453409767,145.90913557102206,-19.6054443117626,0.03826853789852447,0.23988043689688215,0.140889189659837,1.020357537931963,1.4968259889840185,939.7144981708236,183.92232824689404
skin_break_force_g_mean,SRF,residual_cnn,L31,216,156.13702815906746,126.78175289496782,-18.613477677255645,-0.03791962668486559,0.0818735570011403,0.038631847131272726,0.9838429624963062,1.3439754768120202,888.0220099613006,153.6143163393861
skin_break_force_g_mean,SRF,residual_cnn,Naili,144,167.30072939854804,127.12088451099206,-23.1202592215168,-0.05808557039419049,0.11777623714740204,0.07137635910007098,0.9755574086930611,1.0971906789128585,781.399887371475,163.21146604450655
skin_break_force_g_mean,SRF,residual_cnn,Qingcuili,329,215.67420330356933,175.36439286897794,-1.4174578406583578,0.02241868122048185,0.1630681018634534,0.070496025874545,1.0129420032892096,1.4567533768362713,992.4529533639876,218.46545955212179
skin_break_force_g_mean,SRF,residual_cnn,Weidi,681,106.0662548928142,85.60168738653326,19.328946461828092,0.14893769952984337,0.44994825879602063,0.39165156517275157,1.084771891089864,1.408913008340304,431.5862638159057,115.05769190089761
skin_break_force_g_mean,SRF,residual_cnn,Weijin,320,127.3083352884175,103.85554270918797,-12.637398086289194,-0.14848584376642493,0.0956923050858039,0.07380877786073543,0.9345807349219359,1.2676499249882196,775.9213075633731,118.97991755553745
skin_break_force_g_mean,SRF,residual_cnn,Weiwang,478,194.89636895819518,156.15620302982725,-18.46253087362756,0.20415286158647283,0.4953737812816268,0.27891671619441316,1.1221216180111666,1.544977734683792,1043.7533587763025,218.6974288798713
skin_break_force_g_mean,SRF,residual_cnn,Weixin,191,166.62232445661925,134.0945400636934,-1.258675212375693,-0.012137606926740707,0.10680194007452623,0.05202722625028461,0.9965982087677205,1.4015282287968258,941.9761625856139,166.0555100941807
skin_break_force_g_mean,SRF,residual_cnn,Zaoshu Konglongdan,264,191.31163188716937,151.0764816371877,2.5688115247466397,0.009041530412388976,0.1370927331464764,0.06103733246535889,1.0064596360750293,1.2633698963220663,990.1351251201395,192.54743540608044
skin_break_force_g_mean,SRF,no_neural_b50,3.13,300,119.08216728082553,91.54051152547085,1.9876007387457593,0.03410759946084496,0.27323189170704054,0.21143720315878134,1.0192029185715337,1.2310839966906175,351.8275365885834,121.36889244244097
skin_break_force_g_mean,SRF,no_neural_b50,A181,310,141.1467732269451,112.97785855500955,-1.0766386384289974,-0.07040036087485002,0.06886474085596044,0.042253651482652504,0.9681184209699039,1.3522384408828387,743.3458235949078,136.6467912214672
skin_break_force_g_mean,SRF,no_neural_b50,Cuihongli,295,136.07060612756285,107.20227498061581,-1.2831718290854304,-0.08814601821488499,0.007893279425403896,0.004401478542154956,0.9602708689398892,1.2410837494668119,1184.690747526119,130.6646391832922
skin_break_force_g_mean,SRF,no_neural_b50,Fengtangli,183,283.117405176879,229.2884299838425,0.804500397253907,-3.7553381832866606e-05,0.07811674472129751,0.023854486207609986,1.0027246617059749,1.4444509340067535,747.8781317334544,283.8888043290594
skin_break_force_g_mean,SRF,no_neural_b50,Fengwei Huanghou,86,131.6736976420267,104.91983638413915,-0.7286167358769157,-0.19146891919253828,0.021817139972909225,0.016563271694654495,0.9215065020053311,1.2185089384647507,841.5433246304821,121.33816852021164
skin_break_force_g_mean,SRF,no_neural_b50,Furongli,278,106.23830515413678,84.7706254285519,-0.4508601849447926,0.046133524585861174,0.26866877159893254,0.19500116396066983,1.0257433752308203,1.507876581229755,728.4147560175015,108.9732377076061
skin_break_force_g_mean,SRF,no_neural_b50,Konglongdan,778,180.7562551798376,146.30427769372497,-0.21218254586164664,0.03288896941753894,0.20520322545796654,0.113336957139072,1.017515704028646,1.4926571259289345,939.7144981708236,183.92232824689404
skin_break_force_g_mean,SRF,no_neural_b50,L31,216,155.88456149933836,125.56197157104127,-0.22597235902633075,-0.03456580023275313,0.05509763573850564,0.02583696234161901,0.985436369463939,1.3461521452141056,888.0220099613006,153.6143163393861
skin_break_force_g_mean,SRF,no_neural_b50,Naili,144,171.22323453334084,131.83038698889155,0.2743643017018695,-0.10828260492874664,-0.025220249133384033,-0.01406746895076129,0.953208637188347,1.0720554448798603,781.399887371475,163.21146604450655
skin_break_force_g_mean,SRF,no_neural_b50,Qingcuili,329,218.1482791151542,178.02549670572958,1.5888758469189648,-0.00013832957287496228,0.11069874614982347,0.046797644813433216,1.0014539671743188,1.4402319616424677,992.4529533639876,218.46545955212179
skin_break_force_g_mean,SRF,no_neural_b50,Weidi,681,108.6018200010396,85.77901772970178,1.5274922365419952,0.10776122953932443,0.35626740825137837,0.28292691839370815,1.0594453380228455,1.3760186179475982,431.5862638159057,115.05769190089761
skin_break_force_g_mean,SRF,no_neural_b50,Weijin,320,129.8664552617206,105.82556891508361,-0.8026434438667682,-0.1951046632035236,0.06013626791774455,0.04844301797226923,0.9161712877721699,1.2426796539067975,775.9213075633731,118.97991755553745
skin_break_force_g_mean,SRF,no_neural_b50,Weiwang,478,214.2443989026187,173.6152787871346,-0.5424821722362098,0.03829667727544395,0.19625368479421992,0.07923243710231086,1.0207848139790885,1.4054535481601729,1043.7533587763025,218.6974288798713
skin_break_force_g_mean,SRF,no_neural_b50,Weixin,191,170.97353357288745,136.72638710599537,0.7052425784938275,-0.06569016853941068,0.01290437553028733,0.006484267096431266,0.9712351767204358,1.3658598871628371,941.9761625856139,166.0555100941807
skin_break_force_g_mean,SRF,no_neural_b50,Zaoshu Konglongdan,264,194.55754312373782,153.75650073693367,-0.925754138746928,-0.02487015909688428,0.05263758208074412,0.021983492602281843,0.9896683125959349,1.2422923966961277,990.1351251201395,192.54743540608044
skin_break_force_g_mean,SRF,cultivar_mean_null,3.13,300,121.57230703388556,94.02407933783427,3.259022681352993e-14,-0.006710516105651099,-0.10922365316197055,-0.005960459009891793,0.9983268015849375,1.2058679645669457,351.8275365885834,121.36889244244097
skin_break_force_g_mean,SRF,cultivar_mean_null,A181,310,137.25303715111244,110.18989107023216,3.6673173458585816e-16,-0.012157890875483135,-0.14701710180479335,-0.010792434862058962,0.9955830053583603,1.3906001391714986,743.3458235949078,136.6467912214672
skin_break_force_g_mean,SRF,cultivar_mean_null,Cuihongli,295,130.9618045526807,103.21844335646192,-4.7787009754170803e-14,-0.00797054166092126,-0.11903718680159421,-0.007078656950804434,0.9977309004682433,1.2894982519661737,1184.690747526119,130.6646391832922
skin_break_force_g_mean,SRF,cultivar_mean_null,Fengtangli,183,283.73918929825373,227.3942803565024,-0.0794992136113097,-0.004434953673824182,-0.08887011210717502,-0.00394085420953034,1.0005272977313273,1.4412855740961554,747.8781317334544,283.8888043290594
skin_break_force_g_mean,SRF,cultivar_mean_null,Fengwei Huanghou,86,121.12626458060514,92.96082607776633,-0.08158902451402598,-0.008233917190486606,-0.1196868285375728,-0.007295946104794306,1.0017494466649344,1.3246142617627228,841.5433246304821,121.33816852021164
skin_break_force_g_mean,SRF,cultivar_mean_null,Furongli,278,108.88005132917068,88.65045862589623,-0.009886425330314245,-0.0018944062426695663,-0.0582355125489902,-0.0016847278400227816,1.0008558627342459,1.4712911172971193,728.4147560175015,108.9732377076061
skin_break_force_g_mean,SRF,cultivar_mean_null,Konglongdan,778,183.91461475415372,151.60190582797674,-0.0067003661061990965,-0.0012030173777795028,-0.04624832658720583,-0.001069215313453759,1.000041940618752,1.467023774652579,939.7144981708236,183.92232824689404
skin_break_force_g_mean,SRF,cultivar_mean_null,L31,216,153.58610421688738,123.38412968909617,9.054683823916532e-05,-0.004282177143494659,-0.08753250527076084,-0.003807023829324687,1.0001836892903988,1.3662976734650538,888.0220099613006,153.6143163393861
skin_break_force_g_mean,SRF,cultivar_mean_null,Naili,144,163.52401309214395,125.36322974360402,-0.03395232894878733,-0.010853447104335778,-0.13855996623840805,-0.009630985377196057,0.9980886779762354,1.122531164691848,781.399887371475,163.21146604450655
skin_break_force_g_mean,SRF,cultivar_mean_null,Qingcuili,329,218.21634696342284,177.26395439022738,-0.0016035221837809384,-0.000762564476454175,-0.03674529181968286,-0.000677503880145259,1.0011415853677577,1.4397827125738214,992.4529533639876,218.46545955212179
skin_break_force_g_mean,SRF,cultivar_mean_null,Weidi,681,115.5469710797674,92.86471989946774,0.008087449911880415,-0.010006142024484577,-0.1333308127251407,-0.008883882406779401,0.9957655386870157,1.2933106326193553,431.5862638159057,115.05769190089761
skin_break_force_g_mean,SRF,cultivar_mean_null,Weijin,320,119.03516160371353,96.79770599801557,-1.2434497875801753e-14,-0.004066551674759111,-0.08502602660110567,-0.003613080069029783,0.999535901430873,1.3557540436329605,775.9213075633731,118.97991755553745
skin_break_force_g_mean,SRF,cultivar_mean_null,Weiwang,478,218.81116207245506,178.69428209028197,0.004806721217060825,-0.003138983864592104,-0.07449673490161926,-0.002787691458148476,0.9994802221627702,1.37612061358836,1043.7533587763025,218.6974288798713
skin_break_force_g_mean,SRF,cultivar_mean_null,Weixin,191,166.0036169036077,134.9051115856032,0.0030063778234237157,-0.004634956379711008,-0.09110026371477087,-0.0041208005004509975,1.0003126027705957,1.40675182643337,941.9761625856139,166.0555100941807
skin_break_force_g_mean,SRF,cultivar_mean_null,Zaoshu Konglongdan,264,192.98197673839107,154.2599502308243,-0.035885624576677044,-0.008338158784744643,-0.12197052971579403,-0.007407488611794993,0.9977482802298181,1.252434867895185,990.1351251201395,192.54743540608044
skin_break_force_g_mean,SRF,plumspectra_corrected,3.13,300,112.52192445665787,85.56539518305806,-4.436226991191328,0.13759832495885949,0.37283139590991965,0.24772651238769727,1.0786243927883659,1.3028585419113412,351.8275365885834,121.36889244244097
skin_break_force_g_mean,SRF,plumspectra_corrected,A181,310,138.17025010686064,110.68778277040175,-19.570642130924064,-0.02573086985640982,0.1130556694985298,0.0516316359148441,0.9889740455400841,1.3813689445914288,743.3458235949078,136.6467912214672
skin_break_force_g_mean,SRF,plumspectra_corrected,Cuihongli,295,132.65084789359264,105.19018871806364,0.045256848318883186,-0.034138243529991064,0.05210233320720483,0.02400361753489237,0.985026792200426,1.273079069803477,1184.690747526119,130.6646391832922
skin_break_force_g_mean,SRF,plumspectra_corrected,Fengtangli,183,279.2687979591892,223.0380578226767,-7.953370559483452,0.026966031191129947,0.17277594690643427,0.043151888363341696,1.016543224318763,1.4643569325674288,747.8781317334544,283.8888043290594
skin_break_force_g_mean,SRF,plumspectra_corrected,Fengwei Huanghou,86,120.32757518547793,93.36872635649603,-13.220043217614094,0.005018548511526499,0.16149151686209723,0.07689827632754481,1.0083986844509742,1.33340655531533,841.5433246304821,121.33816852021164
skin_break_force_g_mean,SRF,plumspectra_corrected,Furongli,278,103.53115085654572,82.59067759294588,-1.1876846017954166,0.0941268209073467,0.30915683290815926,0.19089183834288934,1.0525647286448212,1.5473048550714048,728.4147560175015,108.9732377076061
skin_break_force_g_mean,SRF,plumspectra_corrected,Konglongdan,778,178.4583142622415,144.58522323120647,-9.773325084803423,0.05732228855340071,0.24565655635508238,0.10770709040344761,1.030617872903491,1.5118775130529165,939.7144981708236,183.92232824689404
skin_break_force_g_mean,SRF,plumspectra_corrected,L31,216,153.40394122848522,124.20311521198538,-9.467380368908032,-0.001901303529727727,0.09003731179519671,0.029433127498000495,1.0013713800911253,1.367920114617818,888.0220099613006,153.6143163393861
skin_break_force_g_mean,SRF,plumspectra_corrected,Naili,144,165.65912562022476,127.45713877085771,-11.538897136632437,-0.0374229527293608,0.06452932977172363,0.03083148346055092,0.9852247223534821,1.1080633208956105,781.399887371475,163.21146604450655
skin_break_force_g_mean,SRF,plumspectra_corrected,Qingcuili,329,216.03184913643756,176.4213990544467,-0.18678204043413368,0.019173807534868192,0.14154720302571722,0.04700556606012013,1.0112650538585506,1.4543416871857644,992.4529533639876,218.46545955212179
skin_break_force_g_mean,SRF,plumspectra_corrected,Weidi,681,104.21076649434292,83.42202941422379,10.192649632767573,0.1784536616040835,0.4316406729693332,0.312470953743703,1.1040864180491707,1.433998916729363,431.5862638159057,115.05769190089761
skin_break_force_g_mean,SRF,plumspectra_corrected,Weijin,320,123.16682818407767,100.81963366472027,-6.453388786090369,-0.07497776917448662,0.08333204075849163,0.053468256179258586,0.9660061829124745,1.310274885357486,775.9213075633731,118.97991755553745
skin_break_force_g_mean,SRF,plumspectra_corrected,Weiwang,478,204.1139663874344,164.86642989722148,-9.39447094433262,0.12709374163025777,0.4275648941911709,0.16071301774455565,1.0714476463837639,1.4752079729790886,1043.7533587763025,218.6974288798713
skin_break_force_g_mean,SRF,plumspectra_corrected,Weixin,191,165.81954119527424,133.5811723230825,-0.2905288082254162,-0.0024081812767080546,0.08447199372036594,0.029784545175532764,1.0014230463864846,1.4083134568481785,941.9761625856139,166.0555100941807
skin_break_force_g_mean,SRF,plumspectra_corrected,Zaoshu Konglongdan,264,191.93508944104403,151.71740628303942,0.9589813804469972,0.002572219244772689,0.09404992169603314,0.031611380819324714,1.0031903804917575,1.2592661260969675,990.1351251201395,192.54743540608044
skin_break_force_g_mean,SRF,plumspectra_fixed_gate_sensitivity,3.13,300,113.36078020064927,86.27763406706399,-3.0099681686515054,0.12469191218250109,0.35534416529874346,0.23877791803804654,1.070642705771937,1.293217549942548,351.8275365885834,121.36889244244097
skin_break_force_g_mean,SRF,plumspectra_fixed_gate_sensitivity,A181,310,137.78193678690408,110.13301303072797,-16.520553829292595,-0.019973548558589682,0.11449456389788217,0.05318564261609079,0.9917612889475308,1.385262081627155,743.3458235949078,136.6467912214672
skin_break_force_g_mean,SRF,plumspectra_fixed_gate_sensitivity,Cuihongli,295,133.031932988209,105.07294871680806,-0.203788087556768,-0.04008861267965336,0.042504287235097755,0.019802590774749086,0.9822050709800133,1.2694321900891667,1184.690747526119,130.6646391832922
skin_break_force_g_mean,SRF,plumspectra_fixed_gate_sensitivity,Fengtangli,183,279.62231732049844,223.77705100460142,-6.538523449446671,0.024500993410024097,0.1619676490374959,0.04057012441466184,1.0152580346570506,1.4625055834602092,747.8781317334544,283.8888043290594
skin_break_force_g_mean,SRF,plumspectra_fixed_gate_sensitivity,Fengwei Huanghou,86,121.33627388863013,95.24837228432816,-11.426324438457721,-0.011733109783246931,0.13278037150218633,0.06745504452715043,1.0000156147170238,1.322321614101825,841.5433246304821,121.33816852021164
skin_break_force_g_mean,SRF,plumspectra_fixed_gate_sensitivity,Furongli,278,104.02980707612986,83.03411854543056,-1.0538443457464204,0.08537955709866818,0.2973370987931073,0.18603534102426608,1.0475193674814622,1.5398880078113744,728.4147560175015,108.9732377076061
skin_break_force_g_mean,SRF,plumspectra_fixed_gate_sensitivity,Konglongdan,778,178.3279808419491,144.32616374381453,-8.220408374799403,0.05869871694605644,0.24676392868596603,0.10880261217182537,1.0313711139358617,1.5129824892120642,939.7144981708236,183.92232824689404
skin_break_force_g_mean,SRF,plumspectra_fixed_gate_sensitivity,L31,216,153.53002145046003,124.23397412332454,-7.780596324704562,-0.0035488733104349635,0.0821653880382664,0.027090323549432034,1.0005490449889196,1.3667967664278975,888.0220099613006,153.6143163393861
skin_break_force_g_mean,SRF,plumspectra_fixed_gate_sensitivity,Naili,144,166.38337938254503,127.80558947022301,-9.529985710013536,-0.04651390891136109,0.041951964270423886,0.01993544939191708,0.9809361166373134,1.1032400084227787,781.399887371475,163.21146604450655
skin_break_force_g_mean,SRF,plumspectra_fixed_gate_sensitivity,Qingcuili,329,216.22872989390714,176.48903433306432,0.18118651241082118,0.01738523980250095,0.13761602849383361,0.04723982011677812,1.0103442759864154,1.4530174788202377,992.4529533639876,218.46545955212179
skin_break_force_g_mean,SRF,plumspectra_fixed_gate_sensitivity,Weidi,681,104.45584781876948,83.3420698588707,8.658407417243634,0.17458491689877453,0.4246645093067781,0.3086202455910178,1.1014959363550645,1.430634372177027,431.5862638159057,115.05769190089761
skin_break_force_g_mean,SRF,plumspectra_fixed_gate_sensitivity,Weijin,320,123.88371577279113,101.47291072111132,-5.642975869165099,-0.08752791707881147,0.07802253267103884,0.05174146520729034,0.9604161193691713,1.302692615183749,775.9213075633731,118.97991755553745
skin_break_force_g_mean,SRF,plumspectra_fixed_gate_sensitivity,Weiwang,478,205.32315109235006,165.99204323182192,-7.773826580387746,0.11672079796778512,0.40188058739451044,0.14956215323916344,1.065137699847134,1.4665202097726218,1043.7533587763025,218.6974288798713
skin_break_force_g_mean,SRF,plumspectra_fixed_gate_sensitivity,Weixin,191,166.55162974616047,134.1886142259718,-0.10401766908869174,-0.011278927322398324,0.06560331172434225,0.02411160034233838,0.9970212260742456,1.4021231231997542,941.9761625856139,166.0555100941807
skin_break_force_g_mean,SRF,plumspectra_fixed_gate_sensitivity,Zaoshu Konglongdan,264,192.29936151957352,151.89686387374445,0.7133149809864573,-0.0012173939763049368,0.0852639710461531,0.029315218103279812,1.0012900400944995,1.25688070221646,990.1351251201395,192.54743540608044
soluble_solids_pct,SSC,global_pls,3.13,300,1.5992901051516872,1.2877953598776992,0.9729541935250222,-0.4450957060830558,0.5470504694245736,0.4320544074619822,0.8332526967761374,1.0629716237997744,10.986,1.3326127930450358
soluble_solids_pct,SSC,global_pls,A181,310,1.2904057509591114,0.9544847074206158,0.08161148235960507,0.20614844647097963,0.5748326737108932,0.5720034423583266,1.1241699128281053,1.4530313419685097,13.67741935483871,1.45063532056859
soluble_solids_pct,SSC,global_pls,Cuihongli,295,1.495506136010822,1.1875408122728308,0.16306041387696052,-0.7012333391313652,0.12743023255376093,0.12601386381926524,0.767989708502037,1.0698719058872665,13.379322033898303,1.1485333214579587
soluble_solids_pct,SSC,global_pls,Fengtangli,183,2.266933175682956,1.8293545690643627,-0.8625414130431396,0.5031297920984842,0.7810777680073615,0.6512453749622326,1.42255272581368,2.0732856400074686,15.304371584699453,3.224831968305251
soluble_solids_pct,SSC,global_pls,Fengwei Huanghou,86,2.3360218243621813,2.0942938698655014,-2.0350424595608647,-4.398025484295135,0.37439717620200846,0.12595937158586268,0.43293460160455455,0.674223153043543,17.497674418604653,1.0113446778697857
soluble_solids_pct,SSC,global_pls,Furongli,276,1.4836350269793541,1.1819303211197323,-0.4750818668746132,-1.6682157263510735,0.21170492647730682,0.18299430075324502,0.6133067215022209,0.876226279617279,12.841304347826087,0.9099233343025667
soluble_solids_pct,SSC,global_pls,Konglongdan,773,1.2944634926614893,1.0078194135165077,0.13488923789472673,0.4089912972117288,0.6682759320276039,0.6564332905554728,1.3016198371024341,1.6995458060209008,12.761694695989652,1.6848993604530957
soluble_solids_pct,SSC,global_pls,L31,216,1.363712114212964,1.103240494122474,-0.7512399211209024,-0.513588602168966,0.41576542833558194,0.32896354082490464,0.8147112648858764,0.9532803782052379,13.484398148148149,1.1110316215106366
soluble_solids_pct,SSC,global_pls,Naili,144,1.7279905633309207,1.3798745577631886,1.0199803784613581,0.08672804206088158,0.6676774982713141,0.5598265743341959,1.0500577047766164,1.3454934588984497,13.23125,1.8144898048069191
soluble_solids_pct,SSC,global_pls,Qingcuili,329,1.599852333990167,1.2268390975506334,0.08064168857904047,0.5696302581958872,0.7568778510745127,0.7142423186880221,1.5266523913091943,2.1877019057569544,11.982705167173254,2.442418391427684
soluble_solids_pct,SSC,global_pls,Weidi,681,2.135407311652093,1.7107240397801975,-0.9327912346106118,0.38456889091464963,0.7117071742554717,0.5984721595335757,1.2756436658388717,2.0136673582302356,16.66302496328928,2.7240188110950054
soluble_solids_pct,SSC,global_pls,Weijin,317,2.8388517646929556,2.21449985697793,-0.8552286169192289,0.1392101491100214,0.4701013349806169,0.3669177878504654,1.0795369725970505,1.3385693635930298,14.753627760252364,3.064645439708428
soluble_solids_pct,SSC,global_pls,Weiwang,478,1.5875400352379132,1.2379591551216722,0.45937902128474944,0.33942714601579305,0.6337881132320762,0.5791492816903709,1.2316700968498724,1.6849968760624774,12.296234309623431,1.9553255889545305
soluble_solids_pct,SSC,global_pls,Weixin,191,2.1846047341053736,1.7684700499741133,1.540677511729736,-1.7698708313171423,0.27704671101596373,0.1613658801511909,0.6024349019768703,0.6637356302323472,13.345549738219896,1.3160821388489776
soluble_solids_pct,SSC,global_pls,Zaoshu Konglongdan,264,2.0626544940679317,1.7411707665356781,1.4723037365143916,-1.4205133076757455,0.32989097717752314,0.19240527199997012,0.6439769930080054,0.9696243388080155,13.729924242424241,1.3283020387043152
soluble_solids_pct,SSC,cultivar_aware_pls,3.13,300,1.2572330853053981,0.9843915276562086,0.022048009521299098,0.10695424012006616,0.5384938112059079,0.5380950143607851,1.0599568279109732,1.3521756783763363,10.986,1.3326127930450358
soluble_solids_pct,SSC,cultivar_aware_pls,A181,310,1.317708332889341,0.9816688229436064,-0.0011172612024163602,0.1722002253285715,0.5501009399255771,0.5477321207982652,1.1008773977984792,1.422924901665215,13.67741935483871,1.45063532056859
soluble_solids_pct,SSC,cultivar_aware_pls,Cuihongli,295,1.5324780986715003,1.2103809964062244,0.016325029549770654,-0.7863890153266568,0.06268960822120799,0.06260579761791657,0.7494614914585846,1.0440605979211277,13.379322033898303,1.1485333214579587
soluble_solids_pct,SSC,cultivar_aware_pls,Fengtangli,183,2.170006726008848,1.7702510295017302,-0.048577401409699926,0.5447104515150233,0.7646434697771799,0.6550270029551861,1.486093075036903,2.1658919042358935,15.304371584699453,3.224831968305251
soluble_solids_pct,SSC,cultivar_aware_pls,Fengwei Huanghou,86,1.1357058679144647,0.9000885030002265,-0.06435766163026267,-0.27588895583670925,0.3210583922255291,0.3195957636653447,0.8904987694806511,1.3868027316722642,17.497674418604653,1.0113446778697857
soluble_solids_pct,SSC,cultivar_aware_pls,Furongli,276,1.3780194220010809,1.0899891700302329,-0.003861556531159294,-1.3018523394812909,0.20807547123582013,0.19826642743752154,0.6603124163382459,0.9433829300549446,12.841304347826087,0.9099233343025667
soluble_solids_pct,SSC,cultivar_aware_pls,Konglongdan,773,1.3069090224596056,1.0106602095092267,0.007738863970038472,0.39757224130965607,0.654736704485579,0.6436745357292806,1.2892246755494208,1.6833612456508995,12.761694695989652,1.6848993604530957
soluble_solids_pct,SSC,cultivar_aware_pls,L31,216,1.1110032031249548,0.8448496160955096,-0.008964680379053744,-0.004599768755589206,0.4136116697447486,0.406756802010457,1.000025579031277,1.1701136381456387,13.484398148148149,1.1110316215106366
soluble_solids_pct,SSC,cultivar_aware_pls,Naili,144,1.4094114206320032,1.134968848523134,0.04321253603731027,0.3924346991273471,0.6515674127683602,0.6400796176681536,1.2874096081847217,1.6496247766726857,13.23125,1.8144898048069191
soluble_solids_pct,SSC,cultivar_aware_pls,Qingcuili,329,1.622525296842066,1.2361997452578346,-0.0022750180109565223,0.5573454991758393,0.7484510078160393,0.7015835344493615,1.505319144287847,2.1571312366051107,11.982705167173254,2.442418391427684
soluble_solids_pct,SSC,cultivar_aware_pls,Weidi,681,1.9166292620741352,1.5237445790657804,-0.021036013966653395,0.5042140406196072,0.7162924556776097,0.6426867805589014,1.4212549422036531,2.243522044188468,16.66302496328928,2.7240188110950054
soluble_solids_pct,SSC,cultivar_aware_pls,Weijin,317,2.703261666513523,2.074088958801953,-0.007502048264158979,0.21947309431473583,0.46936749798544897,0.3746430273599653,1.1336843479384637,1.4057092759728924,14.753627760252364,3.064645439708428
soluble_solids_pct,SSC,cultivar_aware_pls,Weiwang,478,1.5708301668856683,1.2170298139235747,-0.004506184999577081,0.3532598604663618,0.6019432379189388,0.5647978896918626,1.2447721148818804,1.702921204590475,12.296234309623431,1.9553255889545305
soluble_solids_pct,SSC,cultivar_aware_pls,Weixin,191,1.5638889242291343,1.2005290349036317,0.03841484962454572,-0.41946792610899,0.25647333689424084,0.25605435191336173,0.8415445102648166,0.9271758227424799,13.345549738219896,1.3160821388489776
soluble_solids_pct,SSC,cultivar_aware_pls,Zaoshu Konglongdan,264,1.3773084112230993,1.0964316231356697,0.04710007746425978,-0.0792371823429272,0.35127103661738995,0.3424408317842144,0.9644187372127753,1.4521075916641852,13.729924242424241,1.3283020387043152
soluble_solids_pct,SSC,nested_rbf_svr,3.13,300,1.1413078333772984,0.9018536199654114,0.020509514763534575,0.2640510226002073,0.5513243826579174,0.5292890947360166,1.1676190717990937,1.4895192605218963,10.986,1.3326127930450358
soluble_solids_pct,SSC,nested_rbf_svr,A181,310,1.2452144657036208,0.9256079980046413,-0.009391956184888774,0.2607777442444503,0.5635160510101775,0.550012403760927,1.1649682528775427,1.5057647109331584,13.67741935483871,1.45063532056859
soluble_solids_pct,SSC,nested_rbf_svr,Cuihongli,295,1.4351558426940165,1.1450329055555173,0.01055126070866046,-0.5666991697659858,0.030816785168776485,0.029926442428430174,0.800284740716366,1.11486150312188,13.379322033898303,1.1485333214579587
soluble_solids_pct,SSC,nested_rbf_svr,Fengtangli,183,2.103736590891797,1.7133587007163142,-0.040388255596044614,0.5720941315528784,0.7766080770272431,0.6856536095631562,1.5329067252370268,2.234120003592094,15.304371584699453,3.224831968305251
soluble_solids_pct,SSC,nested_rbf_svr,Fengwei Huanghou,86,1.1117344156818714,0.880776457209393,-0.041172377466527986,-0.222596756345113,0.3591319042469544,0.3583568568156687,0.9096998919921782,1.4167052650196033,17.497674418604653,1.0113446778697857
soluble_solids_pct,SSC,nested_rbf_svr,Furongli,276,1.096525113598849,0.8536540166081636,-0.020151279637492057,-0.4574845140746522,0.23599445842681374,0.2356485682166699,0.8298244363197063,1.185563361821543,12.841304347826087,0.9099233343025667
soluble_solids_pct,SSC,nested_rbf_svr,Konglongdan,773,1.3286798308611303,1.0348301049961934,0.010891313689048793,0.3773342930834124,0.6196925297141425,0.5825844691710478,1.268100351430108,1.6557788783277907,12.761694695989652,1.6848993604530957
soluble_solids_pct,SSC,nested_rbf_svr,L31,216,1.1155643787311187,0.8814893612454884,-0.017801721133302806,-0.012865382874181375,0.3941816965129075,0.3849283836308973,0.9959368035526217,1.1653294285701947,13.484398148148149,1.1110316215106366
soluble_solids_pct,SSC,nested_rbf_svr,Naili,144,1.336363909566856,1.0615122957985517,0.05029364164175192,0.45378091966379175,0.680858905084923,0.6591760993102043,1.357781209008431,1.7397955626873993,13.23125,1.8144898048069191
soluble_solids_pct,SSC,nested_rbf_svr,Qingcuili,329,1.6725438275126006,1.3080111272111132,-0.0032319323151534397,0.5296328916798447,0.7409027159290684,0.6547435246043553,1.4603015785003597,2.0926207985862972,11.982705167173254,2.442418391427684
soluble_solids_pct,SSC,nested_rbf_svr,Weidi,681,1.9996569413292897,1.5777239639869742,-0.06649439400428869,0.46032912010037796,0.6793609024499587,0.6224237276011231,1.3622430701959256,2.150368851339838,16.66302496328928,2.7240188110950054
soluble_solids_pct,SSC,nested_rbf_svr,Weijin,317,2.717301693583001,2.0589824671032337,-0.0034440661202227323,0.21134433851847467,0.4688394139220715,0.309411964198228,1.1278267138852085,1.3984461162239827,14.753627760252364,3.064645439708428
soluble_solids_pct,SSC,nested_rbf_svr,Weiwang,478,1.5147634111882475,1.1564102403596852,0.021930486555952765,0.3986034083477018,0.6314581020103791,0.5688628424636168,1.29084553700745,1.7659523462489832,12.296234309623431,1.9553255889545305
soluble_solids_pct,SSC,nested_rbf_svr,Weixin,191,1.4621712077020406,1.0846902003701826,0.039767750464501435,-0.2408241328307119,0.27332637548062716,0.2687521918443368,0.9000875765549661,0.991675935322807,13.345549738219896,1.3160821388489776
soluble_solids_pct,SSC,nested_rbf_svr,Zaoshu Konglongdan,264,1.559120814071726,1.2828433575205018,0.08445879650555335,-0.3829740740617473,0.3209161655903737,0.32024001601379964,0.8519558117086414,1.2827742288789634,13.729924242424241,1.3283020387043152
soluble_solids_pct,SSC,residual_cnn,3.13,300,1.1955973968009732,0.9463365246454873,0.10647448762257898,0.19237076459358815,0.5475756447936391,0.5399331623402189,1.1145999452747812,1.421883323390168,10.986,1.3326127930450358
soluble_solids_pct,SSC,residual_cnn,A181,310,1.266574103358821,0.9298208667385963,-0.05431765894736013,0.23519991522434214,0.5741389337557039,0.5689575512381759,1.145322106872119,1.4803713379483268,13.67741935483871,1.45063532056859
soluble_solids_pct,SSC,residual_cnn,Cuihongli,295,1.4552574659837205,1.146254110174664,0.044422177460234025,-0.6108947219751848,0.0679288485957751,0.06700237287134264,0.7892303240523674,1.0994618048005935,13.379322033898303,1.1485333214579587
soluble_solids_pct,SSC,residual_cnn,Fengtangli,183,2.1258288204780538,1.7401498325535512,-0.11537542082572884,0.5630597003599749,0.7913740103024772,0.6627557880285404,1.516976314010107,2.2109023806268047,15.304371584699453,3.224831968305251
soluble_solids_pct,SSC,residual_cnn,Fengwei Huanghou,86,1.130167926901607,0.9243266571399779,-0.22303167387496606,-0.26347628664754597,0.34852373074021703,0.33859946881657427,0.8948623065621946,1.393598210062388,17.497674418604653,1.0113446778697857
soluble_solids_pct,SSC,residual_cnn,Furongli,276,1.2761241049902587,0.9993289836938832,0.05091377203015313,-0.9740248161640059,0.20430070453646695,0.20037047577672734,0.7130367107276863,1.018709696742171,12.841304347826087,0.9099233343025667
soluble_solids_pct,SSC,residual_cnn,Konglongdan,773,1.2435856699017083,0.9568179989971441,0.019979454672197767,0.4545365179203711,0.6863542589715115,0.6720883165033387,1.3548719651829604,1.7690779600040638,12.761694695989652,1.6848993604530957
soluble_solids_pct,SSC,residual_cnn,L31,216,1.0940928930303093,0.8385844974164611,0.0414687091332895,0.02574903264926387,0.4172499953928932,0.40679188916654113,1.0154819838317495,1.1881989255952377,13.484398148148149,1.1110316215106366
soluble_solids_pct,SSC,residual_cnn,Naili,144,1.4063300634530451,1.10807583199607,0.24092042578591247,0.3950884014967929,0.6606672165898948,0.640154919565995,1.2902304032039928,1.6532392077940021,13.23125,1.8144898048069191
soluble_solids_pct,SSC,residual_cnn,Qingcuili,329,1.5970227168221551,1.2136743483499914,0.043354283538632854,0.5711512794237077,0.7621399184131126,0.7027782857936825,1.5293573257916733,2.1915780928680184,11.982705167173254,2.442418391427684
soluble_solids_pct,SSC,residual_cnn,Weidi,681,1.8629513009843495,1.468398416662006,-0.22891690135177176,0.5315955643808943,0.7414306420539172,0.6682587228064596,1.4622061294118014,2.308165542345609,16.66302496328928,2.7240188110950054
soluble_solids_pct,SSC,residual_cnn,Weijin,317,2.6920566808657167,2.0533589299920982,-0.11917058421234229,0.2259302325810385,0.4769320102876073,0.3721730647421301,1.1384030141307773,1.411560175166144,14.753627760252364,3.064645439708428
soluble_solids_pct,SSC,residual_cnn,Weiwang,478,1.5560081949682,1.2082037536668977,0.18769444361890214,0.365407244661453,0.6157105748800153,0.5697726295970922,1.2566293643424489,1.7191426167615187,12.296234309623431,1.9553255889545305
soluble_solids_pct,SSC,residual_cnn,Weixin,191,1.4768804657037957,1.121320103350734,0.03231734630325077,-0.265914774223478,0.28154734916986984,0.27867827490972635,0.8911229916104342,0.9817991595609691,13.345549738219896,1.3160821388489776
soluble_solids_pct,SSC,residual_cnn,Zaoshu Konglongdan,264,1.3681676485727359,1.090791554884477,0.0786048022183505,-0.06495960264138656,0.35642344838507267,0.3460543813683539,0.9708620431786936,1.4618091591965268,13.729924242424241,1.3283020387043152
soluble_solids_pct,SSC,no_neural_b50,3.13,300,1.1519259132246558,0.8961690886023745,0.021278762142416856,0.2502936208145653,0.5648783931967709,0.5547135266732969,1.1568563375005363,1.4757893545784455,10.986,1.3326127930450358
soluble_solids_pct,SSC,no_neural_b50,A181,310,1.2463181985371994,0.9158561189572344,-0.005254608693652547,0.25946670024714635,0.5721874951242937,0.5627378665109615,1.1639365631274559,1.5044312136344338,13.67741935483871,1.45063532056859
soluble_solids_pct,SSC,no_neural_b50,Cuihongli,295,1.4551942786524885,1.1467754555208876,0.013438145129215612,-0.6107548347992939,0.05029219661488164,0.04946367912275903,0.7892645939492711,1.0995095455443937,13.379322033898303,1.1485333214579587
soluble_solids_pct,SSC,no_neural_b50,Fengtangli,183,2.101160182255543,1.7109685562062258,-0.04448282850287224,0.5731415871116909,0.7876932495621236,0.6780322946966569,1.534786350673881,2.2368594454110915,15.304371584699453,3.224831968305251
soluble_solids_pct,SSC,no_neural_b50,Fengwei Huanghou,86,1.0924582376652048,0.8732536532336516,-0.05276501954839551,-0.1805675085211329,0.354209952622037,0.35191648002850023,0.9257513404184909,1.4417027083489067,17.497674418604653,1.0113446778697857
soluble_solids_pct,SSC,no_neural_b50,Furongli,276,1.1989777344488277,0.9419269513435893,-0.012006418084325723,-0.7425651324183946,0.22760885459314512,0.2261650041807081,0.7589159566177099,1.0842569988154227,12.841304347826087,0.9099233343025667
soluble_solids_pct,SSC,no_neural_b50,Konglongdan,773,1.2830547606500795,0.9968581335992943,0.00931508882954363,0.4193630794756309,0.6543222501295612,0.6276254822615257,1.3131936470111498,1.7146579144333147,12.761694695989652,1.6848993604530957
soluble_solids_pct,SSC,no_neural_b50,L31,216,1.0818931839506933,0.8319581911527079,-0.013383200756178295,0.04735471756681242,0.42205360945895987,0.40975619687401565,1.0269328229368633,1.2015973658812196,13.484398148148149,1.1110316215106366
soluble_solids_pct,SSC,no_neural_b50,Naili,144,1.3460832636816438,1.0722993078169543,0.046753088839531144,0.4458067407897498,0.6773891453247929,0.6584640788777639,1.347977390227813,1.7272334206436406,13.23125,1.8144898048069191
soluble_solids_pct,SSC,no_neural_b50,Qingcuili,329,1.6129456885187465,1.2398244215476357,-0.0027534751630549376,0.5625570525910518,0.7603719249144432,0.6883842482924393,1.5142595369535885,2.1699428721708762,11.982705167173254,2.442418391427684
soluble_solids_pct,SSC,no_neural_b50,Weidi,681,1.9190997256838895,1.5140772848639747,-0.04376520398547102,0.5029351177005803,0.7154224770820214,0.6418214719371603,1.4194253558784056,2.240633950623724,16.66302496328928,2.7240188110950054
soluble_solids_pct,SSC,no_neural_b50,Weijin,317,2.686246798990621,2.0498470910309647,-0.0054730571921909115,0.22926775593480486,0.4821392869226829,0.3475056296119275,1.140865180690022,1.4146131328766516,14.753627760252364,3.064645439708428
soluble_solids_pct,SSC,no_neural_b50,Weiwang,478,1.5217989478124199,1.1655564189862315,0.008712150778187813,0.39300388857825963,0.6273503556241229,0.5735637678616937,1.2848777374733393,1.757788046735938,12.296234309623431,1.9553255889545305
soluble_solids_pct,SSC,no_neural_b50,Weixin,191,1.4822214850902953,1.1064908762452308,0.039091300044523596,-0.2750874883493031,0.2733195200559964,0.27028774262423694,0.8879119295513406,0.9782613560696477,13.345549738219896,1.3160821388489776
soluble_solids_pct,SSC,no_neural_b50,Zaoshu Konglongdan,264,1.4053386454976233,1.134272881334433,0.06577943698490661,-0.12361228314959072,0.35559721474298034,0.35066223394760615,0.9451828873843927,1.4231445256326885,13.729924242424241,1.3283020387043152
soluble_solids_pct,SSC,cultivar_mean_null,3.13,300,1.3394386261913358,1.058927777777778,6.868579779014302e-16,-0.013649353310437151,-0.15577392912914886,-0.012114385883381974,0.9949039597538641,1.2691884247312724,10.986,1.3326127930450358
soluble_solids_pct,SSC,cultivar_mean_null,A181,310,1.4588841187730865,1.1173387096774194,-6.876220023484841e-17,-0.014678159493984877,-0.16153793909507522,-0.0130260086798785,0.9943458167113137,1.285228878615023,13.67741935483871,1.45063532056859
soluble_solids_pct,SSC,cultivar_mean_null,Cuihongli,295,1.1496418199932996,0.912550991094513,2.4086194432545768e-17,-0.005339146182383736,-0.09742594847035768,-0.004743093931912231,0.9990357879157985,1.3917378197057277,13.379322033898303,1.1485333214579587
soluble_solids_pct,SSC,cultivar_mean_null,Fengtangli,183,3.2242184657415254,2.6814202048811144,0.0003767237863017064,-0.005111964769913158,-0.09587100308860969,-0.004546516969169164,1.0001902794646964,1.4577175988349371,15.304371584699453,3.224831968305251
soluble_solids_pct,SSC,cultivar_mean_null,Fengwei Huanghou,86,1.0099633904727283,0.8258202977854433,0.00016158131604432488,-0.009002871081728037,-0.12741494256316344,-0.008005954966915035,1.0013676608578959,1.5594624665185113,17.497674418604653,1.0113446778697857
soluble_solids_pct,SSC,cultivar_mean_null,Furongli,276,0.9088041372811018,0.7200198224622777,-0.0001638654196210478,-0.0011689557070269085,-0.045914068159005304,-0.0010403926384485046,1.0012315052006842,1.4304512343982632,12.841304347826087,0.9099233343025667
soluble_solids_pct,SSC,cultivar_mean_null,Konglongdan,773,1.687137791455393,1.3342819949082905,0.00010039455145120308,-0.003957595921651125,-0.08386577226387618,-0.0035162006558431412,0.9986732375899384,1.303983593481237,12.761694695989652,1.6848993604530957
soluble_solids_pct,SSC,cultivar_mean_null,L31,216,1.1153568518636174,0.8158428987866747,0.0004181851901646237,-0.012488574089658977,-0.14802682031245934,-0.011070662265181528,0.9961221107435222,1.1655462534953425,13.484398148148149,1.1110316215106366
soluble_solids_pct,SSC,cultivar_mean_null,Naili,144,1.8157678990789532,1.3679128144261203,-0.0004404047976021625,-0.008412122462271965,-0.12219931640749603,-0.0074692927729232165,0.9992961136317685,1.2804499964887337,13.23125,1.8144898048069191
soluble_solids_pct,SSC,cultivar_mean_null,Qingcuili,329,2.445152243237881,2.011405539994348,-0.00015808036447604576,-0.00529550564216974,-0.09692376129554203,-0.0047033380760409275,0.9988819298193977,1.4314037130732133,11.982705167173254,2.442418391427684
soluble_solids_pct,SSC,cultivar_mean_null,Weidi,681,2.7256276878701238,2.2609478341269824,3.721809218492292e-05,-0.0026539270469629894,-0.06874529225931351,-0.002358742097056532,0.9994097224715326,1.5776182562043646,16.66302496328928,2.7240188110950054
soluble_solids_pct,SSC,cultivar_mean_null,Weijin,317,3.0658157084215083,2.362127619906167,-0.00035073878963542374,-0.003930842175300375,-0.08430844726129288,-0.003498469584550047,0.9996182847162451,1.239474372044528,14.753627760252364,3.064645439708428
soluble_solids_pct,SSC,cultivar_mean_null,Weiwang,478,1.9585341518275237,1.5580849663000693,0.00013407161136089557,-0.005387885297746253,-0.09777860461729032,-0.004785466779909491,0.9983617529109721,1.365817388225748,12.296234309623431,1.9553255889545305
soluble_solids_pct,SSC,cultivar_mean_null,Weixin,191,1.317169691473975,0.9710441667252003,0.0003042844767186581,-0.006925255224127902,-0.11070606030354799,-0.006148194229832848,0.9991743261084451,1.100845251288299,13.345549738219896,1.3160821388489776
soluble_solids_pct,SSC,cultivar_mean_null,Zaoshu Konglongdan,264,1.3298971112919107,1.104838699297364,9.040372426650015e-05,-0.006214532208283163,-0.10491681049973406,-0.005518171317891238,0.9988006045174082,1.5038757382194228,13.729924242424241,1.3283020387043152
soluble_solids_pct,SSC,plumspectra_corrected,3.13,300,1.1328008081498893,0.8845117894407307,0.06349200119305676,0.2749812963556665,0.5680834095888441,0.5504322981590272,1.1763875726938111,1.5007051440724797,10.986,1.3326127930450358
soluble_solids_pct,SSC,plumspectra_corrected,A181,310,1.2251866767239026,0.8946899888495937,-0.03185480756612449,0.2843655316871081,0.583560676224397,0.5720288087251002,1.1840116678770354,1.5303790317192076,13.67741935483871,1.45063532056859
soluble_solids_pct,SSC,plumspectra_corrected,Cuihongli,295,1.4233378710396725,1.124389212969349,0.027486719084447216,-0.5410030426549428,0.05197343371213677,0.05052862143305701,0.8069295034066762,1.1241181960761606,13.379322033898303,1.1485333214579587
soluble_solids_pct,SSC,plumspectra_corrected,Fengtangli,183,2.0848500262418206,1.7039496762926016,-0.07788183821088672,0.5797428027424014,0.7973662475887371,0.6807216106180277,1.5467932598098568,2.2543587983986964,15.304371584699453,3.224831968305251
soluble_solids_pct,SSC,plumspectra_corrected,Fengwei Huanghou,86,1.084405680739156,0.8753674348725135,-0.13210202567074697,-0.1632276230983214,0.36916664150559964,0.3636787840120732,0.9326257652767271,1.4524084740375418,17.497674418604653,1.0113446778697857
soluble_solids_pct,SSC,plumspectra_corrected,Furongli,276,1.1584826998365152,0.9036787695955076,0.015381246196330535,-0.6268439211794381,0.22516302835185134,0.22488386911293173,0.7854440419619342,1.122157456631382,12.841304347826087,0.9099233343025667
soluble_solids_pct,SSC,plumspectra_corrected,Konglongdan,773,1.2517302393514578,0.9678532082708445,0.01543538418062328,0.44736835398335684,0.6722383526047551,0.6425753221901692,1.3460562887144678,1.7575671904673786,12.761694695989652,1.6848993604530957
soluble_solids_pct,SSC,plumspectra_corrected,L31,216,1.0750685551075465,0.8300035350327727,0.011833493999993363,0.059335465487218464,0.4232047855877569,0.4090002318282931,1.0334518819588137,1.2092252106378008,13.484398148148149,1.1110316215106366
soluble_solids_pct,SSC,plumspectra_corrected,Naili,144,1.344493514645976,1.061061575482849,0.14560703371383218,0.44711499261625176,0.6811204053944916,0.6585354660563598,1.349571258649544,1.729275727010261,13.23125,1.8144898048069191
soluble_solids_pct,SSC,plumspectra_corrected,Qingcuili,329,1.6108241049306333,1.2406232263751222,0.02006117561173972,0.5637070744625325,0.7637685505401636,0.6859618368278066,1.516253937317918,2.1728008596883517,11.982705167173254,2.442418391427684
soluble_solids_pct,SSC,plumspectra_corrected,Weidi,681,1.8951811380992167,1.489869759345497,-0.14770564767803024,0.5152481833268707,0.7260838085862514,0.6540808242106512,1.4373395536360585,2.2689124081894936,16.66302496328928,2.7240188110950054
soluble_solids_pct,SSC,plumspectra_corrected,Weijin,317,2.682931706759366,2.042584445900619,-0.061307325166282525,0.23116890059904582,0.4860344334355709,0.3456416019085506,1.1422748599926618,1.4163610614561288,14.753627760252364,3.064645439708428
soluble_solids_pct,SSC,plumspectra_corrected,Weiwang,478,1.5133451953347705,1.158936362591974,0.10481246508742748,0.3997290110661118,0.6345799343934025,0.5764503579564405,1.2920552395991771,1.7676072902906044,12.296234309623431,1.9553255889545305
soluble_solids_pct,SSC,plumspectra_corrected,Weixin,191,1.444848419445806,1.076387081338969,0.0360425483838761,-0.2115974493132935,0.2858158108025975,0.2805898402956273,0.9108790383380018,1.0035654816691215,13.345549738219896,1.3160821388489776
soluble_solids_pct,SSC,plumspectra_corrected,Zaoshu Konglongdan,264,1.4044683192746679,1.1279512335282729,0.08153179936195194,-0.12222100791781965,0.3565197680353958,0.351228432548552,0.9457686018794013,1.4240264251976094,13.729924242424241,1.3283020387043152
soluble_solids_pct,SSC,plumspectra_fixed_gate_sensitivity,3.13,300,1.1328008081498893,0.8845117894407307,0.06349200119305676,0.2749812963556665,0.5680834095888441,0.5504322981590272,1.1763875726938111,1.5007051440724797,10.986,1.3326127930450358
soluble_solids_pct,SSC,plumspectra_fixed_gate_sensitivity,A181,310,1.2251866767239026,0.8946899888495937,-0.03185480756612449,0.2843655316871081,0.583560676224397,0.5720288087251002,1.1840116678770354,1.5303790317192076,13.67741935483871,1.45063532056859
soluble_solids_pct,SSC,plumspectra_fixed_gate_sensitivity,Cuihongli,295,1.4233378710396725,1.124389212969349,0.027486719084447216,-0.5410030426549428,0.05197343371213677,0.05052862143305701,0.8069295034066762,1.1241181960761606,13.379322033898303,1.1485333214579587
soluble_solids_pct,SSC,plumspectra_fixed_gate_sensitivity,Fengtangli,183,2.0848500262418206,1.7039496762926016,-0.07788183821088672,0.5797428027424014,0.7973662475887371,0.6807216106180277,1.5467932598098568,2.2543587983986964,15.304371584699453,3.224831968305251
soluble_solids_pct,SSC,plumspectra_fixed_gate_sensitivity,Fengwei Huanghou,86,1.084405680739156,0.8753674348725135,-0.13210202567074697,-0.1632276230983214,0.36916664150559964,0.3636787840120732,0.9326257652767271,1.4524084740375418,17.497674418604653,1.0113446778697857
soluble_solids_pct,SSC,plumspectra_fixed_gate_sensitivity,Furongli,276,1.1584826998365152,0.9036787695955076,0.015381246196330535,-0.6268439211794381,0.22516302835185134,0.22488386911293173,0.7854440419619342,1.122157456631382,12.841304347826087,0.9099233343025667
soluble_solids_pct,SSC,plumspectra_fixed_gate_sensitivity,Konglongdan,773,1.2517302393514578,0.9678532082708445,0.01543538418062328,0.44736835398335684,0.6722383526047551,0.6425753221901692,1.3460562887144678,1.7575671904673786,12.761694695989652,1.6848993604530957
soluble_solids_pct,SSC,plumspectra_fixed_gate_sensitivity,L31,216,1.0750685551075465,0.8300035350327727,0.011833493999993363,0.059335465487218464,0.4232047855877569,0.4090002318282931,1.0334518819588137,1.2092252106378008,13.484398148148149,1.1110316215106366
soluble_solids_pct,SSC,plumspectra_fixed_gate_sensitivity,Naili,144,1.344493514645976,1.061061575482849,0.14560703371383218,0.44711499261625176,0.6811204053944916,0.6585354660563598,1.349571258649544,1.729275727010261,13.23125,1.8144898048069191
soluble_solids_pct,SSC,plumspectra_fixed_gate_sensitivity,Qingcuili,329,1.6108241049306333,1.2406232263751222,0.02006117561173972,0.5637070744625325,0.7637685505401636,0.6859618368278066,1.516253937317918,2.1728008596883517,11.982705167173254,2.442418391427684
soluble_solids_pct,SSC,plumspectra_fixed_gate_sensitivity,Weidi,681,1.8951811380992167,1.489869759345497,-0.14770564767803024,0.5152481833268707,0.7260838085862514,0.6540808242106512,1.4373395536360585,2.2689124081894936,16.66302496328928,2.7240188110950054
soluble_solids_pct,SSC,plumspectra_fixed_gate_sensitivity,Weijin,317,2.682931706759366,2.042584445900619,-0.061307325166282525,0.23116890059904582,0.4860344334355709,0.3456416019085506,1.1422748599926618,1.4163610614561288,14.753627760252364,3.064645439708428
soluble_solids_pct,SSC,plumspectra_fixed_gate_sensitivity,Weiwang,478,1.5133451953347705,1.158936362591974,0.10481246508742748,0.3997290110661118,0.6345799343934025,0.5764503579564405,1.2920552395991771,1.7676072902906044,12.296234309623431,1.9553255889545305
soluble_solids_pct,SSC,plumspectra_fixed_gate_sensitivity,Weixin,191,1.444848419445806,1.076387081338969,0.0360425483838761,-0.2115974493132935,0.2858158108025975,0.2805898402956273,0.9108790383380018,1.0035654816691215,13.345549738219896,1.3160821388489776
soluble_solids_pct,SSC,plumspectra_fixed_gate_sensitivity,Zaoshu Konglongdan,264,1.4044683192746679,1.1279512335282729,0.08153179936195194,-0.12222100791781965,0.3565197680353958,0.351228432548552,0.9457686018794013,1.4240264251976094,13.729924242424241,1.3283020387043152
