model,trait,shots,adapter,aggregation,repeats,n_evaluation_mean,rmse_mean,rmse_sd,rmse_ci025,rmse_ci975,r2_mean,r2_sd,r2_ci025,r2_ci975,ccc_mean,ccc_ci025,ccc_ci975,rmse_gain_pct_mean,rmse_gain_pct_ci025,rmse_gain_pct_ci975
Batch-mean null (no spectra),AF,5,batch_mean_null,batch_macro,500,1231.0,38.102519942823136,2.0003932497678205,35.48687540878194,42.95514410746945,-0.2143667921873764,0.16080281461515647,-0.6096819417663614,-0.03516208812138695,-1.255783461266798e-33,-2.7512855948702856e-31,2.388996503944258e-31,0.0,0.0,0.0
Batch-mean null (no spectra),AF,5,batch_mean_null,pooled,500,1231.0,41.20339436208597,2.9551947407085435,38.113970133027244,48.22004601351352,0.02883067991378223,0.15997169009919188,-0.35117234480726056,0.17778417187465,0.27934946214956946,0.05726563913559678,0.40246599620259216,0.0,0.0,0.0
Batch-mean null (no spectra),AF,10,batch_mean_null,batch_macro,500,1206.0,36.55560665132571,1.0271354847650096,35.21773884898729,39.17391913653796,-0.10282076585681661,0.07125100455898377,-0.2932577208654084,-0.017044531998914966,-3.5233348758990964e-33,-2.691994195075465e-31,2.5682023768577407e-31,0.0,0.0,0.0
Batch-mean null (no spectra),AF,10,batch_mean_null,pooled,500,1206.0,39.450008016783364,1.3201562563740745,37.85975777650768,43.21410341411174,0.11530144357734266,0.06365801055283933,-0.06354951644100028,0.18520323553005857,0.29891591908880427,0.16128320079187752,0.39036981349743677,0.0,0.0,0.0
Batch-mean null (no spectra),AF,20,batch_mean_null,batch_macro,500,1156.0,35.843726713159135,0.5882492646429057,34.93736608977692,37.10443152911501,-0.058202306514072544,0.039110735772446524,-0.15403177695401993,-0.00900453798273142,-8.590364563768958e-33,-3.1079269717775624e-31,3.3107079607474046e-31,0.0,0.0,0.0
Batch-mean null (no spectra),AF,20,batch_mean_null,pooled,500,1156.0,38.72199293455809,0.7486088982551026,37.66113819774492,40.66606845631509,0.15022140084152802,0.03460057633878868,0.05267874957094439,0.1905239801607133,0.31014071246288144,0.20251686863091373,0.3801380641198515,0.0,0.0,0.0
Batch-mean null (no spectra),AF,40,batch_mean_null,batch_macro,500,1056.0,35.396351126243125,0.4662509123154133,34.51819376007427,36.340986067788414,-0.030775227665083293,0.020090766619301214,-0.07979763551819227,-0.004352873981461503,2.4999952230100552e-33,-3.6508466503987238e-31,4.206389352238407e-31,0.0,0.0,0.0
Batch-mean null (no spectra),AF,40,batch_mean_null,pooled,500,1056.0,38.38628949923694,0.5324202777839995,37.413533371900904,39.37497003576777,0.17183214164953176,0.019078555541328673,0.12174874078360155,0.1952290774858368,0.3143755566210102,0.25565222273302524,0.36102943044256636,0.0,0.0,0.0
Batch-mean null (no spectra),AF,80,batch_mean_null,batch_macro,500,856.0,35.16794183577287,0.7123361312984622,33.8285924434645,36.66340266482755,-0.019185171091444082,0.012496310486561493,-0.051504202413200965,-0.0031732307380474955,1.1461808320867997e-32,-5.13406988526154e-31,5.718856774987235e-31,0.0,0.0,0.0
Batch-mean null (no spectra),AF,80,batch_mean_null,pooled,500,856.0,38.55223669873372,0.779684112418675,37.09168960255939,40.187257470613865,0.1791517297423152,0.014750006737102615,0.14515922932609826,0.20347154226461756,0.31371107758380334,0.276209554709981,0.34239256397824264,0.0,0.0,0.0
Batch-mean null (no spectra),F6,5,batch_mean_null,batch_macro,500,1231.0,48.76351860954534,2.32405098854967,45.35591054990748,54.410267376987235,-0.21514594018964714,0.13275713295339706,-0.5650193752866093,-0.03089131498249556,-2.6041192978290635e-34,-2.8821777817930047e-31,3.0538423134890695e-31,0.0,0.0,0.0
Batch-mean null (no spectra),F6,5,batch_mean_null,pooled,500,1231.0,51.79825885151362,2.9301104907901374,48.09929067746932,59.12628347719778,-0.03092034609569869,0.12494155142177822,-0.35508769865514017,0.12120531247677227,0.2081218591839413,0.03463119511917903,0.33098733625087323,0.0,0.0,0.0
Batch-mean null (no spectra),F6,10,batch_mean_null,batch_macro,500,1206.0,46.778960030213625,1.3223643298608796,44.966226760889796,50.01514220478691,-0.10673476561296162,0.06925277668076342,-0.2816174930569655,-0.019794411143875108,2.6832681862059527e-33,-2.3568266004415323e-31,2.3391915767947378e-31,0.0,0.0,0.0
Batch-mean null (no spectra),F6,10,batch_mean_null,pooled,500,1206.0,49.65231708231651,1.642200719506884,47.695393109790814,53.936842900760496,0.05650384713324107,0.0662746781755939,-0.10392295850109495,0.1309391474918628,0.2268946980509917,0.09228891077923443,0.3137928111378714,0.0,0.0,0.0
Batch-mean null (no spectra),F6,20,batch_mean_null,batch_macro,500,1156.0,45.734859061662675,0.7194043863443419,44.65362113607453,47.41791822232035,-0.05564452299096589,0.0330896809014009,-0.1329250180442058,-0.009976480940260475,1.3332768129737446e-33,-2.4245987097112612e-31,2.9753386354268805e-31,0.0,0.0,0.0
Batch-mean null (no spectra),F6,20,batch_mean_null,pooled,500,1156.0,48.58292209586981,0.8802857674779544,47.41148742245731,50.54076230604521,0.09769384261433497,0.03463677269264139,0.01452437500206358,0.1377022133039038,0.23698960250185797,0.14512792999484264,0.30026678364304177,0.0,0.0,0.0
Batch-mean null (no spectra),F6,40,batch_mean_null,batch_macro,500,1056.0,45.17367049578275,0.5685410627620539,44.1748058291485,46.33468388520432,-0.030296200436883247,0.019850750085882968,-0.08040828121863945,-0.0039264937021111605,3.86858146927551e-33,-2.865557755285208e-31,3.1141917927366444e-31,0.0,0.0,0.0
Batch-mean null (no spectra),F6,40,batch_mean_null,pooled,500,1056.0,48.1378393686066,0.6157743364277597,47.118994748614625,49.48632171332027,0.11766031700086615,0.020253016058864887,0.06199269258871635,0.1415910841579355,0.24138260351786264,0.18072788863883715,0.2843400828507599,0.0,0.0,0.0
Batch-mean null (no spectra),F6,80,batch_mean_null,batch_macro,500,856.0,44.94312854596231,0.72231954101091,43.536560691722734,46.35116352404191,-0.019687137360005432,0.012968105301008982,-0.0504639846330321,-0.0035293555816498278,-2.407092606109035e-33,-4.730534028189464e-31,4.678288820734568e-31,0.0,0.0,0.0
Batch-mean null (no spectra),F6,80,batch_mean_null,pooled,500,856.0,48.320576657612854,0.7739087542466314,46.80703991857889,49.885651669144536,0.12406591214269544,0.014430219804795768,0.0924020236121772,0.1449908123441174,0.23462899497856615,0.2027993863029401,0.258962549205385,0.0,0.0,0.0
Batch-mean null (no spectra),LS,5,batch_mean_null,batch_macro,500,1231.0,87.80136905921043,4.554211075945265,81.89173606733824,98.93104757834261,-0.21200875290436197,0.15135153180093247,-0.6073918637582438,-0.03470100723493687,-1.6262127078963826e-33,-5.734570042453704e-31,5.887446367859287e-31,0.0,0.0,0.0
Batch-mean null (no spectra),LS,5,batch_mean_null,pooled,500,1231.0,90.28499990783818,5.378690238282939,84.01246042751289,102.66749264218282,-0.0521960878443978,0.13484885256530943,-0.36623737524956407,0.09575738654225632,0.18408305613066198,0.00933924032716573,0.3040076928135049,0.0,0.0,0.0
Batch-mean null (no spectra),LS,10,batch_mean_null,batch_macro,500,1206.0,84.41483578019886,2.171516359816442,81.42538391547345,89.4662259642937,-0.10798463955791705,0.06766916093217477,-0.2803510016193202,-0.02180751741776171,-1.247722382091818e-32,-5.386330361160061e-31,5.349525228573128e-31,0.0,0.0,0.0
Batch-mean null (no spectra),LS,10,batch_mean_null,pooled,500,1206.0,86.74500190738566,2.5602130727467065,83.37251042955064,93.17266217640287,0.03150108116039173,0.06014201296542885,-0.12724998913499708,0.10637862158768065,0.20201231683216114,0.0864318285500571,0.2875535719976168,0.0,0.0,0.0
Batch-mean null (no spectra),LS,20,batch_mean_null,batch_macro,500,1156.0,82.49225153175081,1.336403917502528,80.29977321139434,85.57499187403242,-0.054419854063261476,0.0353152131203935,-0.13419952058296344,-0.010571351594495352,-1.223518769614908e-32,-6.821764783438594e-31,6.870239994948741e-31,0.0,0.0,0.0
Batch-mean null (no spectra),LS,20,batch_mean_null,pooled,500,1156.0,84.7764705301382,1.494916506301866,82.51286085687119,88.21142431684441,0.07709338502895399,0.03428457069735453,0.002427503674954185,0.11798566008487608,0.20493787190006899,0.12314544082779084,0.2700128472284009,0.0,0.0,0.0
Batch-mean null (no spectra),LS,40,batch_mean_null,batch_macro,500,1056.0,81.55791036169519,1.1028978953320698,79.45908292034198,83.77174217197786,-0.03107106829929387,0.021076021373576045,-0.08044762706848449,-0.00460703516543566,9.220579687476768e-33,-9.656670753875208e-31,8.910662417850174e-31,0.0,0.0,0.0
Batch-mean null (no spectra),LS,40,batch_mean_null,pooled,500,1056.0,83.86168043002287,1.1355334876801455,82.00742852294601,86.39205841414902,0.09751975143720529,0.02031912477194992,0.04825134614874054,0.12377182453138108,0.2104841745880769,0.1538140962857079,0.25246172399873734,0.0,0.0,0.0
Batch-mean null (no spectra),LS,80,batch_mean_null,batch_macro,500,856.0,81.01059165119042,1.4866208291062886,78.00311507472587,84.08561689131683,-0.020477173509705387,0.014780680454511658,-0.055865680827324724,-0.0029716075608322424,-1.536557099979467e-32,-1.2730901002268294e-30,1.3187899854584879e-30,0.0,0.0,0.0
Batch-mean null (no spectra),LS,80,batch_mean_null,pooled,500,856.0,83.56745459010484,1.3269817429157071,80.9001209321267,86.15232148331296,0.10687706743839338,0.015892412779443414,0.06739655765813563,0.13049182089456496,0.20930670368886622,0.18221299055801302,0.2318410070327095,0.0,0.0,0.0
Batch-mean null (no spectra),LW,5,batch_mean_null,batch_macro,500,1231.0,642.6909435346768,30.476683577572153,600.6376158905456,724.0170116526649,-0.2057392153042942,0.13388672376965227,-0.5433209252844775,-0.03664477456450231,8.657324299584636e-33,-7.441834109124761e-31,8.8909650848467e-31,0.0,0.0,0.0
Batch-mean null (no spectra),LW,5,batch_mean_null,pooled,500,1231.0,680.026087279194,37.640675289334524,631.9358436208845,787.6501406258519,0.08584921970266285,0.10636641667012685,-0.22435507468524407,0.21388208899167088,0.3326366266021792,0.1474809148736044,0.4428437791107938,0.0,0.0,0.0
Batch-mean null (no spectra),LW,10,batch_mean_null,batch_macro,500,1206.0,619.4784962890219,16.356318320692598,594.7500389231985,655.4352536411413,-0.10895242387265607,0.06423783350459684,-0.26879880862794703,-0.014799623031663024,-7.632741370391041e-33,-4.52195564799643e-31,4.298758506802842e-31,0.0,0.0,0.0
Batch-mean null (no spectra),LW,10,batch_mean_null,pooled,500,1206.0,654.7939024559267,20.19847120347475,627.9091275497861,702.893906862036,0.1545629650360327,0.05443217172571343,0.02511448575953826,0.22562992540720656,0.35309672551662563,0.24465131839150966,0.4316689846332628,0.0,0.0,0.0
Batch-mean null (no spectra),LW,20,batch_mean_null,batch_macro,500,1156.0,605.5570872499322,10.249271324824559,590.4038749710894,628.272577701387,-0.05799767876535619,0.03904857283925415,-0.15083036050304438,-0.00963574311965233,5.26584670030282e-32,-7.140709685937976e-31,7.855921115423723e-31,0.0,0.0,0.0
Batch-mean null (no spectra),LW,20,batch_mean_null,pooled,500,1156.0,640.2128550210308,11.814557738568567,623.7362733252684,669.4722433490432,0.1929394629840545,0.030662151517962224,0.11808938814453913,0.2299711901579198,0.3618707357663142,0.28565493470668657,0.41856749287653244,0.0,0.0,0.0
Batch-mean null (no spectra),LW,40,batch_mean_null,batch_macro,500,1056.0,597.3949674235421,6.874808157343981,583.9985172547478,611.2274840538626,-0.029657345666118502,0.019053710827755754,-0.07696597276979587,-0.00435204685040665,3.7252889537908697e-32,-7.337818366869273e-31,9.289189254984705e-31,0.0,0.0,0.0
Batch-mean null (no spectra),LW,40,batch_mean_null,pooled,500,1056.0,633.395902810629,7.670121348067582,619.3470786452172,649.8564262650565,0.21103362076507806,0.016747681211327782,0.16786326016193048,0.2342440435964658,0.3667223669598966,0.318093321696668,0.3992117311207269,0.0,0.0,0.0
Batch-mean null (no spectra),LW,80,batch_mean_null,batch_macro,500,856.0,594.1666557117378,8.21376980920197,577.807304310003,610.4124860561092,-0.020436990724375385,0.012543332796935223,-0.049711003409806095,-0.003714593406008129,2.3392335008737598e-32,-9.29698175306059e-31,1.0001645436983914e-30,0.0,0.0,0.0
Batch-mean null (no spectra),LW,80,batch_mean_null,pooled,500,856.0,634.970596940574,8.200695712096364,618.7224561201765,650.3604876937077,0.21000247532248761,0.014912226512428966,0.17524237597842848,0.23261690445708275,0.35685631711892607,0.3306657251952407,0.3763605940560132,0.0,0.0,0.0
Batch-mean null (no spectra),MFF,5,batch_mean_null,batch_macro,500,1231.0,47.852054061160956,2.60535005320218,44.36574969798545,54.17152989070261,-0.22193305074442854,0.14899787733949343,-0.6084019253902196,-0.03400870854703434,-8.717848662170458e-33,-2.4023754696879087e-31,2.046509949549805e-31,0.0,0.0,0.0
Batch-mean null (no spectra),MFF,5,batch_mean_null,pooled,500,1231.0,51.67457272978764,3.5581402794596357,47.54648372056513,60.771574864098355,0.006632412829100836,0.1501224680759503,-0.37977216043125794,0.16555567598232326,0.2593893115448269,0.053079307921010434,0.3910414967509284,0.0,0.0,0.0
Batch-mean null (no spectra),MFF,10,batch_mean_null,batch_macro,500,1206.0,45.626211028807376,1.1573078227386933,44.04499512187893,48.60673973630959,-0.09973697658104967,0.06384061545970313,-0.2586073980680966,-0.018652147780182284,-2.0305955760996602e-33,-2.288367728676804e-31,2.2146145923587214e-31,0.0,0.0,0.0
Batch-mean null (no spectra),MFF,10,batch_mean_null,pooled,500,1206.0,49.07921672595493,1.5936792272782614,47.26875042595957,52.563377989654356,0.10910116088207684,0.06333359920630158,-0.03134687388410298,0.17507962455676487,0.29238449621444046,0.15310135007686307,0.3832349636782122,0.0,0.0,0.0
Batch-mean null (no spectra),MFF,20,batch_mean_null,batch_macro,500,1156.0,44.81434596404642,0.7685961754553977,43.65122549238771,46.600128068340354,-0.05808747794066487,0.035972612824585415,-0.1443904635161072,-0.009889702640108267,-9.768568954370046e-33,-2.8156563004244564e-31,2.5469322313756515e-31,0.0,0.0,0.0
Batch-mean null (no spectra),MFF,20,batch_mean_null,pooled,500,1156.0,48.27683012146405,1.0044282779569633,47.004959940078216,50.79867480280818,0.14059190528546342,0.03811923243520301,0.038809001968891414,0.1806591236710181,0.29917119425588923,0.19769467693487167,0.3692984281877114,0.0,0.0,0.0
Batch-mean null (no spectra),MFF,40,batch_mean_null,batch_macro,500,1056.0,44.21651205614344,0.5342950378565275,43.273351027675304,45.380356937667266,-0.030224916032182362,0.01996410720476854,-0.08029117951416097,-0.005870142393835945,-5.0385371994174765e-33,-3.1238969652317633e-31,2.9811529865514984e-31,0.0,0.0,0.0
Batch-mean null (no spectra),MFF,40,batch_mean_null,pooled,500,1056.0,47.7721912743113,0.6074403675811706,46.79602011286077,49.22015707164293,0.16374150674975324,0.018422435812196113,0.11866396801955723,0.1859542267108777,0.30370363955721347,0.23488691547372156,0.35052957114148897,0.0,0.0,0.0
Batch-mean null (no spectra),MFF,80,batch_mean_null,batch_macro,500,856.0,43.89437061569731,0.7516088765047909,42.44429607985323,45.43975105971509,-0.02134292400643566,0.014089889382341448,-0.055160007539155426,-0.0033733719862565816,3.638024687792439e-33,-4.7103107503686365e-31,4.859414333029541e-31,0.0,0.0,0.0
Batch-mean null (no spectra),MFF,80,batch_mean_null,pooled,500,856.0,47.86533187528786,0.7556095653791352,46.48367451550155,49.46424731223013,0.16905934631909628,0.016806035687328056,0.12868634977673796,0.19102081847428964,0.30361492734722384,0.2717605720404387,0.3309334325892629,0.0,0.0,0.0
Batch-mean null (no spectra),PFD,5,batch_mean_null,batch_macro,500,1231.0,179.23364110473034,8.226003848147716,166.8673411034987,199.0414382133992,-0.20560900560847636,0.12440880454677207,-0.4835403677833644,-0.03580178524895771,5.135151039597758e-33,-7.552304475157668e-31,7.558368179483905e-31,0.0,0.0,0.0
Batch-mean null (no spectra),PFD,5,batch_mean_null,pooled,500,1231.0,184.74937659465024,9.872253139139225,171.35178484708123,210.283299535955,0.09889186731400186,0.09977706136131899,-0.16115156177460152,0.2266812310450384,0.3439068660400906,0.13506521345822783,0.46069052040997327,0.0,0.0,0.0
Batch-mean null (no spectra),PFD,10,batch_mean_null,batch_macro,500,1206.0,172.20733264563592,4.669200037531476,165.55204405472347,183.16064605112157,-0.10444240154829458,0.06745987377528634,-0.27510325801082414,-0.016361295946375972,-3.5543278175635517e-32,-7.166545748722938e-31,6.114758643995422e-31,0.0,0.0,0.0
Batch-mean null (no spectra),PFD,10,batch_mean_null,pooled,500,1206.0,177.10066899774475,5.2774751369024475,170.147822396264,190.07069941634515,0.17341937700703072,0.051692140220184014,0.04073258624737356,0.23941789498138513,0.37242619032269564,0.23157583510805316,0.4529779731795346,0.0,0.0,0.0
Batch-mean null (no spectra),PFD,20,batch_mean_null,batch_macro,500,1156.0,168.5672293789846,2.5921873432981877,164.69366152685316,174.68481942619235,-0.05575179006203998,0.03430640858400693,-0.13599691661382085,-0.009300439335022993,6.481514465198065e-33,-6.837455981575283e-31,6.231523280620203e-31,0.0,0.0,0.0
Batch-mean null (no spectra),PFD,20,batch_mean_null,pooled,500,1156.0,173.36853818842243,2.935957802619235,169.15115706527482,180.47456636537962,0.20843809789726603,0.027959241672466894,0.1337656906400582,0.2441021867271253,0.380402531829089,0.29329266799070064,0.4391041911675057,0.0,0.0,0.0
Batch-mean null (no spectra),PFD,40,batch_mean_null,batch_macro,500,1056.0,166.55061598426659,1.870194116376604,163.18796525080492,170.40424561702093,-0.030683033263740108,0.01851043078200689,-0.07416842404556549,-0.004625109563295637,5.234306556559462e-33,-7.931526912720058e-31,8.249382330946815e-31,0.0,0.0,0.0
Batch-mean null (no spectra),PFD,40,batch_mean_null,pooled,500,1056.0,171.40530708684938,1.962294536630607,168.06213332850584,175.92848440041934,0.22643086071541077,0.016484373349170255,0.18534243517127574,0.24907322518167935,0.3874042011406951,0.33385854168242035,0.428236027324572,0.0,0.0,0.0
Batch-mean null (no spectra),PFD,80,batch_mean_null,batch_macro,500,856.0,165.42251490986595,2.4649067737916384,160.33532845799004,170.38335524188653,-0.02035300870838301,0.012924139822606272,-0.052404763593398136,-0.003351144513984051,2.2333426910244176e-32,-1.023850322814629e-30,1.0934873655038093e-30,0.0,0.0,0.0
Batch-mean null (no spectra),PFD,80,batch_mean_null,pooled,500,856.0,170.68673268655104,2.3975798630625715,165.68474558634932,175.14806246995602,0.23299089933604133,0.015400784475652188,0.1981426206983597,0.25594781600713257,0.3865823028187158,0.35627793429199434,0.4083011535462262,0.0,0.0,0.0
Batch-mean null (no spectra),PRW,5,batch_mean_null,batch_macro,500,1231.0,557.0012437024976,25.885955764261556,522.4717126023526,624.7142047585464,-0.20268587920849632,0.13138365983754874,-0.5663527894953796,-0.04307939148539069,-2.5618192527642003e-33,-2.1048503246998438e-31,2.5410356342770404e-31,0.0,0.0,0.0
Batch-mean null (no spectra),PRW,5,batch_mean_null,pooled,500,1231.0,599.6187531521383,34.161681920288174,558.6873824763151,685.2217482949438,-0.02289113421734033,0.1253516279996617,-0.33997998061941714,0.1166070091331081,0.2081707217808205,0.024982671480586128,0.32634464481906844,0.0,0.0,0.0
Batch-mean null (no spectra),PRW,10,batch_mean_null,batch_macro,500,1206.0,537.5670431408615,14.899580108064882,517.5766005031185,573.7900689539368,-0.10933861975163209,0.0683701326890757,-0.2907695636204088,-0.019961931895434642,1.5464297842770065e-33,-2.228377667083623e-31,2.5595190658540383e-31,0.0,0.0,0.0
Batch-mean null (no spectra),PRW,10,batch_mean_null,pooled,500,1206.0,578.969394426496,18.93203264983945,554.8010841654855,626.2136987971273,0.04863062048388113,0.06513036440371134,-0.11670078960839507,0.13016877821626235,0.22602638616649634,0.09792313127047512,0.31323368453777417,0.0,0.0,0.0
Batch-mean null (no spectra),PRW,20,batch_mean_null,batch_macro,500,1156.0,524.9895091287725,8.37195933615327,512.150854089642,544.812229749427,-0.05577173798997286,0.03336095169920665,-0.13895493182955482,-0.010887269194831892,4.071598316603175e-33,-2.8541353415419457e-31,3.2403876303138607e-31,0.0,0.0,0.0
Batch-mean null (no spectra),PRW,20,batch_mean_null,pooled,500,1156.0,565.4786282709973,10.12921026747259,551.3833683898498,589.8422403130488,0.09487053985290866,0.03362001884053021,0.0030317579430727427,0.1362984363259936,0.2350203078958327,0.15189907515216294,0.29638428887942075,0.0,0.0,0.0
Batch-mean null (no spectra),PRW,40,batch_mean_null,batch_macro,500,1056.0,518.9003925732084,6.57296185702934,506.9250893050839,532.8694602434117,-0.030453768430585147,0.018371456952332273,-0.07621989770758199,-0.006818069664564336,4.151574204556228e-33,-2.7776601356996714e-31,2.739292186114058e-31,0.0,0.0,0.0
Batch-mean null (no spectra),PRW,40,batch_mean_null,pooled,500,1056.0,560.9466847314789,7.310602812912342,547.2771300513776,576.6535431753259,0.11391133544133358,0.018767250654882394,0.06407011966188203,0.13861420847843553,0.2367616506071036,0.18581204200324633,0.27468774378783917,0.0,0.0,0.0
Batch-mean null (no spectra),PRW,80,batch_mean_null,batch_macro,500,856.0,516.2622948649494,7.9274102849141945,502.01202727827217,532.5152597544908,-0.02045385771089657,0.013359220141412262,-0.052797952933661185,-0.003337343551051287,-1.0919352473424777e-32,-4.217111933600586e-31,3.3195070669433188e-31,0.0,0.0,0.0
Batch-mean null (no spectra),PRW,80,batch_mean_null,pooled,500,856.0,564.423234136554,7.584286512432298,551.0981673600468,581.6487526389851,0.1160598421164932,0.015886194082160583,0.07996406653891333,0.1386586416324885,0.22470549829923134,0.20102839380606966,0.24408033171805982,0.0,0.0,0.0
Batch-mean null (no spectra),RD,5,batch_mean_null,batch_macro,500,1231.0,0.4005042478884615,0.01849112716407626,0.37522688966005263,0.4480305958258477,-0.2027529203112108,0.13036311855783317,-0.5578676504348679,-0.03546574039624673,-1.4001728309909285e-32,-9.640676312289729e-31,9.95718689024315e-31,0.0,0.0,0.0
Batch-mean null (no spectra),RD,5,batch_mean_null,pooled,500,1231.0,0.39850488396645584,0.020466678477600832,0.37159391635590916,0.45193411438643094,-0.10744128581671707,0.12039276436387024,-0.4216926195586535,0.044274500579857844,0.1097871249290791,-0.0502795098830076,0.2224657305054325,0.0,0.0,0.0
Batch-mean null (no spectra),RD,10,batch_mean_null,batch_macro,500,1206.0,0.3857204979959026,0.010604047787183112,0.3702742011362517,0.409696099231353,-0.1076894170829065,0.07041579245119346,-0.2812415523801012,-0.014671812095654999,-2.1874811606404845e-33,-1.059355346695975e-30,1.0181994289216954e-30,0.0,0.0,0.0
Batch-mean null (no spectra),RD,10,batch_mean_null,pooled,500,1206.0,0.3827960954797228,0.011312741109910079,0.36727887323704694,0.40975235133705307,-0.021221057433378647,0.06403070057461288,-0.17607257651803945,0.06076254109493751,0.11685220329751415,0.0025944340450946082,0.20679835343601088,0.0,0.0,0.0
Batch-mean null (no spectra),RD,20,batch_mean_null,batch_macro,500,1156.0,0.37737095765533446,0.006187048001145221,0.3670578797233634,0.3928963249406846,-0.05666777466474771,0.036459140356642314,-0.1553702656093247,-0.009934502936156678,-2.9025008464352025e-33,-1.2222002348648702e-30,1.1007362398348206e-30,0.0,0.0,0.0
Batch-mean null (no spectra),RD,20,batch_mean_null,pooled,500,1156.0,0.3739284708941067,0.006292143203353252,0.36408582627349,0.3895749940407743,0.024755475617914986,0.0332793001329271,-0.06570764193551747,0.06741064504577308,0.1274364978831439,0.05351576991734835,0.18677353953725534,0.0,0.0,0.0
Batch-mean null (no spectra),RD,40,batch_mean_null,batch_macro,500,1056.0,0.3730648927292143,0.005425946638997597,0.36195665722580467,0.38325966701696074,-0.030088284353629865,0.019301728720839857,-0.07256674213179552,-0.0052202575677921335,-6.0737156883863755e-33,-1.6655726232229704e-30,1.7241077115479894e-30,0.0,0.0,0.0
Batch-mean null (no spectra),RD,40,batch_mean_null,pooled,500,1056.0,0.36915248703461984,0.0047578867844900305,0.35963238253761887,0.3787016257894954,0.04699084138114722,0.019008065366819205,0.0008832699311150862,0.07143017643973562,0.13084799456293575,0.0856956744561289,0.1653847085859567,0.0,0.0,0.0
Batch-mean null (no spectra),RD,80,batch_mean_null,batch_macro,500,856.0,0.3706932773644446,0.0075102177539725975,0.3561805291061891,0.385386227709352,-0.01960137997757178,0.012984330019464587,-0.05677801717338041,-0.003028054689832699,2.1669393663445024e-33,-1.7267622028975473e-30,1.669370794350188e-30,0.0,0.0,0.0
Batch-mean null (no spectra),RD,80,batch_mean_null,pooled,500,856.0,0.3658618381450836,0.005818452840440292,0.35432520807496465,0.3765511547509529,0.05440828556533208,0.014244919616141853,0.020410930023158552,0.07547032368148512,0.12334892577724352,0.10410973761264153,0.13800390541911303,0.0,0.0,0.0
Batch-mean null (no spectra),SRF,5,batch_mean_null,batch_macro,500,1231.0,184.37191867404343,9.605392689735655,171.5754497083749,207.4133673759514,-0.20796777229814759,0.14198145531353484,-0.547518113715404,-0.03040968653200066,1.7884181674791145e-32,-1.1740675797094312e-30,1.2747991096802257e-30,0.0,0.0,0.0
Batch-mean null (no spectra),SRF,5,batch_mean_null,pooled,500,1231.0,189.10828639722695,11.20519813819614,175.47391919222798,220.78294709208043,0.13788790975366805,0.10716482242746586,-0.18317074108476558,0.2613673147150529,0.39332976951345405,0.18142521577239085,0.5048267074225204,0.0,0.0,0.0
Batch-mean null (no spectra),SRF,10,batch_mean_null,batch_macro,500,1206.0,177.20164015334217,4.932503030570688,170.51187711856278,189.73430740993666,-0.10764002705498874,0.06678350428173642,-0.2660601622349608,-0.021232753289521133,-1.535888004187121e-32,-1.2315453930617112e-30,1.1229593417915306e-30,0.0,0.0,0.0
Batch-mean null (no spectra),SRF,10,batch_mean_null,pooled,500,1206.0,181.55220764285727,6.1533578704839424,174.2133276832978,197.81270193956456,0.2071085756624451,0.05658134677769363,0.05394893895915898,0.27109117369649466,0.41336203697629015,0.2789145833941372,0.49202905587800466,0.0,0.0,0.0
Batch-mean null (no spectra),SRF,20,batch_mean_null,batch_macro,500,1156.0,172.9801682506376,2.5645556328248307,169.10168032617813,179.0553677958264,-0.052826921146940126,0.03210198174550575,-0.13074477706348955,-0.008458217928973484,7.218611637303009e-33,-1.2734936231016418e-30,1.2754392556676647e-30,0.0,0.0,0.0
Batch-mean null (no spectra),SRF,20,batch_mean_null,pooled,500,1156.0,177.0076963671311,2.875091864036112,172.91312962946253,183.3825498813828,0.24632110054126521,0.025281647987067158,0.18519010990627602,0.27873547540755617,0.42827407980830806,0.3476556678831046,0.4802994802023788,0.0,0.0,0.0
Batch-mean null (no spectra),SRF,40,batch_mean_null,batch_macro,500,1056.0,171.13363663753157,2.001619140113287,167.63976145492927,175.31729125408054,-0.0314918430039675,0.01883459215609523,-0.07671847980604729,-0.005913565728189856,-7.273361675130265e-32,-1.5489839682603091e-30,1.3232073393962633e-30,0.0,0.0,0.0
Batch-mean null (no spectra),SRF,40,batch_mean_null,pooled,500,1056.0,175.18368904387387,2.1458323289203864,171.56589009686112,179.92266320036066,0.26127100404906395,0.016588829952270668,0.22398753194410229,0.2840069400113174,0.4290830867044444,0.369762005970873,0.46516029637001277,0.0,0.0,0.0
Batch-mean null (no spectra),SRF,80,batch_mean_null,batch_macro,500,856.0,170.05508263211092,2.533777146996964,165.06827267326167,175.14509730492006,-0.01975068074079739,0.011945395211660324,-0.0485951334036401,-0.003137881153955227,-2.148377679640355e-32,-1.7732900047969136e-30,1.4880556901254757e-30,0.0,0.0,0.0
Batch-mean null (no spectra),SRF,80,batch_mean_null,pooled,500,856.0,174.38887893098834,2.3635993865041054,169.89535390598815,179.30486236137745,0.26613353504957465,0.015008436701319764,0.22689699018548434,0.2907714188121356,0.42834029843414767,0.39867875804162095,0.4498231491631979,0.0,0.0,0.0
Cultivar-aware PLSR,AF,0,none,batch_macro,1,1256.0,44.11432404487316,,44.11432404487316,44.11432404487316,-0.6526287239814403,,-0.6526287239814403,-0.6526287239814403,0.040191755882801335,0.040191755882801335,0.040191755882801335,0.0,0.0,0.0
Cultivar-aware PLSR,AF,0,none,pooled,1,1256.0,46.47485517205133,,46.47485517205133,46.47485517205133,-0.2297181344025685,,-0.2297181344025685,-0.2297181344025685,-0.05695300015460146,-0.05695300015460146,-0.05695300015460146,0.0,0.0,0.0
Cultivar-aware PLSR,AF,5,intercept,batch_macro,500,1231.0,39.905686459180025,2.0788973070830354,37.12344324524309,45.18917528375078,-0.3667940048384595,0.17495543793292279,-0.7805801925565027,-0.15815995901765262,0.05287189868827025,0.033728294916630215,0.06637044687552544,8.719751678128146,-2.9345192871031824,15.369262924634628
Cultivar-aware PLSR,AF,5,intercept,pooled,500,1231.0,42.41121506898908,2.8434539159236567,39.18297401980193,49.71711196033185,-0.028136223075089582,0.15361707557600673,-0.42108553298152024,0.12928661890950302,0.2950478913768487,0.07896346618402135,0.41254504846538836,8.768395448695356,-7.490716939617895,15.795414328398994
Cultivar-aware PLSR,AF,5,shrunken_affine,batch_macro,500,1231.0,39.41833588092895,2.099370431519509,36.35123498340963,44.43780480217007,-0.3248647646715598,0.17438636448863434,-0.7342560987093516,-0.09852215115929726,0.049750072151658734,0.024822942675269664,0.07229278035430578,10.09769405153895,-2.0900785634636856,17.259967514637136
Cultivar-aware PLSR,AF,5,shrunken_affine,pooled,500,1231.0,42.06708380911928,2.8388342568994336,38.63555547483644,49.45188828862619,-0.011569880168538035,0.15084906293805422,-0.40394506477289815,0.1533502194703997,0.29664413283985835,0.07509906218103808,0.4160063962633032,9.509219976399898,-6.749618737025115,16.912074681840476
Cultivar-aware PLSR,AF,10,intercept,batch_macro,500,1206.0,38.29453608037768,1.0537610057638438,36.90883207018062,40.93660009938149,-0.2440523263166174,0.08073061711174741,-0.45352497352493915,-0.14093025411860377,0.05622666055542115,0.043415408309479306,0.06672712390994816,12.485681393634719,6.175371780960615,15.859500782840371
Cultivar-aware PLSR,AF,10,intercept,pooled,500,1206.0,40.602491650889625,1.277226877999366,38.98084887271509,43.87107488460524,0.06298667350588917,0.06317460500921317,-0.10703097060233653,0.13822723569276318,0.3165919570594354,0.193239191741867,0.4047078324499596,12.732411279521303,5.271286142463323,16.205681003213453
Cultivar-aware PLSR,AF,10,shrunken_affine,batch_macro,500,1206.0,37.38607308291391,1.1555302940988215,35.654525398737995,39.99855334977366,-0.17107836029947074,0.08690065485206135,-0.3837791511655515,-0.054180000739510965,0.052759616777567866,0.03088407639053648,0.07319063442970487,14.986263399086795,8.896704489330679,19.073441199035802
Cultivar-aware PLSR,AF,10,shrunken_affine,pooled,500,1206.0,39.93514602549838,1.3752863276942566,38.03211144049254,43.465893174120176,0.09332910426693812,0.06692060006659929,-0.08479330391996986,0.17935349181667373,0.321487434133145,0.18608690437129638,0.4137250775056463,14.166760226691816,6.068349693480977,18.14634904773964
Cultivar-aware PLSR,AF,20,intercept,batch_macro,500,1156.0,37.523761610284744,0.6209500410256109,36.493907798839956,38.910181662390954,-0.1915619183662715,0.04532361348118291,-0.2962891012941907,-0.1319127112257122,0.057734527449570666,0.045446581151660455,0.07025911741844533,14.244381161703688,10.690397452719077,16.29184582774939
Cultivar-aware PLSR,AF,20,intercept,pooled,500,1156.0,39.829461372985534,0.7385382132169808,38.704652608663935,41.5037599343348,0.10094049813698668,0.0352261463334792,0.0041448511772471846,0.14499583495270268,0.3288346538834582,0.2293430013905841,0.39546233730712826,14.462045501119764,10.062716931610396,16.515547201690033
Cultivar-aware PLSR,AF,20,shrunken_affine,batch_macro,500,1156.0,36.18090657899647,0.7029126477243204,35.00743353421145,37.743019430267296,-0.08768671317083493,0.04953693220483799,-0.20394753009888916,-0.01526926803033645,0.05343648952630403,0.030597763885062367,0.07358363338826078,17.90341371001681,14.366795642784053,20.385443156354945
Cultivar-aware PLSR,AF,20,shrunken_affine,pooled,500,1156.0,38.809217504738754,0.8156808341232231,37.535715345657124,40.7429826580289,0.14631779249551433,0.037767368626188506,0.047519318581916,0.1986572925859558,0.3385685485253479,0.23187400426251994,0.40976474865443313,16.65355418875923,11.90378221400103,19.253642543791496
Cultivar-aware PLSR,AF,40,intercept,batch_macro,500,1056.0,37.032776495315765,0.48735094167182447,36.11826507936651,37.97528942916085,-0.15923101253279487,0.02753263781646514,-0.2180400760990816,-0.11511693650607885,0.05877454022056849,0.0377449733792987,0.08147380885730084,15.449528061027214,13.291660610627662,16.847664067787612
Cultivar-aware PLSR,AF,40,intercept,pooled,500,1056.0,39.43976436546335,0.5129722251939471,38.542907886311745,40.46582486422776,0.1257094304172068,0.021074028748979238,0.07069183890482825,0.15383865811612243,0.3330668618932114,0.2750892647189081,0.3778199930082595,15.584375657750238,12.834828189894605,16.854333536388953
Cultivar-aware PLSR,AF,40,shrunken_affine,batch_macro,500,1056.0,35.34391619077022,0.5369094507636842,34.291004024514805,36.43886458427948,-0.032601009244323034,0.02983435255284572,-0.09306820675437148,0.011155343405554657,0.05337640782589185,0.03287987028910692,0.0716616888045835,19.99161833657727,17.865654851442297,21.65949517635624
Cultivar-aware PLSR,AF,40,shrunken_affine,pooled,500,1056.0,38.150560256224026,0.5682801756310258,37.154926403716374,39.41181493687135,0.18186554796351517,0.023996027602711217,0.12044608817663617,0.2132938058354004,0.3461487356170488,0.28464546281438496,0.39630509810729053,18.34362478820311,15.460694217510884,19.8332120469043
Cultivar-aware PLSR,AF,80,intercept,batch_macro,500,856.0,36.819154230778146,0.7277199399346969,35.5009914706022,38.29648283828163,-0.1493661699240089,0.030975899723846494,-0.2142435970004226,-0.09448899694361514,0.058604142668877285,0.02636941362721269,0.09195456775824046,15.983111880154912,13.709710208878846,17.947179709172794
Cultivar-aware PLSR,AF,80,intercept,pooled,500,856.0,39.56493021150212,0.7350711838650111,38.173278153876915,41.031756279998795,0.1353760910182433,0.01712207683751718,0.0974453264146608,0.16402010017058127,0.33296014586206374,0.2971964924155016,0.3663158418170826,15.991782342916524,14.176816779781761,17.40208574986296
Cultivar-aware PLSR,AF,80,shrunken_affine,batch_macro,500,856.0,34.90986533852442,0.7264791438666952,33.56638723619051,36.39048906510583,-0.0068988912676201915,0.02072872266861665,-0.05139337406911517,0.024025115286602276,0.05302676903613531,0.0346245095314041,0.06681763602471746,21.088818623308267,18.5327785839998,23.278998433381094
Cultivar-aware PLSR,AF,80,shrunken_affine,pooled,500,856.0,38.130609447012745,0.7647176951827177,36.72384093217323,39.654941531475934,0.19694426227692957,0.017426772244463328,0.15541689489417243,0.223368285690541,0.3483302619742136,0.3078460831361343,0.3822571696211469,19.03815813047686,16.99876356621855,20.66242253584713
Cultivar-aware PLSR,F6,0,none,batch_macro,1,1256.0,55.90100623007497,,55.90100623007497,55.90100623007497,-0.6394498725352404,,-0.6394498725352404,-0.6394498725352404,-0.021965842678060142,-0.021965842678060142,-0.021965842678060142,0.0,0.0,0.0
Cultivar-aware PLSR,F6,0,none,pooled,1,1256.0,57.80504793165655,,57.80504793165655,57.80504793165655,-0.2807118502307244,,-0.2807118502307244,-0.2807118502307244,-0.15562312667284095,-0.15562312667284095,-0.15562312667284095,0.0,0.0,0.0
Cultivar-aware PLSR,F6,5,intercept,batch_macro,500,1231.0,50.503718148366396,2.3645651271977006,47.055647597828425,55.866887843317954,-0.31971039005078244,0.14098599108543586,-0.6594643467180026,-0.12618651272072526,-0.02258159386705115,-0.030231811406303384,-0.011557038689819693,9.944697273955555,0.5397685932707161,16.213004328137554
Cultivar-aware PLSR,F6,5,intercept,pooled,500,1231.0,53.23653765324858,2.90459313681838,49.428374840446736,60.56025826358226,-0.08869968750905358,0.1262339897006778,-0.41954864749023846,0.06786468032129199,0.1927400631689268,0.019016872609673857,0.31621486858157083,7.94131014153712,-5.311591527050554,14.637275316610266
Cultivar-aware PLSR,F6,5,shrunken_affine,batch_macro,500,1231.0,50.14697704905827,2.463836807294825,46.49849507295917,56.14873955087712,-0.2987566722221213,0.14756392706585902,-0.6361512276564033,-0.09263457346594842,-0.013950689661083083,-0.043544712831077824,0.013617671085740532,10.70488172743155,1.0090603810211263,17.401588625424292
Cultivar-aware PLSR,F6,5,shrunken_affine,pooled,500,1231.0,52.96319786262939,2.984809759371368,48.94488786239311,60.47216212042432,-0.07775830817409807,0.12837730978034106,-0.40716183741807715,0.0899957167737984,0.1982087270628216,0.013708885766919265,0.3269044902875778,8.414365940183444,-4.716338371389048,15.621542051709547
Cultivar-aware PLSR,F6,10,intercept,batch_macro,500,1206.0,48.44120876057414,1.3757910256306662,46.50054788354912,51.78926009307793,-0.20154766273431526,0.0754241979256431,-0.38683499405681293,-0.10163124216705631,-0.0243931115219178,-0.03185931045419089,-0.015922177384222625,13.657648221956274,7.2857978339791645,17.111311441820778
Cultivar-aware PLSR,F6,10,intercept,pooled,500,1206.0,51.02669517071836,1.6589164859131091,48.972134910482296,55.33431222606743,0.0035930908236418225,0.06848722552591982,-0.17096424293652115,0.08536499861803946,0.21139429366989024,0.07251875975295985,0.30135590082363456,11.819910310663746,4.482017430069817,15.410876048666594
Cultivar-aware PLSR,F6,10,shrunken_affine,batch_macro,500,1206.0,47.69445886059762,1.532568384792865,45.293158299803935,51.271451386224356,-0.1600476633091863,0.08256551049059493,-0.3790456819499981,-0.04251898253282885,-0.006636578433233678,-0.036309131225624104,0.01916454410337714,15.199849610140655,8.868149538736949,19.28429417607597
Cultivar-aware PLSR,F6,10,shrunken_affine,pooled,500,1206.0,50.39364165932242,1.8054096382344966,47.91368926718541,54.71165429088002,0.027939053382540456,0.0732176231166682,-0.15216082235920822,0.12247947848470837,0.22539500412497024,0.07159237145961979,0.32166204304463214,12.914214876751188,5.196551431614692,17.169734685813932
Cultivar-aware PLSR,F6,20,intercept,batch_macro,500,1156.0,47.339884770377274,0.7682061419633672,46.257537124670606,49.237662135865946,-0.14502433430878253,0.03722870867272784,-0.23039352276152544,-0.09205108117444173,-0.025518085618643247,-0.03389725102249937,-0.01725043163473169,15.571799256628333,12.185361974149448,17.487348659972046
Cultivar-aware PLSR,F6,20,intercept,pooled,500,1156.0,49.89907378364073,0.9045784451999547,48.682339494530545,52.17154950127098,0.048142171062934454,0.03645066801640464,-0.04222728603260633,0.09197431176802243,0.22183423797062937,0.13024073122123334,0.28827436687626495,13.781193899172191,9.676285425640602,15.787928579449213
Cultivar-aware PLSR,F6,20,shrunken_affine,batch_macro,500,1156.0,46.08454890319519,0.8888485486507329,44.62838049393028,48.20169526347275,-0.07737067735286847,0.04209100170007667,-0.17809054993447576,-0.014867571333059264,0.005927433166268651,-0.02594157258872378,0.034484563732304546,18.1078835440669,14.328518726941974,20.42101625321784
Cultivar-aware PLSR,F6,20,shrunken_affine,pooled,500,1156.0,48.79458807601575,1.0512505226634634,47.21049212701249,51.22126508265123,0.0896827231817668,0.04123703414473698,-0.012203426240321863,0.14205870245475327,0.2478219459955764,0.14943701477547874,0.3175120744331686,15.689885102235706,11.126134967329714,18.155946860720334
Cultivar-aware PLSR,F6,40,intercept,batch_macro,500,1056.0,46.745079453338796,0.5863026308629734,45.68790966369975,47.96830514324774,-0.11713595821210711,0.023131169193021602,-0.17401589395487768,-0.08511322175054502,-0.026303493849296596,-0.038489388251789096,-0.014582773254221585,16.600517685133482,14.382296426054566,18.106524753529083
Cultivar-aware PLSR,F6,40,intercept,pooled,500,1056.0,49.40915060181243,0.6181799915219109,48.36981096092562,50.715356269228344,0.07042576197618362,0.0216658333477295,0.013377854554425906,0.09733271828421367,0.22701290472692937,0.16765778300402967,0.2687156885121096,14.753389799303761,12.198396357376348,16.013370572379685
Cultivar-aware PLSR,F6,40,shrunken_affine,batch_macro,500,1056.0,45.128871120517104,0.6523996518768111,44.01575970874044,46.55796979557895,-0.03257381290190898,0.025818362792505944,-0.09806084928803019,0.004314621372023686,0.017601120192121292,-0.007454291060039497,0.0381733014522446,19.813233657138706,17.35068281502283,21.485215251756856
Cultivar-aware PLSR,F6,40,shrunken_affine,pooled,500,1056.0,47.96225146807447,0.7093806086953826,46.764015778503015,49.512537421607256,0.12402159345659457,0.024606252326958213,0.06030735456746764,0.1562755746430441,0.2611513787220374,0.2010346329536216,0.3083778481564409,17.249943033409938,14.11490090602026,18.792668255835718
Cultivar-aware PLSR,F6,80,intercept,batch_macro,500,856.0,46.486728440725955,0.7439301579062272,45.057140016821585,47.897889436031136,-0.10494578981250588,0.01968665403364462,-0.15149021778859745,-0.07217909515814012,-0.02551971873685154,-0.04479248985616039,-0.005341590872598118,17.164945389051503,14.696235532027528,19.021070349889687
Cultivar-aware PLSR,F6,80,intercept,pooled,500,856.0,49.54671149705019,0.7666252861995526,48.03682003167141,51.1363639394561,0.0790072709033432,0.01662170319360643,0.04032773498802776,0.10641153564282475,0.22129887837287676,0.18834296034078324,0.24736448193158553,15.07257177981671,13.050417284505995,16.352751164853743
Cultivar-aware PLSR,F6,80,shrunken_affine,batch_macro,500,856.0,44.67702560816583,0.7392236424681439,43.313794849904276,46.140064647267074,-0.010819674497265393,0.015834085955986805,-0.047294955846594586,0.011038794451015353,0.026250954762129235,0.00631689981302277,0.041842555375464434,20.742464139601395,18.176472444163373,22.938418795229275
Cultivar-aware PLSR,F6,80,shrunken_affine,pooled,500,856.0,47.919347070331085,0.7776357499132156,46.392911876190595,49.48535216993668,0.138520203849425,0.016330348276751273,0.10371466256681647,0.16378281315827856,0.2612820232760182,0.22515273219109186,0.28974958265977996,17.862149134364497,15.91046026816615,19.29320862854395
Cultivar-aware PLSR,LS,0,none,batch_macro,1,1256.0,96.28903920418945,,96.28903920418945,96.28903920418945,-0.44358990608698357,,-0.44358990608698357,-0.44358990608698357,-0.059232522819410896,-0.059232522819410896,-0.059232522819410896,0.0,0.0,0.0
Cultivar-aware PLSR,LS,0,none,pooled,1,1256.0,98.36883147928476,,98.36883147928476,98.36883147928476,-0.24475943362852237,,-0.24475943362852237,-0.24475943362852237,-0.1378900400411097,-0.1378900400411097,-0.1378900400411097,0.0,0.0,0.0
Cultivar-aware PLSR,LS,5,intercept,batch_macro,500,1231.0,95.31961031313142,4.965634130227526,88.83576298250283,107.36526464365963,-0.4313616576956891,0.17901822433795223,-0.8858727090349651,-0.2149357933056007,-0.06142024505925553,-0.07979898388829276,-0.039614424069364135,0.9046114885185589,-12.392815691717322,8.007505865390248
Cultivar-aware PLSR,LS,5,intercept,pooled,500,1231.0,97.91485974182397,5.714253431065764,90.96441992577776,111.57539681443635,-0.23733866704185377,0.1545376023001343,-0.6080405731543872,-0.056808620098348396,0.11178446583335347,-0.06673371354719539,0.24140421374902465,0.47533688717171557,-13.645099815004027,7.781664504442761
Cultivar-aware PLSR,LS,5,shrunken_affine,batch_macro,500,1231.0,92.82360899037566,5.378995318128109,85.63486788439675,105.40386143655512,-0.35955023082487564,0.18865373895573215,-0.8626273448439674,-0.13103591573864584,-0.035751421888022925,-0.07572006939579917,0.00694917329301755,3.380618968136579,-10.895525395722101,10.994129139200162
Cultivar-aware PLSR,LS,5,shrunken_affine,pooled,500,1231.0,95.61777992569485,6.249672587387822,87.81427654379823,111.0294584397791,-0.18101523209299364,0.16651385077110809,-0.5843726167397951,0.006476631243756622,0.13551583491569,-0.04628710198026129,0.2668866253449034,2.810582753373894,-12.727879017609718,10.723709941912933
Cultivar-aware PLSR,LS,10,intercept,batch_macro,500,1206.0,91.53351446558587,2.4000673333717875,87.94357267356652,96.95215238591182,-0.30415084174356005,0.07789581034028582,-0.47644098215772507,-0.19820886551714256,-0.06573904788147555,-0.07771664774753531,-0.04950485715299468,4.9131487794452235,-0.8270879957308174,8.5774817937965
Cultivar-aware PLSR,LS,10,intercept,pooled,500,1206.0,93.96551961977428,2.7827367135236645,90.19354168625846,101.22355318072093,-0.1364533674210911,0.0705563148254619,-0.334497950081676,-0.04468239374137427,0.12767898294675512,-0.006262491232716608,0.22048060658568935,4.489841692779769,-3.3509577455593935,8.398353434921825
Cultivar-aware PLSR,LS,10,shrunken_affine,batch_macro,500,1206.0,87.0228204521881,2.8556330165220096,82.4391926922195,93.73542935968779,-0.17972162585930443,0.08875258356432232,-0.3786435211708943,-0.053187911539043016,-0.013158356321765778,-0.05394154498658258,0.029687448753486587,9.412991750592541,2.416566092622241,14.10053678583393
Cultivar-aware PLSR,LS,10,shrunken_affine,pooled,500,1206.0,89.67223343587445,3.2601604370984067,84.93565065454976,97.06309758562416,-0.03544736238104906,0.07866686267721797,-0.2236846937434287,0.07467542029078707,0.17520402635221932,0.04120564054693001,0.2736951220554155,8.85478966953646,0.8651270877831374,13.670708600799887
Cultivar-aware PLSR,LS,20,intercept,batch_macro,500,1156.0,89.43976671058013,1.4163960377016693,87.2245905209796,92.87789644299275,-0.24160529259896243,0.04195004310250684,-0.3475476653545553,-0.1882591284370186,-0.0698130543083486,-0.08183972294955784,-0.05646531966433076,7.173768001676687,3.593740746143114,9.127585547593098
Cultivar-aware PLSR,LS,20,intercept,pooled,500,1156.0,91.76982733926042,1.531303381926633,89.46824421611457,95.30943782145552,-0.08141076626993987,0.03793652512995362,-0.16510347739419617,-0.03602203903687411,0.12663543982916042,0.03791419990630292,0.2043488464123084,6.841346525764685,3.226201640375571,8.824261823670797
Cultivar-aware PLSR,LS,20,shrunken_affine,batch_macro,500,1156.0,83.03164563599742,1.7441551407903313,80.17309108965152,86.68651405130525,-0.07050106546244546,0.04638353498697825,-0.17760295272739837,0.0013046442352549145,0.020961768627335436,-0.02648608753696669,0.061718102070549126,13.547285778399319,9.576299742759518,16.39573208087255
Cultivar-aware PLSR,LS,20,shrunken_affine,pooled,500,1156.0,85.69093459007556,1.83722413942496,82.73271170977453,89.45159833413261,0.056941444398626216,0.04175479547291571,-0.03179311553599033,0.11890773079529199,0.20393718764269353,0.11380495161071795,0.27701546025929435,13.013586560333419,8.995716092777453,15.813759942612597
Cultivar-aware PLSR,LS,40,intercept,batch_macro,500,1056.0,88.40873646449253,1.1586780777068098,86.2323802590416,90.95675707957697,-0.2134347948218639,0.025674175032298244,-0.27498912809999004,-0.17635783546941802,-0.07112649091362669,-0.08714851666493498,-0.05590727657776376,8.194377548208964,6.007639998996644,9.549970287743417
Cultivar-aware PLSR,LS,40,intercept,pooled,500,1056.0,90.77454041768094,1.1795712375524912,88.79206669921948,93.3324744305765,-0.05741855146288121,0.02399944791544825,-0.12132111853520186,-0.025021405713973235,0.1315192892545344,0.06301448691405923,0.1827341587248791,7.88389198690008,5.28948581877351,9.204651321733127
Cultivar-aware PLSR,LS,40,shrunken_affine,batch_macro,500,1056.0,80.48317386804263,1.2634682883648196,78.18077404536575,82.98801682128837,-0.005425947954242282,0.02536674716614701,-0.060772741448208226,0.03398020484131976,0.05383677648652304,0.020813932094569235,0.08245643318543538,16.102876128024196,13.89924698019177,17.787276296686077
Cultivar-aware PLSR,LS,40,shrunken_affine,pooled,500,1056.0,83.3095550423785,1.304625646650256,81.16144777257462,86.02309558644764,0.1093004771011631,0.02482078066765826,0.0484361092200992,0.14607508741080813,0.2344070271872652,0.17626342617136706,0.28015238581132096,15.460034987750502,12.887456813694092,17.10077237635644
Cultivar-aware PLSR,LS,80,intercept,batch_macro,500,856.0,87.80081598601991,1.6007446882967609,84.52902085774579,90.86354421523225,-0.2008865385410728,0.024936335881866167,-0.25115998640183906,-0.15922045620876912,-0.0712918272885799,-0.09528776073876054,-0.043902110267900356,8.840709175174522,6.397817531244676,10.514744504026094
Cultivar-aware PLSR,LS,80,intercept,pooled,500,856.0,90.39359534368958,1.3925291784696583,87.68493818767782,93.00914693483098,-0.04504935607740663,0.02092123541044758,-0.0966719777673299,-0.012187854654639283,0.13088604084799402,0.09266473558870637,0.16140762216477356,8.459951007831487,6.343255242053236,9.811536770491825
Cultivar-aware PLSR,LS,80,shrunken_affine,batch_macro,500,856.0,79.03274707006871,1.5300763390726433,75.91873882395888,82.10764588394593,0.027262392250400967,0.017795663146680116,-0.016177168780519943,0.053042311656033916,0.0798952999494285,0.06024358952162634,0.10057139565752571,17.593483941015133,15.069922455233701,19.681791368779294
Cultivar-aware PLSR,LS,80,shrunken_affine,pooled,500,856.0,82.29375779094693,1.3655798588711436,79.65158003002985,85.0005772735493,0.13387972089113442,0.01727796527122955,0.09397689365205449,0.16089175195719765,0.2485807456187629,0.21825719291547016,0.27618666480655274,16.662851996174428,14.526793918356823,18.2227471334856
Cultivar-aware PLSR,LW,0,none,batch_macro,1,1256.0,809.6437960846016,,809.6437960846016,809.6437960846016,-1.2423146074287685,,-1.2423146074287685,-1.2423146074287685,-0.044002234878573056,-0.044002234878573056,-0.044002234878573056,0.0,0.0,0.0
Cultivar-aware PLSR,LW,0,none,pooled,1,1256.0,818.3037010455863,,818.3037010455863,818.3037010455863,-0.3198346166784418,,-0.3198346166784418,-0.3198346166784418,-0.221188577317784,-0.221188577317784,-0.221188577317784,0.0,0.0,0.0
Cultivar-aware PLSR,LW,5,intercept,batch_macro,500,1231.0,668.1894609044017,31.261628342271287,624.7058136420477,742.0624352740391,-0.30069808537891524,0.14097309798103347,-0.6427003610063372,-0.12008814892472883,-0.036314108060331654,-0.045368073018587494,-0.022682855684471866,16.84702883073373,7.434050908866735,22.364343093699993
Cultivar-aware PLSR,LW,5,intercept,pooled,500,1231.0,707.689229658121,38.893505072007386,657.3405703560522,818.146513536812,0.010011622315191154,0.11435842119994748,-0.32031936548432294,0.1494345671448223,0.2931236549626888,0.10055708125361945,0.41273995406965036,13.525139115689008,0.06802231171868536,19.781975395937252
Cultivar-aware PLSR,LW,5,shrunken_affine,batch_macro,500,1231.0,658.137573725989,33.93035165657802,610.086643861501,738.9538539344912,-0.2666861928728467,0.1498879851275287,-0.6407920430252637,-0.07091785510542008,-0.012468224386300245,-0.05589711968871758,0.022021846992676546,18.239500416788857,8.222284953833913,24.274127994016105
Cultivar-aware PLSR,LW,5,shrunken_affine,pooled,500,1231.0,696.9019330251887,42.41745453683637,641.4254909445187,810.3638428431706,0.039293196564410424,0.12309950863844003,-0.30549365232055953,0.18965194159707222,0.3121490587885803,0.11628074899749721,0.4274216505178959,14.84327296101452,0.6051888205402876,21.618677734930497
Cultivar-aware PLSR,LW,10,intercept,batch_macro,500,1206.0,644.6991771129565,17.27963448666218,618.2924246730937,684.5811879846444,-0.19968361951280544,0.07043241082693322,-0.37815421333819177,-0.09749930123704982,-0.03830733799795256,-0.04567001985125289,-0.02734320878451709,19.76587193690866,14.844295554436748,23.12120718516807
Cultivar-aware PLSR,LW,10,intercept,pooled,500,1206.0,681.9214631116548,21.30387592908394,652.5837892023418,729.8579972577629,0.08304173341050042,0.05959287263378459,-0.051394401312229436,0.16216637515317245,0.3122398277269006,0.19458216506519893,0.3987932401348999,16.687021336317958,10.85872566835172,20.274579856172277
Cultivar-aware PLSR,LW,10,shrunken_affine,batch_macro,500,1206.0,624.1208404243577,19.728325025659306,591.878412786168,672.4804116245953,-0.12926143170009025,0.07638570462277378,-0.33328840359148737,-0.015306918096803122,0.009136800367711952,-0.03368430698378522,0.04753324383316311,22.553246038819506,16.477686110285056,26.706908023244228
Cultivar-aware PLSR,LW,10,shrunken_affine,pooled,500,1206.0,659.7548596359829,24.122779669029626,623.3992459730106,717.458769170045,0.14137566147932723,0.06507244211996702,-0.022627681752313732,0.2350943022491125,0.35097148165247205,0.23768770426335994,0.4355498962951655,19.395528424179936,12.034187794819621,23.87125629927839
Cultivar-aware PLSR,LW,20,intercept,batch_macro,500,1156.0,629.7455655893755,10.522784570778581,614.5376526824143,652.9832234910748,-0.14279073217911326,0.04170767729431043,-0.2436862664195891,-0.0908584548556558,-0.03993959842486792,-0.04775237478188055,-0.029691511421608176,21.621723410678538,18.1425300423817,23.42645096164558
Cultivar-aware PLSR,LW,20,intercept,pooled,500,1156.0,666.1661882206367,12.181984019895602,649.660311169819,695.3655743247322,0.12618104366327598,0.0329884716249299,0.043228329831226694,0.16635614460373294,0.3210832165476484,0.2367255839373338,0.38302521192509803,18.64198261029604,15.074226039451384,20.532709004897008
Cultivar-aware PLSR,LW,20,shrunken_affine,batch_macro,500,1156.0,600.2001326442032,12.375523376150337,580.0959135133712,627.7217643566937,-0.04364486545265512,0.045137692559734904,-0.15704704220560067,0.022112979234356633,0.03699906560872191,-0.0071419187400515866,0.07320677045456533,25.61047869769155,21.894279316087925,28.03748550791051
Cultivar-aware PLSR,LW,20,shrunken_affine,pooled,500,1156.0,634.6802659186866,14.234191132416228,612.6923666641421,667.5569866197358,0.20668793812338962,0.03669123387614247,0.12403780039152659,0.2593228572809577,0.38062183303437525,0.2980459896638644,0.4409951278299696,22.48748627615673,18.375208127081123,25.068593799170277
Cultivar-aware PLSR,LW,40,intercept,batch_macro,500,1056.0,621.2285585752985,7.219286164043438,607.4735271828911,635.5512128013773,-0.11181124428414704,0.02118401219623158,-0.16324562540714666,-0.08085504240455707,-0.04139416053574949,-0.05156198254843988,-0.030346709875472246,22.68476339385615,20.73309698932292,23.945439913436946
Cultivar-aware PLSR,LW,40,intercept,pooled,500,1056.0,659.0946658145294,8.042742093276338,644.1933732292849,675.7802018152294,0.14570629864831172,0.018568341273976486,0.09898914006505459,0.1704491394479243,0.325405819094123,0.2718726499459351,0.3602298314053246,19.550572465429223,17.27432012970769,20.858713372348227
Cultivar-aware PLSR,LW,40,shrunken_affine,batch_macro,500,1056.0,584.5756561428238,8.121274700815738,569.7002916266247,600.8241439990339,0.008520882136834378,0.022868356818973132,-0.04267215475396254,0.043999750786100814,0.06557551258328635,0.02987822833251984,0.0949097227978178,27.616114635131076,25.493406370131616,29.235873995185933
Cultivar-aware PLSR,LW,40,shrunken_affine,pooled,500,1056.0,619.9725030370787,8.925624730020495,602.7944234168672,639.916588092829,0.2440761574306467,0.01985490088790535,0.19320504434633864,0.27381513072245456,0.4042470092651867,0.3511094338536812,0.44009613537654224,24.326140551236218,22.019076583255693,25.94569212647705
Cultivar-aware PLSR,LW,80,intercept,batch_macro,500,856.0,617.8704307044485,8.643843506699621,600.1291403718205,635.8001897772896,-0.10216968981765695,0.01733764247145026,-0.13950008228748428,-0.07173717379629346,-0.0413614754011253,-0.0592379669481402,-0.023091376186617087,23.139596051545237,20.910787331903254,24.827086260839362
Cultivar-aware PLSR,LW,80,intercept,pooled,500,856.0,660.6214497856703,8.438004451720937,643.6876591058747,676.9086968818892,0.14486715654294116,0.01697322016132745,0.1031198726462713,0.1710642155628094,0.3150568608974529,0.28660208271240883,0.33614493439143284,19.519456101244092,17.403971459514608,20.92586935607882
Cultivar-aware PLSR,LW,80,shrunken_affine,batch_macro,500,856.0,576.8438799874585,8.497450509661027,559.0138918490836,594.2159551361572,0.03192357016885634,0.015634045911679776,-0.004208349371495789,0.05564560100603714,0.08659343991079231,0.06574724910230863,0.10341079704874469,28.639556157657854,26.568485328823606,30.3898204550198
Cultivar-aware PLSR,LW,80,shrunken_affine,pooled,500,856.0,616.9219407051089,8.561537571209346,600.8064193877004,634.1296427643983,0.25426653960810863,0.0154713644750257,0.215727500902802,0.2790730832195166,0.4087024552923237,0.38213479832438,0.4309060777538651,24.843662255041824,22.898590179735944,26.30526659339444
Cultivar-aware PLSR,MFF,0,none,batch_macro,1,1256.0,56.8400098667063,,56.8400098667063,56.8400098667063,-0.8236242652669905,,-0.8236242652669905,-0.8236242652669905,-0.014723987640953238,-0.014723987640953238,-0.014723987640953238,0.0,0.0,0.0
Cultivar-aware PLSR,MFF,0,none,pooled,1,1256.0,59.065668269479346,,59.065668269479346,59.065668269479346,-0.292087585309343,,-0.292087585309343,-0.292087585309343,-0.14877780756537318,-0.14877780756537318,-0.14877780756537318,0.0,0.0,0.0
Cultivar-aware PLSR,MFF,5,intercept,batch_macro,500,1231.0,49.11684944153564,2.618610866791379,45.65176389730789,55.870891302116,-0.3044604387403231,0.15515672156382496,-0.684202940469356,-0.10745391713759679,-0.015463772774456774,-0.022632336232471482,-0.0054064273158904,14.17430971632399,3.371791457586194,20.34460442068807
Cultivar-aware PLSR,MFF,5,intercept,pooled,500,1231.0,52.63161834090631,3.5217150776573294,48.5128837801964,61.64507041333069,-0.030215826946566746,0.15127104550773418,-0.4170645220715246,0.12862602986467522,0.25062214074984945,0.04635869250347061,0.38432538442677805,10.911784310067329,-4.620589908646117,17.83742707403747
Cultivar-aware PLSR,MFF,5,shrunken_affine,batch_macro,500,1231.0,48.980623991784945,2.846600085411786,45.30510136284276,55.9187473424322,-0.29510965266454753,0.17126213796795015,-0.6904845063573481,-0.09042276465104798,-0.009979982668554826,-0.03166757693504085,0.011243681603920959,14.559882415601862,3.131995484361284,20.88070028990789
Cultivar-aware PLSR,MFF,5,shrunken_affine,pooled,500,1231.0,52.57694363320029,3.7527704564878253,48.19330502036664,61.85339196340203,-0.028743022081422667,0.16242891301707413,-0.4256698366779204,0.1412431852280607,0.25286537856342955,0.043363214804142874,0.3880553900687286,11.00397818088097,-4.798627550845817,18.38042388007924
Cultivar-aware PLSR,MFF,10,intercept,batch_macro,500,1206.0,46.85361402031633,1.2021425157019328,45.20566235959046,49.72063694545548,-0.1755932458492521,0.0691749523184056,-0.34275974027292855,-0.0849982894472085,-0.01651302008283972,-0.022676157666014884,-0.009704444290022441,18.097968691652937,13.128243352078812,20.982002269626935
Cultivar-aware PLSR,MFF,10,intercept,pooled,500,1206.0,50.01208776997767,1.600407799754756,48.172545105251466,53.60120202472887,0.07495445854987245,0.06450463377409844,-0.06798016163743566,0.1450479150230087,0.28208563289812794,0.15110902635542067,0.3740773826651326,15.40532658097401,8.945708065142396,18.60673808311462
Cultivar-aware PLSR,MFF,10,shrunken_affine,batch_macro,500,1206.0,46.36164308409537,1.288249968111609,44.472808545387664,49.250661064846724,-0.14526176408898875,0.07452167898773432,-0.30779189809412044,-0.045972434706478285,-0.004557669257547002,-0.029737689035134168,0.01731614301635661,19.184943634611074,14.314685683086207,22.59196014826454
Cultivar-aware PLSR,MFF,10,shrunken_affine,pooled,500,1206.0,49.642037157866824,1.672740057998332,47.51304016668358,53.35609299385554,0.08849944672983157,0.06652367474528649,-0.047020952353926525,0.16573410011023199,0.2900866083884127,0.14255204784335415,0.38305366359040793,16.031718836048903,10.009091232045707,19.62623188761562
Cultivar-aware PLSR,MFF,20,intercept,batch_macro,500,1156.0,46.01297354082448,0.7884740024711251,44.812913571798646,47.76311638962765,-0.13071893256700903,0.03962708564227473,-0.23519241619755474,-0.07756863088704355,-0.01732920797694793,-0.02512970571452504,-0.00882457908121844,19.592829865113412,16.26672569551024,21.517447791878155
Cultivar-aware PLSR,MFF,20,intercept,pooled,500,1156.0,49.169157174776956,0.988530327106198,47.90553713582709,51.36858864662297,0.10855860124086311,0.03815723452893564,0.0037772651379575244,0.15198772490876655,0.28921804861498623,0.1919891494070591,0.358871176544731,16.893974154411904,12.423723774029993,18.877049834008705
Cultivar-aware PLSR,MFF,20,shrunken_affine,batch_macro,500,1156.0,45.196696477000096,0.8683133762629931,43.83979733392446,47.114276868299534,-0.08264405922447969,0.04420334650221453,-0.19739020694821227,-0.017661883774025063,0.001968685694842413,-0.02596643234467034,0.024468672266033838,21.33785383902078,17.316775938270535,23.59413773600389
Cultivar-aware PLSR,MFF,20,shrunken_affine,pooled,500,1156.0,48.50427542121757,1.0623520624620315,47.03914438988673,50.997870545641454,0.1324375265585114,0.04004923380509341,0.031894655976690806,0.18512048306100784,0.3028873739867428,0.20415571020303686,0.37463350321628097,18.01788874502738,13.488572516354044,20.42022048401404
Cultivar-aware PLSR,MFF,40,intercept,batch_macro,500,1056.0,45.39486087894399,0.546901151864088,44.418877157971785,46.52100169362651,-0.10078581799617342,0.023185451588071507,-0.15754817990795064,-0.06950772610885042,-0.017675287161169097,-0.030109635146499673,-0.006120385695013129,20.665501078572113,18.790397507986498,22.088013577288457
Cultivar-aware PLSR,MFF,40,intercept,pooled,500,1056.0,48.649778714980876,0.608832510152867,47.69649673715554,50.0464174573963,0.13272803877847306,0.019217781272373873,0.08447849421580401,0.15693122631382866,0.2942629762854644,0.22434673134626074,0.3396220107819123,17.937595393409847,15.605889584962712,19.16957784552078
Cultivar-aware PLSR,MFF,40,shrunken_affine,batch_macro,500,1056.0,44.2807623864312,0.5910192745439526,43.30125462478621,45.547671167472785,-0.03746554655477656,0.02536656254444412,-0.09739033667637874,-0.0019348462746173183,0.010782228922921208,-0.014959169096539725,0.02794828612044299,22.990635834348655,21.017208652846918,24.54681299167085
Cultivar-aware PLSR,MFF,40,shrunken_affine,pooled,500,1056.0,47.710740414414985,0.6673199575772096,46.614153207835635,49.32477573860346,0.16586036373566795,0.020972022687211364,0.11835564252435457,0.1940030468596225,0.31513777878801535,0.24361995004197157,0.36059004158308755,19.521950137064515,17.206264679085475,20.96691610554727
Cultivar-aware PLSR,MFF,80,intercept,batch_macro,500,856.0,45.06386861524427,0.7752803014512186,43.618832900941094,46.65114095105461,-0.09148241194986913,0.020842663906025998,-0.1370770449065638,-0.0576039791336467,-0.017891418088271695,-0.03661222965293215,0.0038484145545835,21.17078602962196,18.185007766195874,23.295272990849757
Cultivar-aware PLSR,MFF,80,intercept,pooled,500,856.0,48.72003113502854,0.7551053269686286,47.391199007058,50.32617104902244,0.13908728774845566,0.018591604151435178,0.0913182662303693,0.16611522857677163,0.2944817768946276,0.2613584864899472,0.32420401650100267,18.096614601242443,15.721897489579204,19.55523186975831
Cultivar-aware PLSR,MFF,80,shrunken_affine,batch_macro,500,856.0,43.775340392832284,0.7519456344160117,42.311777932268846,45.273638519214856,-0.01872243693308624,0.01680116296007013,-0.05729794438220751,0.0045269775464677805,0.017423054596702375,-0.000309592098806532,0.028509958061412467,23.827534978990464,21.066320555590828,26.164493355228014
Cultivar-aware PLSR,MFF,80,shrunken_affine,pooled,500,856.0,47.63027102373359,0.7605204242477177,46.23763727934778,49.257283231503145,0.1771646261973233,0.01859712053725894,0.13155415145088442,0.20301383061857925,0.31995297022172203,0.2827662537326612,0.35062439347061464,19.928498275445477,17.772242540989378,21.48587761003446
Cultivar-aware PLSR,PFD,0,none,batch_macro,1,1256.0,217.66356197220685,,217.66356197220685,217.66356197220685,-0.9336999639316141,,-0.9336999639316141,-0.9336999639316141,0.03805634561613762,0.03805634561613762,0.03805634561613762,0.0,0.0,0.0
Cultivar-aware PLSR,PFD,0,none,pooled,1,1256.0,219.59281411008857,,219.59281411008857,219.59281411008857,-0.2692852522729883,,-0.2692852522729883,-0.2692852522729883,-0.10765911257023586,-0.10765911257023586,-0.10765911257023586,0.0,0.0,0.0
Cultivar-aware PLSR,PFD,5,intercept,batch_macro,500,1231.0,178.55894616735074,8.420072438528198,166.21361813267094,198.62195289688776,-0.2160040579012726,0.12945849691828523,-0.5156298000699094,-0.041990148199671826,0.05383846782690028,0.041869837826605055,0.06271391610070191,16.785152103373044,7.079417031713615,22.59508843494677
Cultivar-aware PLSR,PFD,5,intercept,pooled,500,1231.0,183.31702804671102,10.134872589894092,169.53544073773566,209.21681394991234,0.11261735291549536,0.10182050729897864,-0.15603721715844932,0.243044878529101,0.37408266342565677,0.17637593938700213,0.48373171856935604,16.51875495488748,4.604632292755067,22.776846702490953
Cultivar-aware PLSR,PFD,5,shrunken_affine,batch_macro,500,1231.0,178.6402498582701,8.750849437650892,165.50311267233948,198.68583235228283,-0.21553017992584017,0.13452344196476243,-0.5440470009611118,-0.029798396913154147,0.056640583037440476,0.02364678163275822,0.08739170386798649,16.812885051321505,7.481647951798686,22.941614980251288
Cultivar-aware PLSR,PFD,5,shrunken_affine,pooled,500,1231.0,183.51056589664643,10.510406553778967,168.85781330844213,209.86058965986822,0.11054178725915854,0.10563922100463592,-0.16122787941913647,0.2479794646629541,0.37630046678608126,0.1653405486805822,0.4855479461240234,16.430702829567288,4.392939802219394,23.070734421124943
Cultivar-aware PLSR,PFD,10,intercept,batch_macro,500,1206.0,171.18298223170663,4.671567954335549,164.6189490299629,182.18005290219702,-0.10919560831274112,0.06949012436449938,-0.28006589816972227,-0.019484659463604382,0.057159802674099536,0.04774022428530362,0.06449115484014611,20.226529084204085,14.939010656460836,23.297911100556075
Cultivar-aware PLSR,PFD,10,intercept,pooled,500,1206.0,175.27888181134588,5.2291803909484464,168.40118113001807,187.9282038198589,0.19033779583288843,0.050734196787725436,0.05790718948184523,0.2554263296104157,0.40344529546030694,0.2640345567079066,0.479766278497233,20.16735198145118,13.774299341886003,23.396206246546896
Cultivar-aware PLSR,PFD,10,shrunken_affine,batch_macro,500,1206.0,170.2423534029062,4.901949776499135,162.67332157831882,181.3698651615969,-0.09390558402490944,0.07245450193293518,-0.26239202508333564,0.007655774372899384,0.06319439269453161,0.028595231655016307,0.09266410323406819,20.765981825522864,15.166357466813398,24.344507932561665
Cultivar-aware PLSR,PFD,10,shrunken_affine,pooled,500,1206.0,174.3687213458356,5.552470088099638,166.35129499633462,188.28750843394926,0.19863948964939668,0.05320484922923419,0.06218924739054433,0.2728442911863918,0.4113017623065741,0.25964263997501796,0.4922812664233433,20.58219593491653,13.955546141694194,24.330731223836786
Cultivar-aware PLSR,PFD,20,intercept,batch_macro,500,1156.0,167.63780919627735,2.608155713898953,163.62146441539895,173.7930369792548,-0.061327929230508234,0.03550738280219964,-0.15073584786304642,-0.014834438322882627,0.059371944685054974,0.04924106305394101,0.06987612785785213,21.85418448266309,18.95166231044232,23.671192642708153
Cultivar-aware PLSR,PFD,20,intercept,pooled,500,1156.0,171.62552046378502,2.8829733776288182,167.45255853910047,178.76101092547785,0.2242775403330203,0.02720149377534772,0.1532191470299094,0.25787296584531877,0.4128903784250356,0.3357745169560299,0.4693775150840425,21.820309161524033,18.29999090173019,23.546481497763054
Cultivar-aware PLSR,PFD,20,shrunken_affine,batch_macro,500,1156.0,165.90508584144274,2.975246047071138,161.30460865719428,172.6463449624126,-0.03483830146291781,0.04014481891863956,-0.13135363375104123,0.021066278620161163,0.06871450189583032,0.032660559498872685,0.09950417460339774,22.80216848582995,19.632333834265253,24.76369355281093
Cultivar-aware PLSR,PFD,20,shrunken_affine,pooled,500,1156.0,169.93724595403145,3.2961165238418024,164.78075424616273,177.92459299874383,0.239401069447322,0.03036481565851512,0.16948198239975837,0.27937491076298526,0.42533459822563197,0.33795012850860967,0.4829532173991625,22.58950089576416,18.88483149383891,24.670707581853215
Cultivar-aware PLSR,PFD,40,intercept,batch_macro,500,1056.0,165.67877362830785,1.9103546585783862,162.11646787833968,169.58026614379992,-0.036751991067998036,0.02070368674902533,-0.08676986688388678,-0.007443052646302404,0.05979176166206823,0.04611076530720225,0.07363294770435158,22.787045022436182,20.863788876767217,24.13979632299233
Cultivar-aware PLSR,PFD,40,intercept,pooled,500,1056.0,169.75626304154068,1.955275904710162,166.39478763873842,174.0158605027577,0.24124094808850272,0.01633864536835073,0.2025077018714467,0.2650647191675659,0.41839780468520105,0.3702807200043469,0.45632664963796654,22.701288649399615,20.643415272017208,23.95105867028096
Cultivar-aware PLSR,PFD,40,shrunken_affine,batch_macro,500,1056.0,163.25849993282688,2.004898558187117,159.6491511418676,167.44336570596076,-0.0009055944707912589,0.02202576346282101,-0.05350265783013671,0.031021210357459382,0.07460149393039463,0.048019036334407746,0.09575573055442527,24.07478357293968,22.067330022133046,25.41812734903713
Cultivar-aware PLSR,PFD,40,shrunken_affine,pooled,500,1056.0,167.39442443287032,2.120610625999888,163.71354545897708,172.30241440526828,0.26219209639949226,0.017484324785454784,0.22263508477093844,0.2871858324949219,0.4366275814543376,0.38203284038035257,0.4753335202343275,23.776886453117935,21.6262954891953,25.119581206324188
Cultivar-aware PLSR,PFD,80,intercept,batch_macro,500,856.0,164.53418832315663,2.5116970973639092,159.38928021113378,169.01382333160777,-0.026300780393148978,0.018813084995458678,-0.07117686389553349,0.009058998524121531,0.06080731323308819,0.038556871488325886,0.08476700562246325,23.24546511580612,20.963308727607036,24.960421649135316
Cultivar-aware PLSR,PFD,80,intercept,pooled,500,856.0,169.09397921567708,2.363553860221775,164.3514837245156,173.34999031795076,0.24721859860682427,0.016023212257038386,0.20839468698136182,0.2736184729075734,0.4177541894836656,0.3866915763104958,0.44142209240334346,23.007216649311317,21.083892932964655,24.49201398887644
Cultivar-aware PLSR,PFD,80,shrunken_affine,batch_macro,500,856.0,161.53305249650512,2.545629381567549,156.46843768522987,166.44126316730427,0.017160493272013494,0.01776129421469647,-0.025610650354140365,0.04507876807454039,0.07891447066728596,0.062219109923917916,0.09481885740876242,24.817765137831067,22.60053470493162,26.55774102508919
Cultivar-aware PLSR,PFD,80,shrunken_affine,pooled,500,856.0,166.09257650343474,2.417026112850584,161.46576939530968,170.49711534965826,0.2736845505800134,0.016925623186383982,0.23220160578252308,0.30111917126064397,0.4395764412866443,0.4092131663290306,0.4627346216049961,24.373615892041325,22.307939301079635,25.93954358450003
Cultivar-aware PLSR,PRW,0,none,batch_macro,1,1256.0,652.8846985863235,,652.8846985863235,652.8846985863235,-0.817324652070136,,-0.817324652070136,-0.817324652070136,-0.009718079560934281,-0.009718079560934281,-0.009718079560934281,0.0,0.0,0.0
Cultivar-aware PLSR,PRW,0,none,pooled,1,1256.0,680.1700516294027,,680.1700516294027,680.1700516294027,-0.31310330988182455,,-0.31310330988182455,-0.31310330988182455,-0.1046316715507113,-0.1046316715507113,-0.1046316715507113,0.0,0.0,0.0
Cultivar-aware PLSR,PRW,5,intercept,batch_macro,500,1231.0,588.1281742718318,27.314432371858754,550.2780647711196,662.8352638542168,-0.35747103584984147,0.14673862435738377,-0.7126140695263,-0.17193642316469435,0.004628887343505513,-0.006869460827736681,0.017882928407368975,10.413460972987966,-0.9142746563795814,16.318622385773303
Cultivar-aware PLSR,PRW,5,intercept,pooled,500,1231.0,631.3287665597917,36.06864040968466,587.2380003616562,727.220110996442,-0.1339306621488443,0.13863368995521266,-0.5154716711349125,0.022530993164515723,0.17064672633133363,0.005354891780727669,0.29442348602275864,7.246010657711229,-7.426676067841647,13.783566105291488
Cultivar-aware PLSR,PRW,5,shrunken_affine,batch_macro,500,1231.0,580.6711815690319,28.271239226717984,539.3009809857009,652.5461793498815,-0.32225019986493625,0.150540587174966,-0.7142635022710658,-0.12421424757383001,0.013159650320350876,-0.01628427620777538,0.04202362379652135,11.608780477794305,0.3290137616260333,17.866023447099252
Cultivar-aware PLSR,PRW,5,shrunken_affine,pooled,500,1231.0,623.3053287121891,37.54134883904109,571.8599853087103,723.3487718115273,-0.10568427525611375,0.14247427509113983,-0.4951619761615563,0.07124083589640876,0.18222996554721713,0.026161430912452148,0.3153684074571615,8.425800439020755,-6.72860482365741,15.944486638225925
Cultivar-aware PLSR,PRW,10,intercept,batch_macro,500,1206.0,567.9269873076504,15.522952122834091,545.871978472118,602.9786160560946,-0.254695765191019,0.07552403005342874,-0.4317886900103178,-0.15039436951555146,0.005473835373731329,-0.004630964484046754,0.017124384781458658,13.506088524671636,8.160962530751805,16.864885617508367
Cultivar-aware PLSR,PRW,10,intercept,pooled,500,1206.0,609.6811292033606,19.987589831092922,583.5063961428207,658.1323635818042,-0.05497768087345246,0.07246963665086459,-0.23480992585358215,0.034876606824072114,0.18807555118408137,0.060147966588280574,0.2808099262982729,10.444289970210225,2.87449705992894,14.244617839002212
Cultivar-aware PLSR,PRW,10,shrunken_affine,batch_macro,500,1206.0,550.50898394438,16.9862301684066,523.212214991965,588.3470005566918,-0.17563659528551653,0.08129943086522007,-0.3595540104554129,-0.05288013991723006,0.023318980582683505,-0.0013466288739958066,0.049788343554723016,16.244375786851432,10.58292490888823,20.342560171242496
Cultivar-aware PLSR,PRW,10,shrunken_affine,pooled,500,1206.0,590.2936060747049,21.510913008010053,558.2464453227676,638.095670626709,0.010840369278446468,0.07444000800424866,-0.16343388732529776,0.11773734213328765,0.21741310382787252,0.08838544577605727,0.31140508217483415,13.293714476436154,6.026545623999377,17.989036489349957
Cultivar-aware PLSR,PRW,20,intercept,batch_macro,500,1156.0,554.6980786479381,8.941945317746693,541.5152850801614,575.8294927397724,-0.19414222053476948,0.04000534936163548,-0.2967937784400977,-0.133815945642982,0.005398889893131525,-0.006355922717725713,0.018318229871282905,15.504324629574738,12.014667541234466,17.39620543206792
Cultivar-aware PLSR,PRW,20,intercept,pooled,500,1156.0,595.684908936431,10.732971871885084,581.0528965713835,622.8709333428138,-0.004428273060060933,0.03788933932072661,-0.10595768909274633,0.04201657694710843,0.19519964296876643,0.10805523614556839,0.26074246271524026,12.604056531775184,8.233381857502211,14.571784810349536
Cultivar-aware PLSR,PRW,20,shrunken_affine,batch_macro,500,1156.0,529.7433229152366,9.803107953017173,513.308872936945,550.501741692782,-0.08301849161982569,0.042641071777763405,-0.1825943700791469,-0.018291228327312593,0.03229648644649576,0.006460088577905442,0.05274378402749743,19.427132979191242,16.12522655511583,21.713295319352667
Cultivar-aware PLSR,PRW,20,shrunken_affine,pooled,500,1156.0,568.2132538409463,11.795171411005358,550.411305190975,594.2618462734764,0.08601078856793219,0.03869006509709748,-0.002921502042687428,0.14214234012709961,0.24272261522508143,0.15954288674370548,0.3141979291161075,16.635715124678722,12.710855998804236,19.11758097683409
Cultivar-aware PLSR,PRW,40,intercept,batch_macro,500,1056.0,547.9651416261487,6.971396291726189,534.7979257988736,562.4452130327448,-0.16416875978102466,0.024052350424227927,-0.21999428549566177,-0.12609104104366614,0.00531433437309592,-0.01318999319831639,0.02298384824628133,16.511442964119937,14.50180679590702,17.849598394253572
Cultivar-aware PLSR,PRW,40,intercept,pooled,500,1056.0,590.6385462217718,7.673497883834186,577.4031035051569,606.7832566405755,0.01761900658259784,0.0210017012797178,-0.034440167770546516,0.04606635399653601,0.19629518683801805,0.1353671176272201,0.2399794449284793,13.59361734490966,11.303372427154443,14.891423031349033
Cultivar-aware PLSR,PRW,40,shrunken_affine,batch_macro,500,1056.0,517.0657818405258,7.949289184644155,503.25771553104124,535.121328638055,-0.02878983401638871,0.026762379654437795,-0.0900694382063091,0.01265451089511766,0.042147651184795284,0.01673341433865892,0.06245845324449704,21.360367398155205,19.055028635269394,22.9932195074121
Cultivar-aware PLSR,PRW,40,shrunken_affine,pooled,500,1056.0,556.4541936994467,8.841488849224989,541.2109139230097,576.707059287417,0.12800827643877863,0.023214692867495588,0.07524266953454818,0.16219563703868614,0.26236106283728655,0.19549315232340927,0.3063612541782203,18.5959936235775,16.44714491811965,20.197493193218836
Cultivar-aware PLSR,PRW,80,intercept,batch_macro,500,856.0,545.323262251195,8.715609140673672,530.0394647067825,563.2220437702208,-0.15501553438369556,0.02946266608119588,-0.2190249598468696,-0.10138491930838679,0.003938483548659103,-0.026507811427214305,0.0357554343608836,17.01001353280394,14.767400092353661,18.85976297601451
Cultivar-aware PLSR,PRW,80,intercept,pooled,500,856.0,594.3457524563568,7.993625071313788,579.6532751639261,610.9147248549389,0.019818914414033335,0.019427491295568994,-0.021534021696442064,0.05026836538321802,0.18151956235393057,0.1500982282438711,0.20830499091046376,13.835458269015277,11.861420211530936,15.105276896465474
Cultivar-aware PLSR,PRW,80,shrunken_affine,batch_macro,500,856.0,511.0606363915764,8.552147670479416,495.48722019441743,529.2201737351962,-0.004720797190384505,0.019895283684198576,-0.04837329030562961,0.02468797201945111,0.04804774396291342,0.02920186058120023,0.06293656256867801,22.371302254153484,19.85941386738506,24.41110142301586
Cultivar-aware PLSR,PRW,80,shrunken_affine,pooled,500,856.0,555.8588586022388,8.10313081581881,541.3616746145827,573.8152114115851,0.1426622148878946,0.017854425412827998,0.10196135500994194,0.16884939575049956,0.26403869902619365,0.2336683992407306,0.28961636445067973,19.415330772145527,17.264543615300845,20.858119348771115
Cultivar-aware PLSR,RD,0,none,batch_macro,1,1256.0,0.46915690275206756,,0.46915690275206756,0.46915690275206756,-0.6538002242474671,,-0.6538002242474671,-0.6538002242474671,0.10304289228437351,0.10304289228437351,0.10304289228437351,0.0,0.0,0.0
Cultivar-aware PLSR,RD,0,none,pooled,1,1256.0,0.4616214862682707,,0.4616214862682707,0.4616214862682707,-0.4804450458432097,,-0.4804450458432097,-0.4804450458432097,0.13160428507382194,0.13160428507382194,0.13160428507382194,0.0,0.0,0.0
Cultivar-aware PLSR,RD,5,intercept,batch_macro,500,1231.0,0.45533753692407847,0.021030841838328887,0.42475453135458185,0.5025538296676515,-0.5704185996428165,0.16681097059456956,-0.9644993059821341,-0.3439373550024698,0.11140586668868327,0.08820311826131866,0.12607597586304892,2.1236699610737153,-8.317059545811142,8.902709718825399
Cultivar-aware PLSR,RD,5,intercept,pooled,500,1231.0,0.45522613843149445,0.023358788460853618,0.4229888838307119,0.5105074167952611,-0.44488163194904806,0.15411353422470658,-0.83344138447126,-0.2403066300303121,0.18651632513206468,0.07700827285055506,0.26640116901752825,1.3483228119281083,-10.763865624560065,8.450543667329972
Cultivar-aware PLSR,RD,5,shrunken_affine,batch_macro,500,1231.0,0.43968679185496456,0.02236654352993458,0.40493842446453027,0.4953541245433454,-0.4636178621251979,0.1719015216336008,-0.883512948837626,-0.2211261277055157,0.10461507893452021,0.079980763675606,0.12293795385247015,5.458642828484454,-6.899659502340543,12.95625930341487
Cultivar-aware PLSR,RD,5,shrunken_affine,pooled,500,1231.0,0.43909084896097544,0.024503023504289765,0.4022879804458515,0.4988488578700547,-0.3450370027670834,0.1567919518449251,-0.7378066887605538,-0.12317885903906493,0.18725694337519824,0.07376528580961808,0.27242685860182175,4.84662311007844,-8.295093716571099,12.922505607455989
Cultivar-aware PLSR,RD,10,intercept,batch_macro,500,1206.0,0.43740837600753685,0.012249372794288947,0.42103244802436196,0.4681914225081645,-0.4396620075912507,0.09376625279943834,-0.6894310426875573,-0.32192775167518906,0.1169351104359229,0.09747061738092495,0.13136913442002485,5.966558619845214,-1.1061966043038243,9.500965821038958
Cultivar-aware PLSR,RD,10,intercept,pooled,500,1206.0,0.4359501532072625,0.013402251029978333,0.418687572861889,0.4693438588475873,-0.32461674467191903,0.08652333440539851,-0.5351141507540402,-0.22092953699471232,0.19636148063698772,0.10944554749051134,0.25354305386701353,5.468965861261587,-1.9098920876594736,9.207161765389277
Cultivar-aware PLSR,RD,10,shrunken_affine,batch_macro,500,1206.0,0.41074345438067705,0.014508079769667429,0.388642266267632,0.44624239277729666,-0.2662233849405344,0.10424139391550377,-0.5469636718674796,-0.11832351614722902,0.10424910964258714,0.0853813246167091,0.12165644718367073,11.623081139633998,3.827635003934665,16.35231197792694
Cultivar-aware PLSR,RD,10,shrunken_affine,pooled,500,1206.0,0.40848034812601725,0.015535321131067158,0.3858457309184578,0.4463116193844319,-0.16369553491407945,0.09463531544711094,-0.3953300362543282,-0.028186026046616536,0.1977859336939643,0.10220339806778597,0.2627906258117909,11.427335395906391,3.0098871098122917,16.471454572283942
Cultivar-aware PLSR,RD,20,intercept,batch_macro,500,1156.0,0.4281701243995716,0.006667630892951299,0.4177347527991439,0.443087552292713,-0.3756303355356232,0.04667576955378971,-0.4787682375864237,-0.30626774521137234,0.12072071626212191,0.10030179542101698,0.1395112774938965,7.939688234963832,4.6592300254060275,9.936146758585044
Cultivar-aware PLSR,RD,20,intercept,pooled,500,1156.0,0.426084786879225,0.006819523850255259,0.415872068835751,0.44222361267006804,-0.26629254866999663,0.042570192478434986,-0.3624095166972822,-0.20552908605920023,0.20546348593284458,0.1489806174527447,0.24929563529555906,7.4968687873117,4.038906473026981,9.584782628196903
Cultivar-aware PLSR,RD,20,shrunken_affine,batch_macro,500,1156.0,0.3893230564509664,0.009116574027014795,0.37357930905013376,0.40850934623691054,-0.13111640081056875,0.06200167000603744,-0.2674784958924388,-0.03223685786522582,0.0973223584710154,0.07413542268085425,0.11400487576397825,16.1949860392958,12.311935376097056,19.222929981358902
Cultivar-aware PLSR,RD,20,shrunken_affine,pooled,500,1156.0,0.3859882074712323,0.009400716143500241,0.37020367098046875,0.4064006570028262,-0.039692672796665246,0.055211372985684834,-0.16496012623773032,0.04719192224055514,0.20492961893068457,0.14300760144566854,0.25527531945473675,16.20490764787078,11.910897214410179,19.32173825230925
Cultivar-aware PLSR,RD,40,intercept,batch_macro,500,1056.0,0.4234528014599198,0.005893832382185577,0.4118249674571237,0.43490286370226094,-0.34287710872215993,0.03916574769609418,-0.4265013668707203,-0.27489397970587864,0.12310283463080265,0.09492533568389269,0.14955592558830452,9.006966730745273,6.473790989757073,10.305328782302713
Cultivar-aware PLSR,RD,40,intercept,pooled,500,1056.0,0.4209124135664719,0.005455350534355094,0.41063060426217557,0.4326492166792246,-0.23923611982332435,0.03495569517148447,-0.31463104061544667,-0.18304501617002236,0.210113081208254,0.16844559639894802,0.24542295997253938,8.46527869113798,5.769020229387408,9.791630317357859
Cultivar-aware PLSR,RD,40,shrunken_affine,batch_macro,500,1056.0,0.37581860881698004,0.00678337697257235,0.3624633611742646,0.3897568065085081,-0.04923669768195178,0.040184079877472724,-0.13847387464725835,0.014775916041350668,0.08812069162966317,0.06983976100136768,0.10385664405647664,19.107491706853388,16.292870738748316,20.90068826411149
Cultivar-aware PLSR,RD,40,shrunken_affine,pooled,500,1056.0,0.3719101184890113,0.006627954109344845,0.35989620568951103,0.38587031393365195,0.03233673620514718,0.03704022518275502,-0.0522422753051313,0.09008571346770858,0.2043245014008519,0.1620359915495149,0.23689147777083833,19.124231931314785,16.2595710445033,20.977559666185105
Cultivar-aware PLSR,RD,80,intercept,batch_macro,500,856.0,0.42034013551125454,0.007706922243354557,0.40486771853995845,0.4361432062688137,-0.3298783844163226,0.04909026425328744,-0.44324473822168003,-0.24014745001421448,0.12453080574302695,0.07584301946802391,0.16944781962946673,9.553938243123982,7.28489087473409,11.149018318274631
Cultivar-aware PLSR,RD,80,intercept,pooled,500,856.0,0.4169819815702721,0.006143476463264356,0.4050325825456401,0.4292632980006642,-0.22876824570560053,0.037305946304426844,-0.30505553142933595,-0.15782782416560223,0.20783221587661252,0.1739180829564985,0.2440930939637961,8.674864008238071,6.685667496608491,10.075060338619506
Cultivar-aware PLSR,RD,80,shrunken_affine,batch_macro,500,856.0,0.36840626369869495,0.00745708395736039,0.3533190195694446,0.3829507814768406,-0.010078805644620478,0.02725776304359706,-0.07191007370835709,0.032340226183972705,0.07830531574609434,0.05883708283805081,0.09320259347461575,20.573040529875446,18.476468002290215,22.41129835610731
Cultivar-aware PLSR,RD,80,shrunken_affine,pooled,500,856.0,0.3635169723648374,0.005892435748639844,0.35200269166366605,0.3756457420949326,0.06629819279911202,0.024026013416951444,0.015490832420920211,0.10678194970398794,0.1924799787492585,0.16792488497472524,0.21328937145526156,20.38442304231097,18.394443348836518,22.01401845355343
Cultivar-aware PLSR,SRF,0,none,batch_macro,1,1256.0,226.45010218363436,,226.45010218363436,226.45010218363436,-0.972367490405114,,-0.972367490405114,-0.972367490405114,-0.019219700376532693,-0.019219700376532693,-0.019219700376532693,0.0,0.0,0.0
Cultivar-aware PLSR,SRF,0,none,pooled,1,1256.0,227.7730967169764,,227.7730967169764,227.7730967169764,-0.2458562937002977,,-0.2458562937002977,-0.2458562937002977,-0.04649310620282977,-0.04649310620282977,-0.04649310620282977,0.0,0.0,0.0
Cultivar-aware PLSR,SRF,5,intercept,batch_macro,500,1231.0,197.13717309393166,10.355620224487897,183.23935454206966,221.3548973031211,-0.4061600728530128,0.16429095338483052,-0.8093146415109267,-0.1997758316586029,-0.0037121005783874207,-0.014399394751090205,0.011016471887131273,12.027649012831873,0.6354914345929995,18.29679994217242
Cultivar-aware PLSR,SRF,5,intercept,pooled,500,1231.0,202.22068392492704,11.963676142086094,187.0364686110161,232.80365412128708,0.014224442279855025,0.12180876833060726,-0.31048522027251396,0.16078318862315086,0.35999934501115954,0.1702910995392251,0.4679671341876341,11.210698814272805,-2.4986172655315846,17.916617748379693
Cultivar-aware PLSR,SRF,5,shrunken_affine,batch_macro,500,1231.0,194.14440715963335,10.782473518177033,178.67301256164927,221.0244026747033,-0.3559152354920725,0.16868971614494527,-0.7979092966453297,-0.13135245407451582,-0.00228660952063512,-0.024484872128893873,0.01746808789627961,13.559373503801266,1.0694823949800325,20.39662465764243
Cultivar-aware PLSR,SRF,5,shrunken_affine,pooled,500,1231.0,199.10767150208417,12.55122964654339,182.39688095007116,230.2462420596335,0.04387612210641769,0.1259608653354288,-0.2774136796079611,0.19942037219429856,0.3694074707304403,0.1820703162051485,0.4822512521290191,12.577987376655225,-1.313529799491652,19.806602539152692
Cultivar-aware PLSR,SRF,10,intercept,batch_macro,500,1206.0,189.87374594845787,5.244596992675685,182.60303448967767,202.32721727455038,-0.29590961559505496,0.07734816751344982,-0.48578057833630917,-0.1912326344633687,-0.004652312312034177,-0.01521301393126714,0.006736561759120651,15.284639748304166,9.31909056802624,18.637793636023705
Cultivar-aware PLSR,SRF,10,intercept,pooled,500,1206.0,194.52323499957285,6.395249089586929,186.66591759406467,209.9851792554232,0.0898368963455499,0.06247043259218383,-0.07265186077068303,0.16614774507421268,0.3759947073569281,0.23475834624107866,0.46182563239591357,14.600695770121517,7.36231354135444,18.165291192641334
Cultivar-aware PLSR,SRF,10,shrunken_affine,batch_macro,500,1206.0,184.07341364109362,5.978785377214879,174.77164443368795,197.6717346225558,-0.20550965550597378,0.08654991523233824,-0.4061700933590214,-0.07691441494185942,-0.00015561858878294614,-0.019241539958487368,0.02150658637655752,18.17960758950644,12.143043446190182,22.24940699171127
Cultivar-aware PLSR,SRF,10,shrunken_affine,pooled,500,1206.0,188.34969096227476,7.070287281177958,178.30490664181224,205.422888592162,0.14640324330893778,0.06670265263248638,-0.01927915896617531,0.23494909900966013,0.3956881706470491,0.2494464178904888,0.4777668014844272,17.311755899414596,9.775156950049714,21.617676346312972
Cultivar-aware PLSR,SRF,20,intercept,batch_macro,500,1156.0,185.243975412726,2.8644752198154912,180.73966179434393,191.91033405524317,-0.23097788376394973,0.04001810314865624,-0.3363846813499847,-0.17670864419269824,-0.004481847191423493,-0.018044803925745364,0.007799904305612709,17.309565431202465,14.163700952108165,19.07770892167389
Cultivar-aware PLSR,SRF,20,intercept,pooled,500,1156.0,189.6057225904311,3.1285193116793324,184.7705008962088,196.1636700818673,0.1352127154374279,0.029467899333948108,0.06646231402630935,0.17546483501983717,0.3918670314591647,0.3122819382135025,0.4484810537685273,16.737459587232046,13.609288890559903,18.62234623045054
Cultivar-aware PLSR,SRF,20,shrunken_affine,batch_macro,500,1156.0,176.61048959469974,3.3844947910456247,171.01396313884086,183.85682096383013,-0.10274534464805586,0.04578210803053941,-0.20372881280624708,-0.03460391667302428,0.004982477515003272,-0.01838250202851701,0.025260020150535547,21.598825413752447,18.28156562781794,23.95172474138395
Cultivar-aware PLSR,SRF,20,shrunken_affine,pooled,500,1156.0,180.36644506067574,3.669060438114909,174.43557089559306,187.92032267546372,0.21733465985572895,0.03246389763206855,0.1456361529398426,0.2656976145113073,0.42261480885755714,0.343646784024384,0.4768968480061021,20.795850929413238,17.340800990898984,23.248421664835295
Cultivar-aware PLSR,SRF,40,intercept,batch_macro,500,1056.0,183.3724812194627,2.1458838549871793,179.3379371705087,187.57767796161636,-0.20807499145347733,0.024844796183286583,-0.26523514127233705,-0.16734100987385245,-0.00535864021670516,-0.024602916040635317,0.01155163485890339,18.145291632682245,15.753678478878394,19.41140630170298
Cultivar-aware PLSR,SRF,40,intercept,pooled,500,1056.0,187.8428425727592,2.232480279538001,183.99709721365204,192.735957966065,0.15064221326933394,0.019022918113435962,0.10634428846601542,0.18042231039794757,0.39139812279969494,0.332169526331619,0.4325159042876894,17.550699006591454,15.468606080787191,18.795984804852427
Cultivar-aware PLSR,SRF,40,shrunken_affine,batch_macro,500,1056.0,172.7069634878312,2.4456522865472152,168.26148717814192,177.74556313489236,-0.053661352350792633,0.02751532201143414,-0.1267112798261978,-0.010477178484858733,0.010282034994549636,-0.010639805243914722,0.027414090017005385,23.403007823393214,21.017220940549084,25.025795425226512
Cultivar-aware PLSR,SRF,40,shrunken_affine,pooled,500,1056.0,176.3934313030379,2.575435195717638,171.89654230027568,181.84024492738956,0.25098218590974486,0.020768076391780497,0.2002061724720852,0.2833423114319621,0.43142895654473784,0.3775987701397471,0.4703529011271389,22.5768087004864,20.15113694334869,24.199348069122777
Cultivar-aware PLSR,SRF,80,intercept,batch_macro,500,856.0,182.20296614274034,2.8009268357978887,176.73656176289663,187.994019844844,-0.19438450337936475,0.02577129736394756,-0.24504934508357723,-0.14749925504666336,-0.006086503897457921,-0.03290566401930065,0.02411516005272861,18.65467923672161,16.424964993833147,20.28893112759892
Cultivar-aware PLSR,SRF,80,intercept,pooled,500,856.0,187.09693476699078,2.5212164888131054,182.2211514240482,192.05992052845806,0.1552390017788166,0.019079752783969495,0.11401745202326924,0.18639227444489473,0.38956254376093225,0.35288414497903403,0.41873573389030067,17.985821077185378,16.21537737202132,19.371853550888897
Cultivar-aware PLSR,SRF,80,shrunken_affine,batch_macro,500,856.0,170.26601708635005,2.607203557420937,165.46892869641027,175.62518129857494,-0.023546169617570372,0.01740491949361588,-0.06432830551324685,0.003011953552846246,0.01609446644563337,-0.002618206823022271,0.02839511438510429,24.52112350048386,22.164631192907102,26.249492288041946
Cultivar-aware PLSR,SRF,80,shrunken_affine,pooled,500,856.0,174.11584281382403,2.4955354983025217,169.25403672586506,178.7937015507634,0.26840416715311083,0.016877169098092473,0.22895394290441082,0.2956232123794638,0.43690073507961996,0.40741380617347417,0.4609856294180216,23.675865510896077,21.79183429707145,25.23435891116688
Deep-kernel ensemble,AF,0,none,batch_macro,1,1256.0,42.08246599147999,,42.08246599147999,42.08246599147999,-0.49971488363923877,,-0.49971488363923877,-0.49971488363923877,0.058824549243689586,0.058824549243689586,0.058824549243689586,0.0,0.0,0.0
Deep-kernel ensemble,AF,0,none,pooled,1,1256.0,44.60678558869698,,44.60678558869698,44.60678558869698,-0.13284722384098635,,-0.13284722384098635,-0.13284722384098635,-0.024040666274049084,-0.024040666274049084,-0.024040666274049084,0.0,0.0,0.0
Deep-kernel ensemble,AF,5,intercept,batch_macro,500,1231.0,37.987387280272394,2.0057128067363603,35.3962328467242,42.93358385903667,-0.22795420601497254,0.16522253453041133,-0.6055078812306322,-0.04315664253024865,0.07578119168062776,0.0594073392618474,0.08608037781805192,9.068398504184735,-3.0908627166233855,15.515649398902365
Deep-kernel ensemble,AF,5,intercept,pooled,500,1231.0,40.626053005265305,2.8322797470243066,37.579994067875646,47.999552470739104,0.05617448706679047,0.148416808297228,-0.317290148139481,0.1980348515597974,0.32544325018259423,0.11441869139306568,0.43761117686468054,8.954113140007511,-7.972453578775916,15.831163119287671
Deep-kernel ensemble,AF,5,shrunken_affine,batch_macro,500,1231.0,37.920552883247375,2.055238100129323,35.126289514525126,43.50246872486004,-0.2233632165670216,0.16904627880727582,-0.6301982596306834,-0.030003282810816333,0.07427846673425957,0.039560732231191074,0.10711377495356272,9.307350562562911,-3.2863275815676074,16.147936483885054
Deep-kernel ensemble,AF,5,shrunken_affine,pooled,500,1231.0,40.59451157392045,2.9381983806973446,37.35391235589143,48.29356623163209,0.05729196341323589,0.15421023183520813,-0.3306572392593986,0.2058581004171734,0.3274146554804559,0.12157062599485428,0.4428345432525646,9.02489857341074,-8.382066225759212,16.332705420789527
Deep-kernel ensemble,AF,10,intercept,batch_macro,500,1206.0,36.47622947001708,1.0131874413535524,35.13240751208393,38.887633139484365,-0.11728285713615966,0.0716991411242744,-0.2977188655611982,-0.025927756723451413,0.08051644537727949,0.070036138659776,0.08981873468191376,12.764077139334796,6.701940932075342,16.165997990459513
Deep-kernel ensemble,AF,10,intercept,pooled,500,1206.0,38.9233846238369,1.2741547111429175,37.32571130614491,42.14491837852874,0.13880433236853876,0.06062416015630532,-0.03111458827156798,0.20867804468874093,0.34596370464680776,0.22234847594686763,0.43077213206129766,12.855479959645784,4.635278287669632,16.412022399773537
Deep-kernel ensemble,AF,10,shrunken_affine,batch_macro,500,1206.0,36.2178973074389,1.0417327914038792,34.730875956919746,38.7010358055243,-0.0989949986903182,0.07421365399107827,-0.2675441387784045,-0.0004695306628996428,0.0807959437822447,0.04910323900269695,0.11327685029242912,13.516144590506437,7.555971016567163,17.213965779568568
Deep-kernel ensemble,AF,10,shrunken_affine,pooled,500,1206.0,38.70581619012729,1.30317448501562,37.01354538122367,41.99492430850888,0.14836508129124226,0.06128159259094677,-0.017357038681721414,0.22292807224319328,0.35366911330885725,0.22629920393367664,0.4434095530900715,13.342749187689508,5.369116893687802,17.16624331852834
Deep-kernel ensemble,AF,20,intercept,batch_macro,500,1156.0,35.733082763899816,0.5925482904948263,34.78163074024095,37.052932505033745,-0.06959833397784868,0.039888291989684736,-0.16069714139260757,-0.018918395633592267,0.0828283327272835,0.07256926989567637,0.09335018313984003,14.536320672052106,10.951021526015763,16.537851766907192
Deep-kernel ensemble,AF,20,intercept,pooled,500,1156.0,38.175149830751565,0.7186197242867022,37.14387698539595,39.91012506032154,0.1740632081939652,0.032931332899736016,0.08411446049472006,0.21332608217058557,0.3578428910790711,0.2642362263883032,0.41835228884942766,14.623186905330078,10.105484928146335,16.67268213868518
Deep-kernel ensemble,AF,20,shrunken_affine,batch_macro,500,1156.0,35.31206803686819,0.6570005211538608,34.23355733262186,36.728192634587195,-0.04033684437424303,0.04425555806830475,-0.1482725956007973,0.023519097469920813,0.08398055720103993,0.05114773275106502,0.11467390472782381,15.74306953288068,11.748939736810685,18.274281139144577
Deep-kernel ensemble,AF,20,shrunken_affine,pooled,500,1156.0,37.79919633492098,0.8074466253933015,36.63151562384086,39.7036715282607,0.19018087197230152,0.03599780397854039,0.09194831047944847,0.23916884179951828,0.3716408170982185,0.26280777641186875,0.44239716836907284,15.46433042900323,10.48516359579994,18.034007107297832
Deep-kernel ensemble,AF,40,intercept,batch_macro,500,1056.0,35.273190817998994,0.47774557554860103,34.397318989621745,36.23015634784395,-0.04108066790478113,0.022690627256920278,-0.09066361892781993,-0.006056607523421114,0.08503871041874256,0.06610328931846454,0.10415483927396421,15.716061562620245,13.630884923658668,17.14212840402525
Deep-kernel ensemble,AF,40,intercept,pooled,500,1056.0,37.82345867726568,0.508316275675727,36.886022653937445,38.82348045588057,0.19592569330455334,0.01869312846028409,0.14645174461635113,0.22139207256476823,0.3626559441881393,0.3076998291702777,0.40405738437713634,15.729190555978548,12.897917567437728,17.018225953225368
Deep-kernel ensemble,AF,40,shrunken_affine,batch_macro,500,1056.0,34.67433053161511,0.5044015047286619,33.75201922700497,35.675596778414764,-0.0009170458988804125,0.025970104465189964,-0.06118906700622986,0.03753856736859539,0.0851207987125901,0.0560364147771421,0.10649087802135425,17.37607041442357,15.287451227351895,18.994762420463644
Deep-kernel ensemble,AF,40,shrunken_affine,pooled,500,1056.0,37.263870040242736,0.5515533106687854,36.21322283211254,38.38707907173155,0.2195261446630943,0.02004955633949668,0.17341328229658054,0.24813168432304922,0.3819676245071839,0.31843868692289123,0.4311986572993423,16.976341019833267,14.463887318917227,18.393310184097867
Deep-kernel ensemble,AF,80,intercept,batch_macro,500,856.0,35.05826022519435,0.7208088972803808,33.7102229348589,36.592922172999465,-0.030883364972818975,0.02146321288693817,-0.07245291617788888,0.006814167608419939,0.08533814177843194,0.059527295464789756,0.11427866252553899,16.273129887082487,13.883529078003226,18.387437775133236
Deep-kernel ensemble,AF,80,intercept,pooled,500,856.0,37.96276716081545,0.7484338488419494,36.55547828764501,39.53030717574326,0.2040261866215749,0.015319544233503122,0.16895101892108869,0.23018070517597233,0.362604784256893,0.3277223149676854,0.39083102517269586,16.16607558142747,14.404920333655685,17.63905340665171
Deep-kernel ensemble,AF,80,shrunken_affine,batch_macro,500,856.0,34.34516285443307,0.7227304082566095,33.010512805425726,35.88438973998733,0.017105534816782505,0.019049409084335632,-0.022370404562075945,0.047397008485595145,0.08565385539492322,0.0633337570117299,0.10196315139278454,18.239140610041797,15.665187106483094,20.478036647572818
Deep-kernel ensemble,AF,80,shrunken_affine,pooled,500,856.0,37.291822194733484,0.7639484666287524,35.86377946890033,38.910216627593734,0.23188969126141667,0.017096648488233973,0.19401769710117334,0.26088483865360246,0.3873066460109727,0.34068959345202066,0.41959278140900597,17.647754340414114,15.593839212777983,19.318862136876653
Deep-kernel ensemble,F6,0,none,batch_macro,1,1256.0,53.648870803801,,53.648870803801,53.648870803801,-0.5305704786270492,,-0.5305704786270492,-0.5305704786270492,0.021771513315324894,0.021771513315324894,0.021771513315324894,0.0,0.0,0.0
Deep-kernel ensemble,F6,0,none,pooled,1,1256.0,55.780700001980335,,55.780700001980335,55.780700001980335,-0.1925808099101718,,-0.1925808099101718,-0.1925808099101718,-0.10964479230458024,-0.10964479230458024,-0.10964479230458024,0.0,0.0,0.0
Deep-kernel ensemble,F6,5,intercept,batch_macro,500,1231.0,48.24161028323558,2.2956782564409415,44.91461875494053,53.874961882597916,-0.19745856248285323,0.1305398367591889,-0.5177900829464002,-0.019914757770848134,0.02892142317103001,0.020565428728506033,0.0344131284808673,10.26237332867702,-0.2919371549180637,16.646634158154978
Deep-kernel ensemble,F6,5,intercept,pooled,500,1231.0,51.19411658777934,2.89592412269787,47.446795911770344,59.19023395834739,-0.00700637728114598,0.12196245975238916,-0.3494214939800652,0.1401140452880723,0.23212839939403263,0.05839425587424304,0.3465820883108383,8.26451456088828,-6.3554089283314426,15.035388662262456
Deep-kernel ensemble,F6,5,shrunken_affine,batch_macro,500,1231.0,48.38556213322055,2.452260367631852,44.70779715482164,54.01436911485694,-0.20519972022370966,0.1364190080538464,-0.5243022858847787,-0.008814597684063482,0.03327006566812351,-0.005007585192859602,0.06389316725841891,10.02797479822631,0.19959398599410066,17.02015459881312
Deep-kernel ensemble,F6,5,shrunken_affine,pooled,500,1231.0,51.34833646012385,3.209672758564226,47.19902770868111,59.140769856288145,-0.013834087422857909,0.13828046554937948,-0.34489678168960985,0.1484913708572502,0.23631801036683694,0.050768725387670195,0.3617069480156992,7.987322310303691,-6.192394752930929,15.487035624946268
Deep-kernel ensemble,F6,10,intercept,batch_macro,500,1206.0,46.286448506647815,1.293691170385859,44.51267987294196,49.37730460255066,-0.0915379949002098,0.06861725076228749,-0.2580493407554829,-0.005153054631651391,0.030831976397626457,0.024688444271937532,0.03560618572502434,13.949693587813547,8.10250759696073,17.285896096830626
Deep-kernel ensemble,F6,10,intercept,pooled,500,1206.0,49.0696677999862,1.590562748853242,47.127721450058594,52.94745877587402,0.0785577458049384,0.06332205604952748,-0.06784946674249885,0.15149430454936677,0.2521578201987854,0.11499213747469948,0.3353200823052882,12.143924143794361,5.393571717814928,15.614344213271801
Deep-kernel ensemble,F6,10,shrunken_affine,batch_macro,500,1206.0,46.20060995570974,1.3643639041569713,44.27323007862793,49.79737027637331,-0.08868059560372489,0.07119400934693812,-0.27795001088631877,0.006135371763018516,0.04279991164645731,0.007621330775568965,0.07285000113613217,14.126818102498216,7.85766387379427,17.823884563527695
Deep-kernel ensemble,F6,10,shrunken_affine,pooled,500,1206.0,48.91426480130277,1.7009094975804502,46.70676003297787,52.78246407325903,0.08425234479881123,0.06706578161552154,-0.07586669094115348,0.16768632906043263,0.26498350715284935,0.1188977223739654,0.3563762676518575,12.422407694109426,4.932615128275504,16.462235481713712
Deep-kernel ensemble,F6,20,intercept,batch_macro,500,1156.0,45.25078900000963,0.7288754368627076,44.167848398741526,47.09979145335639,-0.04064417141660115,0.03334323557340719,-0.11446324945693948,0.00617910162834201,0.03187543645569138,0.025343503618741728,0.03821340324825269,15.819157905453196,12.144075948529482,17.731479113545824
Deep-kernel ensemble,F6,20,intercept,pooled,500,1156.0,48.02302101341852,0.885638195200093,46.82687188756313,50.082784012578934,0.1183615406929592,0.03439531287698144,0.03293107632118727,0.15804357070986938,0.26266389530765943,0.17120553622740778,0.3240946655909792,14.037329940313475,9.97840494360259,15.980424910508356
Deep-kernel ensemble,F6,20,shrunken_affine,batch_macro,500,1156.0,45.01410838157666,0.8004260838060365,43.78532715186285,46.82013403409452,-0.031515205492525136,0.03664163934441261,-0.11025265194064303,0.02229094916020739,0.05335671246966689,0.01820453120381393,0.08039488199301204,16.274236982473614,12.780219122874906,18.443374231814087
Deep-kernel ensemble,F6,20,shrunken_affine,pooled,500,1156.0,47.6643135909582,0.9862726383453075,46.26727303831815,49.97206010856821,0.13142790745270322,0.037233777306435796,0.04380102680657227,0.17742936701195758,0.28603593835035995,0.1936506809888526,0.3495766709080086,14.679819404268493,10.352441802296214,16.969884721786908
Deep-kernel ensemble,F6,40,intercept,batch_macro,500,1056.0,44.69293800656018,0.5595456597934848,43.71161745942216,45.83114973387246,-0.015586445269301363,0.019932337383416616,-0.06528466884519955,0.01181814985775382,0.03225698636967746,0.023731319292657687,0.04059932920959783,16.84592812664032,14.562716830143462,18.309381934772546
Deep-kernel ensemble,F6,40,intercept,pooled,500,1056.0,47.58213114743963,0.5960973753773534,46.55457728623544,48.86450623078418,0.13790843314120468,0.019791730154739798,0.08401267827491359,0.161829858864541,0.26708139014186744,0.2103330235379599,0.3067576397136598,14.999999536805232,12.308361293743882,16.231267700590266
Deep-kernel ensemble,F6,40,shrunken_affine,batch_macro,500,1056.0,44.28586502755412,0.6014770427435983,43.168221416400854,45.61554400277675,0.0006671934281366587,0.02286445904205733,-0.054017136104276595,0.03326867279683913,0.06423956164906466,0.038220146001566736,0.08647506542749588,17.61297343287921,15.203246496459252,19.252129649106013
Deep-kernel ensemble,F6,40,shrunken_affine,pooled,500,1056.0,47.01257199451004,0.6549994607394662,45.86164255856502,48.564817725904454,0.15839925433528887,0.021672339195851115,0.10219705081477275,0.18616879285921534,0.3000090092080822,0.24159763837657747,0.3450530687786225,16.01760135708109,13.322304850132312,17.48281943165702
Deep-kernel ensemble,F6,80,intercept,batch_macro,500,856.0,44.45417560566875,0.7206893346099118,43.13324726535693,45.867558664023946,-0.004691952079269908,0.014300807901844388,-0.03620726205602164,0.018905522034634914,0.033027729071733083,0.01963627188805563,0.046071587117019565,17.3998441175434,14.804909928960196,19.408388675997628
Deep-kernel ensemble,F6,80,intercept,pooled,500,856.0,47.775610870559845,0.7591269514993991,46.31453565218025,49.32033022666083,0.14369959303982502,0.014651910590288971,0.11217512808600132,0.16577008276467506,0.2602643692055374,0.23031103947415052,0.28394809363341605,15.308226330136218,13.364572969978326,16.58056086079799
Deep-kernel ensemble,F6,80,shrunken_affine,batch_macro,500,856.0,43.92833588797276,0.7179514156867867,42.50303687245354,45.30784555323835,0.01689197424807561,0.01647701202819249,-0.02091653606424423,0.0420264795407329,0.07078008037587788,0.05242060336746453,0.08687098178326155,18.390994597712613,15.823909471851405,20.471400408110178
Deep-kernel ensemble,F6,80,shrunken_affine,pooled,500,856.0,47.04629236651384,0.7432689087451798,45.66095846955413,48.601885170246504,0.1696142480337686,0.015728199343818163,0.13408428898331531,0.19215365132818785,0.30115631426260586,0.264225973733897,0.3310748111617529,16.60039513387346,14.638306635174555,17.962385540901114
Deep-kernel ensemble,LS,0,none,batch_macro,1,1256.0,90.59005844373287,,90.59005844373287,90.59005844373287,-0.2899090662465644,,-0.2899090662465644,-0.2899090662465644,0.03858509264486086,0.03858509264486086,0.03858509264486086,0.0,0.0,0.0
Deep-kernel ensemble,LS,0,none,pooled,1,1256.0,92.11918905104419,,92.11918905104419,92.11918905104419,-0.09161781245501799,,-0.09161781245501799,-0.09161781245501799,-0.034569608069944656,-0.034569608069944656,-0.034569608069944656,0.0,0.0,0.0
Deep-kernel ensemble,LS,5,intercept,batch_macro,500,1231.0,87.43300176651137,4.574413830721417,81.54465263386054,98.39746829024855,-0.20417356505432543,0.15197875801124222,-0.6170561961460018,-0.027444770866796312,0.04016747134746248,0.0295180249836939,0.046785766043572465,3.1565986421817693,-9.983547702711329,9.858015222568131
Deep-kernel ensemble,LS,5,intercept,pooled,500,1231.0,89.6450023647512,5.3383663675245945,83.2992621577886,102.5103105047189,-0.037326190046415,0.13285144286734826,-0.3626585778024008,0.11063653983139869,0.21327541937279168,0.048001417297622556,0.32623073986484746,2.692537522433199,-11.824767840493363,9.720373395096415
Deep-kernel ensemble,LS,5,shrunken_affine,batch_macro,500,1231.0,87.54902391935515,4.69001648686474,81.4317198077918,98.52044122150862,-0.20900872770491016,0.1566149683230903,-0.6231136475566135,-0.02471324798421963,0.04219679153706495,0.0070250029347565185,0.07158819839104633,2.9992397224321232,-10.884887158293811,10.117370986565346
Deep-kernel ensemble,LS,5,shrunken_affine,pooled,500,1231.0,89.71408664024348,5.465211757823686,83.16040982927952,102.37363000374118,-0.0390941945807208,0.13594379254908354,-0.36012154282178865,0.11314065547928806,0.2175117456175148,0.045864894486801804,0.3357920818038251,2.617491524423113,-11.617753482328288,9.908291221273664
Deep-kernel ensemble,LS,10,intercept,batch_macro,500,1206.0,83.95252622717156,2.176780941855064,80.84366831515797,88.89079400110224,-0.09756186575024388,0.06608203651486981,-0.25954132494230875,-0.00869697247489965,0.04257344419046199,0.034326479966680756,0.04794760120634075,7.0784269382555545,1.2897454900565797,10.731042030432826
Deep-kernel ensemble,LS,10,intercept,pooled,500,1206.0,85.99385758968745,2.5023445658514354,82.62444405364963,92.32618911084596,0.04823027560462171,0.05805149422077333,-0.1041941639709392,0.12445932577581827,0.233287680928001,0.11977817229083756,0.3118828867993066,6.6606336312083005,-0.5027883629071019,10.466181449990323
Deep-kernel ensemble,LS,10,shrunken_affine,batch_macro,500,1206.0,83.83522067873967,2.2356693182112157,80.3903292433695,88.85524830968122,-0.09672083061270882,0.0687885695783804,-0.2586758663961044,-0.002284193533658362,0.04757171787860619,0.014917816257714184,0.07935952253714357,7.152964995175387,1.5917328287120922,11.131628863675408
Deep-kernel ensemble,LS,10,shrunken_affine,pooled,500,1206.0,85.76850422361063,2.5659352375476154,82.15639341426078,92.00383744146399,0.053188573238693686,0.058841019037897485,-0.09631680250775536,0.13466136460532208,0.2419378655300831,0.12095271549275063,0.3366072856281835,6.905701143763509,-0.23331788156854927,10.956809202357
Deep-kernel ensemble,LS,20,intercept,batch_macro,500,1156.0,82.04777689189267,1.3458120542908676,79.95517941748135,85.0258306922063,-0.044933435111702384,0.035286759711841774,-0.1263283781856544,-0.0016179110043504524,0.04400870646747601,0.035792083536980226,0.05149658996844052,9.24094862323145,5.810852790828565,11.202359717452717
Deep-kernel ensemble,LS,20,intercept,pooled,500,1156.0,84.03132030449437,1.4653518149519873,81.77866198240646,87.43203807364876,0.09326303081285094,0.033014755288213765,0.015371187376787387,0.1327957172687785,0.238111449538072,0.15690458826383982,0.29872088749616366,8.867551938172792,4.977622269767178,10.913200123106291
Deep-kernel ensemble,LS,20,shrunken_affine,batch_macro,500,1156.0,81.67640964387147,1.4854745324128655,79.33388579723457,85.24211252109797,-0.0377586594943784,0.039396556800668996,-0.1283000345409878,0.01918570036806987,0.05427592377941962,0.020493236648553518,0.08084550143525579,9.591608170156784,5.9239127563886536,11.939264338999902
Deep-kernel ensemble,LS,20,shrunken_affine,pooled,500,1156.0,83.51981051128026,1.6340020642937685,81.1265473640233,87.44637444138853,0.10420461395870284,0.03607036739726129,0.013062451511616339,0.153166831401545,0.2535619734680479,0.1652499758584337,0.32414478661902846,9.42249067578282,4.998244559369883,11.856173485352603
Deep-kernel ensemble,LS,40,intercept,batch_macro,500,1056.0,81.1214413059886,1.1006205774987545,78.99322868581001,83.32900260102645,-0.021743089204500504,0.0209373420545648,-0.07467867663124951,0.006723729729315676,0.04492548687326259,0.03612023334963564,0.054652737731832594,10.21802955020121,8.052676958410741,11.701924654864744
Deep-kernel ensemble,LS,40,intercept,pooled,500,1056.0,83.12928488293254,1.1077177494404569,81.32562357813764,85.67489913185464,0.11321048692569945,0.019894936822976453,0.06320951245409155,0.13886968758853935,0.24377954906275767,0.19129640772741435,0.2809968615992391,9.853336846679566,7.303696483023344,11.198297453286425
Deep-kernel ensemble,LS,40,shrunken_affine,batch_macro,500,1056.0,80.4332743843142,1.168028759852118,78.33581640480249,82.7768335479926,-0.006920536024670755,0.022831823761376796,-0.05959800773002285,0.025827243508309308,0.059428541877880145,0.03434942923870724,0.08064550519693114,10.905135338054942,8.505711552184804,12.43105745773526
Deep-kernel ensemble,LS,40,shrunken_affine,pooled,500,1056.0,82.25775840759522,1.2056190998783067,80.26379562157351,84.95972564972145,0.13168708822670785,0.021731857505671866,0.07666560783643532,0.16031300402522453,0.2670983259973629,0.20875459028762414,0.31545239026483757,10.798667867683164,8.05101120076895,12.281996786694325
Deep-kernel ensemble,LS,80,intercept,batch_macro,500,856.0,80.57466529288924,1.527161452542104,77.55292177983826,83.69169808938513,-0.011198143040369543,0.017446915435442956,-0.05169562922306811,0.014408038032866374,0.045923011118183914,0.02892756316385096,0.062097360139300894,10.862832650114912,8.110259461487894,12.729620971488485
Deep-kernel ensemble,LS,80,intercept,pooled,500,856.0,82.79054826781952,1.3139196742334083,80.16856931007061,85.26860001587026,0.12338450529688376,0.016779160395919222,0.08092067844609852,0.15039597620462647,0.24393164963249722,0.2143676580561158,0.26916989382828943,10.347019694376973,8.119558162316315,11.809689951977246
Deep-kernel ensemble,LS,80,shrunken_affine,batch_macro,500,856.0,79.68063896364642,1.5321738222439414,76.60576278246393,82.79708818731064,0.00858214179119156,0.018203006517942565,-0.03682764717106807,0.034641073350893066,0.063547355773535,0.04444577690957732,0.07935569362863348,11.770207136093953,8.984155161038647,13.759871263598994
Deep-kernel ensemble,LS,80,shrunken_affine,pooled,500,856.0,81.66878926498099,1.3325729533323214,79.12698928128005,84.29315236822964,0.1469540749240599,0.018178751836987663,0.10056105198057072,0.1753787179169666,0.2746469458764843,0.23651111610525571,0.30077869956032066,11.561430002079039,9.311726824172588,13.169666560051668
Deep-kernel ensemble,LW,0,none,batch_macro,1,1256.0,785.7176408410079,,785.7176408410079,785.7176408410079,-1.1867476767132599,,-1.1867476767132599,-1.1867476767132599,0.0271953272461787,0.0271953272461787,0.0271953272461787,0.0,0.0,0.0
Deep-kernel ensemble,LW,0,none,pooled,1,1256.0,798.129013557398,,798.129013557398,798.129013557398,-0.2555577154213946,,-0.2555577154213946,-0.2555577154213946,-0.15465891935287504,-0.15465891935287504,-0.15465891935287504,0.0,0.0,0.0
Deep-kernel ensemble,LW,5,intercept,batch_macro,500,1231.0,633.5557102331564,29.482405903227598,591.8775255822984,710.130924143617,-0.1760251227446087,0.12712485714701668,-0.5056902844738188,-0.012524456514713036,0.04179852933341777,0.03475442304457257,0.047489796885020724,17.768076433737704,8.288583138317653,23.26909968179775
Deep-kernel ensemble,LW,5,intercept,pooled,500,1231.0,670.7052596503535,36.73471895668809,624.0943361982792,769.1013483870689,0.11078739674401757,0.10243410667017765,-0.1760334280387006,0.2360591116248011,0.3558420774674065,0.17970960439853984,0.460601957686784,15.976650489567673,3.288077879634578,21.993552269909816
Deep-kernel ensemble,LW,5,shrunken_affine,batch_macro,500,1231.0,631.6069844123884,30.382531045255078,586.7577463896156,708.8823362055913,-0.17250877114506327,0.13085451060707798,-0.48934811252284055,-6.162540304546668e-05,0.05649566119300395,0.016852036484308722,0.0986758546326337,17.97343556040432,8.192373931993885,23.878361223941305
Deep-kernel ensemble,LW,5,shrunken_affine,pooled,500,1231.0,667.797133758086,38.34477375758611,615.5867877252895,772.3798251748955,0.11820373957766867,0.10636236501828832,-0.18090974001407378,0.25370386007425755,0.36806397538668223,0.1866109654102359,0.4787778809393798,16.340553866645507,3.091070275157293,22.935432299045846
Deep-kernel ensemble,LW,10,intercept,batch_macro,500,1206.0,610.9181894677505,16.189287271282936,586.6242049144824,648.0007371228951,-0.08306061192872773,0.06342186500311986,-0.23932438112636756,0.008761311910438644,0.04416007411504458,0.03782556821375434,0.04922773975800165,20.697979180990508,15.851399843120175,24.005597338452944
Deep-kernel ensemble,LW,10,intercept,pooled,500,1206.0,645.9896467364679,20.00081995341951,618.5007439575347,691.742518181057,0.17713787753386123,0.05313741649439558,0.05249006946444175,0.24824737797077365,0.3767382655171406,0.27599801745828595,0.45171764923555224,19.088444455950242,13.083448378639156,22.57535439763423
Deep-kernel ensemble,LW,10,shrunken_affine,batch_macro,500,1206.0,606.4199043380281,17.805430924978232,578.3402671443828,647.4405556039102,-0.07135328644224037,0.06776145615165327,-0.23554542202962248,0.02680278751039402,0.06780494940728826,0.02229063814745147,0.10717054982315335,21.22194790833047,15.598221405173641,24.83172167513573
Deep-kernel ensemble,LW,10,shrunken_affine,pooled,500,1206.0,639.6027469569332,22.309615408044102,606.6613847939196,693.7005941526447,0.19311330828106507,0.058641748860922355,0.046515690897693425,0.2748989504471554,0.39666633062425755,0.29192937313574024,0.473802594119038,19.888108487778535,12.787193274780517,24.002041873108173
Deep-kernel ensemble,LW,20,intercept,batch_macro,500,1156.0,596.9213702100795,10.047578250508337,581.4344977864841,620.2713342653226,-0.03239991533070949,0.03828038943335908,-0.12716843969664757,0.01662005059954284,0.04602138613155904,0.03967967822661759,0.052057837208790335,22.503457073475694,19.006400577190806,24.361764990200708
Deep-kernel ensemble,LW,20,intercept,pooled,500,1156.0,631.3085900772263,11.64527657323503,615.3576888084965,658.922218387619,0.21523274716086507,0.02980928406202194,0.1414002402125831,0.252411696344627,0.38604663777026943,0.313595634156379,0.4384290455474846,20.95928185833622,17.3881812438618,22.81917524872194
Deep-kernel ensemble,LW,20,shrunken_affine,batch_macro,500,1156.0,588.5728159432286,10.814104489890019,571.523616304688,612.3509822384921,-0.008640339290092685,0.0394967139797663,-0.10225253992952714,0.045884570590103084,0.08401919952465002,0.04125735910515462,0.11990304683154755,23.497944094910114,19.783134011743467,25.721459266084466
Deep-kernel ensemble,LW,20,shrunken_affine,pooled,500,1156.0,620.1302388444888,12.844937555160426,600.0021060472975,649.0614004789758,0.24272273926941212,0.03187535310073624,0.16374298632566245,0.2876127592125165,0.4181401240001442,0.33921854202593293,0.47864617200561255,22.359005427280255,18.446320289432336,24.70749791289436
Deep-kernel ensemble,LW,40,intercept,batch_macro,500,1056.0,588.6998516498575,6.839943815256746,575.0628154638913,602.3140114584105,-0.0039047755618806692,0.018158575370502233,-0.04823846857250426,0.020456199070473465,0.04720088563281574,0.03855436449115424,0.05597674290398871,23.57274308484966,21.56584705657954,24.93070942893244
Deep-kernel ensemble,LW,40,intercept,pooled,500,1056.0,624.5112877084973,7.554177245008903,610.4358805427426,641.0350757739163,0.23301575195148158,0.016088695886591883,0.1930971688583731,0.25626219935062533,0.39107665547314296,0.3440186167549032,0.4210365074202833,21.855831807263126,19.89228035297916,23.13639033241725
Deep-kernel ensemble,LW,40,shrunken_affine,batch_macro,500,1056.0,577.4901602204767,7.613071223791823,562.6849860967355,592.4794707069191,0.028231805290275667,0.02052612053030147,-0.019574350098194117,0.0579143771703018,0.09865341594344493,0.06233185326379873,0.12581395832834555,24.92348862737957,22.869583069135434,26.40551992489655
Deep-kernel ensemble,LW,40,shrunken_affine,pooled,500,1056.0,609.6181486616293,8.512196119595835,593.830267713428,627.8154325086025,0.2691416839714745,0.017785394779797663,0.2274353415300304,0.2946298705050206,0.4339107823063305,0.37843894925905613,0.47250024713723243,23.719647140746545,21.496592608171788,25.19858983615138
Deep-kernel ensemble,LW,80,intercept,batch_macro,500,856.0,585.7043432674919,8.09435842091076,570.2284713772817,602.3292081177874,0.004249422946473759,0.014014722725329836,-0.02780548847934195,0.025925057261848204,0.04716376987810673,0.03328326722392403,0.0614813913997881,24.013451196410816,21.806398245192995,25.609252356099866
Deep-kernel ensemble,LW,80,intercept,pooled,500,856.0,626.478919592323,8.000482970941938,611.7791163409238,642.3184574223242,0.23098594561460176,0.014620708282775131,0.19365157295325966,0.25511733781409235,0.38110051266612677,0.3524944424803559,0.39975898353770684,21.789161867322235,19.724371661551043,23.16047047825383
Deep-kernel ensemble,LW,80,shrunken_affine,batch_macro,500,856.0,572.1782943131637,8.403860741689977,557.1776318982571,589.4484233264135,0.04341153267160152,0.01630727768950375,0.002957050790285411,0.0682296137036501,0.11111611032265213,0.08997243382060005,0.12814828366778827,25.658202221963432,23.3228842605079,27.23228143807909
Deep-kernel ensemble,LW,80,shrunken_affine,pooled,500,856.0,608.2789676724261,8.2840983305024,593.4869441248422,625.2535876315146,0.27500540185615485,0.01524419615789301,0.2391737618664298,0.29941342760933914,0.43539266271168686,0.4046387292778412,0.4596807273316032,24.061485732882144,22.12186465071484,25.53959116642027
Deep-kernel ensemble,MFF,0,none,batch_macro,1,1256.0,53.08580381370715,,53.08580381370715,53.08580381370715,-0.6403007403248029,,-0.6403007403248029,-0.6403007403248029,0.03866441135709413,0.03866441135709413,0.03866441135709413,0.0,0.0,0.0
Deep-kernel ensemble,MFF,0,none,pooled,1,1256.0,55.71241696494652,,55.71241696494652,55.71241696494652,-0.1495442923350938,,-0.1495442923350938,-0.1495442923350938,-0.05926808435506328,-0.05926808435506328,-0.05926808435506328,0.0,0.0,0.0
Deep-kernel ensemble,MFF,5,intercept,batch_macro,500,1231.0,47.220325744472596,2.575438833668418,43.95078458559568,53.52419082330547,-0.19786986562741013,0.14675726741038445,-0.5658508001808527,-0.017895747966351995,0.05105034420875779,0.04014556699551284,0.0590158816131567,11.34390066888901,-0.026457989681564237,17.535429892465864
Deep-kernel ensemble,MFF,5,intercept,pooled,500,1231.0,50.93640480525622,3.506444011589223,46.9445047500173,59.688843167544704,0.034805391181601815,0.14593579431389248,-0.3378012627997755,0.18296331910327598,0.28968971086153633,0.0937788916504755,0.41434655471013904,8.601934833419557,-7.816965876616832,15.765112701059586
Deep-kernel ensemble,MFF,5,shrunken_affine,batch_macro,500,1231.0,47.43321653799082,2.6850913393895417,43.93105174780392,54.09243778540799,-0.2101543414167582,0.15527312363739273,-0.6112286387513857,-0.024968567309673097,0.05137006337154695,0.018264111886104384,0.07686065866761739,10.949046973800897,-1.1147513009164738,17.50761335250886
Deep-kernel ensemble,MFF,5,shrunken_affine,pooled,500,1231.0,51.138153156641025,3.6620892325669017,46.879835077991345,60.46352181159967,0.026745283207021697,0.1532037562138985,-0.3658583882612214,0.18517032870220454,0.29083440771695857,0.09284085924826023,0.4196739387163618,8.239356426846767,-9.059766589561788,15.818220558339167
Deep-kernel ensemble,MFF,10,intercept,batch_macro,500,1206.0,45.067119978520324,1.1512204810685067,43.54184289182639,47.84893231151647,-0.08027399887382965,0.061895027413668924,-0.23840236589028133,-0.0006975281243581787,0.05444281615786366,0.04702524111025652,0.06100488057359628,15.322345539908953,9.92269334876752,18.337772333069356
Deep-kernel ensemble,MFF,10,intercept,pooled,500,1206.0,48.41482934961476,1.5882600886822484,46.64361034467672,52.0981334744753,0.1330363706231082,0.062335307083520204,-0.008824981929088628,0.19663658365966982,0.32334554744444904,0.20397611691950843,0.4067122403094925,13.202497511679006,6.3741965059352435,16.40943275781862
Deep-kernel ensemble,MFF,10,shrunken_affine,batch_macro,500,1206.0,45.17439228219432,1.18105164050288,43.44873243061761,48.01518157661566,-0.08562133778256771,0.0645932348173428,-0.2407313442319874,0.001849249732050375,0.05426171545712829,0.021803004051364025,0.07997271203063179,15.13191013759447,9.811254270525026,18.37135678950133
Deep-kernel ensemble,MFF,10,shrunken_affine,pooled,500,1206.0,48.48981333922232,1.6251231181760473,46.46117899764702,52.14912822960704,0.13030565378590198,0.06360225735680528,-0.011956461695193661,0.2031605286627655,0.32742648284062076,0.19432266712705912,0.4136193923272343,13.067840141552809,6.285011605805237,16.73207335472119
Deep-kernel ensemble,MFF,20,intercept,batch_macro,500,1156.0,44.255938352846854,0.7463696675993292,43.17365208205255,45.95831851281982,-0.039267203453725454,0.035010892030487385,-0.1312513976070065,0.008348697853555308,0.05611829665113697,0.04726077249153757,0.0648530807187635,16.885406379732537,13.349412861959497,18.74343696638023
Deep-kernel ensemble,MFF,20,intercept,pooled,500,1156.0,47.60390850182339,0.9691306922198845,46.39555218564582,50.10157532799711,0.16439226258716072,0.03648448679589231,0.061485844856799365,0.2033581582630139,0.33033876220568376,0.23957583405826083,0.3966574738827288,14.750706451409195,9.73305902939012,16.715869466276803
Deep-kernel ensemble,MFF,20,shrunken_affine,batch_macro,500,1156.0,44.30503698589927,0.7828727662628238,43.119688802973116,46.055327487072546,-0.04186334342318244,0.037547226267187386,-0.12973080804350032,0.012026859810077627,0.057200572704501636,0.0244097750600083,0.08264135419640324,16.81872417995798,13.134414580586087,18.95852594999538
Deep-kernel ensemble,MFF,20,shrunken_affine,pooled,500,1156.0,47.59116217992598,1.011846436495645,46.24532814911183,50.03917995453365,0.16481177669415603,0.03771289987872671,0.07274826270770561,0.21066485988182035,0.3382498096935541,0.24325317050451548,0.40848463658046474,14.773457192742194,10.2121506932628,17.100457820256622
Deep-kernel ensemble,MFF,40,intercept,batch_macro,500,1056.0,43.6479538756311,0.5279212285840266,42.682305732896864,44.74602025024831,-0.010855654884641576,0.020636102918502108,-0.06014112283713621,0.018984303090021967,0.057761511923477386,0.04440057243854183,0.07124474389272925,18.011214825091056,16.12677300854108,19.43998788588539
Deep-kernel ensemble,MFF,40,intercept,pooled,500,1056.0,47.10080580312099,0.5895225487690149,46.177074699918364,48.57513515390958,0.18708276865854565,0.017659058114872662,0.14546993891742876,0.20921337129022094,0.3352823824099735,0.27188968070972314,0.3777539440235046,15.888339217943516,13.437234913889302,17.084941036805525
Deep-kernel ensemble,MFF,40,shrunken_affine,batch_macro,500,1056.0,43.62215499078863,0.5522977604240548,42.66133354149717,44.79649049839775,-0.00955850203553145,0.02253148501471321,-0.0614158341068481,0.023776530753814848,0.058660410176498944,0.03322616232978065,0.0772558060139706,18.088789807007107,16.230707379541933,19.608613708756515
Deep-kernel ensemble,MFF,40,shrunken_affine,pooled,500,1056.0,46.99910103509822,0.6478063441518686,45.949862701732805,48.58429650097534,0.19057619658519162,0.019397909698593264,0.13989490525845247,0.21825229158185577,0.34581746080893483,0.27140355587129517,0.39352433041810514,16.070213791884854,13.55200264836019,17.56199282773726
Deep-kernel ensemble,MFF,80,intercept,batch_macro,500,856.0,43.32433561460285,0.7521519191677544,41.90260302242541,44.78735305813907,-0.0016450706812171252,0.01844937704991899,-0.043829910942158046,0.030370188114220455,0.05862755484409614,0.03878889978443483,0.08288173373318275,18.55520875163708,15.877459170303291,20.73545643822492
Deep-kernel ensemble,MFF,80,intercept,pooled,500,856.0,47.21295857411013,0.7407496522367969,45.89485369820536,48.79576879019857,0.19154139422347863,0.01692764903255097,0.15082291486248295,0.21568622592758133,0.3343072840228643,0.3036824765445124,0.36248076868894924,16.132738247352084,13.997368329464413,17.55253544858808
Deep-kernel ensemble,MFF,80,shrunken_affine,batch_macro,500,856.0,43.187062781903585,0.76312934128334,41.71525030650089,44.69923620838885,0.0049073304627630905,0.018387276142147184,-0.03979820557740031,0.03197840727430756,0.06192909977325749,0.0433188230153224,0.07590055632594243,18.84466664675971,16.15985136082793,21.021823882781007
Deep-kernel ensemble,MFF,80,shrunken_affine,pooled,500,856.0,46.96890152151378,0.7541978325531278,45.634003762877285,48.57703681853396,0.19985951610738512,0.018050679335557488,0.1608324718676602,0.2254075499513498,0.3505404449055783,0.31580049813288447,0.3825337743582368,16.566050767086715,14.290899984890345,18.08876754123706
Deep-kernel ensemble,PFD,0,none,batch_macro,1,1256.0,214.53612460083568,,214.53612460083568,214.53612460083568,-0.8676408954172544,,-0.8676408954172544,-0.8676408954172544,0.027560523190651404,0.027560523190651404,0.027560523190651404,0.0,0.0,0.0
Deep-kernel ensemble,PFD,0,none,pooled,1,1256.0,216.05080456485155,,216.05080456485155,216.05080456485155,-0.22866860517651277,,-0.22866860517651277,-0.22866860517651277,-0.09698202992395537,-0.09698202992395537,-0.09698202992395537,0.0,0.0,0.0
Deep-kernel ensemble,PFD,5,intercept,batch_macro,500,1231.0,177.55202231226187,8.316864515882683,165.12266460830975,196.89321486565078,-0.1940460657855129,0.12629256184529322,-0.48877193766800175,-0.023863319207908924,0.04093223825942634,0.031336825023894996,0.04756250562324808,16.147858964347105,6.332676414537287,21.9677795445683
Deep-kernel ensemble,PFD,5,intercept,pooled,500,1231.0,182.52859201532675,9.9956438981556,169.16558519875642,208.96027061136817,0.12028766274104977,0.10013207203878557,-0.1460454846117397,0.24603748798175443,0.37118246111959746,0.17658181127919662,0.47927744313437687,15.510628571611718,3.3235628785236937,21.62117665423144
Deep-kernel ensemble,PFD,5,shrunken_affine,batch_macro,500,1231.0,178.00408553978153,8.543772941878427,165.00381885372903,197.2844378200792,-0.20164078872172408,0.13284413921530622,-0.4993130321282776,-0.01622290899838186,0.04438521660702471,0.010259692225534836,0.07628584483966191,15.959972942366026,5.980405631376797,22.168796488441483
Deep-kernel ensemble,PFD,5,shrunken_affine,pooled,500,1231.0,182.88014863361064,10.28282741254021,168.74623603479003,208.63684024192517,0.11675496777283045,0.10326437234537968,-0.15048238159898764,0.2521209089068139,0.37175793204833246,0.15841337091718227,0.48434331904219574,15.347912322618752,3.2315024507170005,21.976375498838742
Deep-kernel ensemble,PFD,10,intercept,batch_macro,500,1206.0,170.40189079468618,4.649516059130599,164.07166719419573,181.27404848083728,-0.09124921842817402,0.06777008556794346,-0.2531626095978137,-0.004079968328715353,0.043284945173092775,0.03630776239547705,0.04881619771325751,19.520787344396844,14.454516132364674,22.667372037101533
Deep-kernel ensemble,PFD,10,intercept,pooled,500,1206.0,174.78311852026988,5.277354869628453,167.99697575894547,187.72813006331654,0.19488591752775214,0.05117951193479122,0.07075024631621413,0.2592906366528222,0.39990456007961833,0.2600212098969362,0.475938361204589,19.076506267041808,12.95905839216215,22.306437462372177
Deep-kernel ensemble,PFD,10,shrunken_affine,batch_macro,500,1206.0,170.2902096930504,4.774482443494511,163.15068570690275,181.51152923100238,-0.08971840341670514,0.0699894596370055,-0.25385250896198835,0.004663559460818699,0.04933784692397519,0.016621682515364687,0.07730324766168117,19.64991755046104,14.672128829323581,23.08807760210552
Deep-kernel ensemble,PFD,10,shrunken_affine,pooled,500,1206.0,174.43713698580166,5.459164603560188,166.91911709914086,186.8493266122774,0.19802663752884786,0.05260660846676759,0.06866802142820885,0.2665718761305253,0.4054111192023544,0.26876312075428416,0.4821746841687226,19.2368725890277,12.978910119748301,22.739279342829875
Deep-kernel ensemble,PFD,20,intercept,batch_macro,500,1156.0,166.77539377438208,2.5515310483666713,162.90249816331396,172.78398272993186,-0.0428575489598131,0.03420352231021484,-0.12569571282112574,0.0024962719403788525,0.04489704826525192,0.03805232409960381,0.05269891059340169,21.222879599418114,18.44542310233565,23.01118378175428
Deep-kernel ensemble,PFD,20,intercept,pooled,500,1156.0,171.01628743678552,2.809056305072659,166.97544826392775,177.77387873992654,0.22978620966936647,0.02638520414295205,0.1625572493888818,0.2645013835870131,0.4086178544393058,0.3290841875843084,0.4639179188360565,20.813228988183468,17.54932732942281,22.620777622766205
Deep-kernel ensemble,PFD,20,shrunken_affine,batch_macro,500,1156.0,166.11794821511398,2.7625680337323697,161.92436844561962,172.47247027847854,-0.03421133815416524,0.03675019088140515,-0.12484404057951447,0.015501888291916583,0.05683587427251279,0.023847303909818766,0.08449748273535125,21.63389316452693,18.449114384184455,23.46658696221742
Deep-kernel ensemble,PFD,20,shrunken_affine,pooled,500,1156.0,170.02515850830096,3.135297722180558,165.31171030328082,177.6015308326938,0.23864397410027685,0.028831816241236895,0.16843416035135236,0.2774134100498824,0.4200387772437871,0.33143981871210576,0.4759787251429597,21.27207969787757,17.667842790446954,23.257773053646964
Deep-kernel ensemble,PFD,40,intercept,batch_macro,500,1056.0,164.8638681479177,1.8856591148273094,161.38822666275811,168.71465524776607,-0.01925120198197027,0.019138796596420656,-0.06591373805851622,0.007918888777723062,0.04534932357687563,0.035496504992484114,0.05553635781996951,22.12936126135894,20.153019108803896,23.40412111526328
Deep-kernel ensemble,PFD,40,intercept,pooled,500,1056.0,169.1859511194568,1.9596421939402335,165.88256624980193,173.80092098247016,0.24633420110991225,0.016116396506148278,0.2082305992747302,0.26880962968957284,0.41487801588475837,0.36671680025600545,0.45196363247277743,21.66045783058793,19.702931377743443,22.899542927474794
Deep-kernel ensemble,PFD,40,shrunken_affine,batch_macro,500,1056.0,163.68523022055876,2.01591325447461,159.95514937793072,168.05801038040462,-0.0035753087983258613,0.020991584902295052,-0.053116513123995616,0.02596377234285148,0.06309147946039444,0.035429447297379416,0.08486504531881724,22.8071625895512,20.673760998131925,24.27401794374405
Deep-kernel ensemble,PFD,40,shrunken_affine,pooled,500,1056.0,167.61963212555392,2.183569469234678,163.82989001228157,172.79444578740507,0.26019628833993247,0.018216874995639624,0.21727486819651778,0.28665953564871616,0.431943115442496,0.38017070234120026,0.46865409656851953,22.385522303580686,19.996211483267025,23.866963927534986
Deep-kernel ensemble,PFD,80,intercept,batch_macro,500,856.0,163.71716278610182,2.5179968405466755,158.72851290655686,168.60673785057867,-0.00870133056750252,0.015547680429630704,-0.043886402249386156,0.01745208918429896,0.04645994767774096,0.03014378822180167,0.0636240453184399,22.597359964229458,20.29733169006699,24.27854302453436
Deep-kernel ensemble,PFD,80,intercept,pooled,500,856.0,168.4970106767784,2.3949781223158144,163.609615704407,172.83583469136917,0.2525370685026165,0.015547760383166274,0.2177664546102454,0.2770678258681896,0.41433121569842946,0.38185982141474306,0.43844286736655314,21.934331610914395,20.008896777479407,23.41249165641933
Deep-kernel ensemble,PFD,80,shrunken_affine,batch_macro,500,856.0,162.0648291828412,2.57926555978512,157.19506450222744,167.07343725754328,0.012699673006795108,0.015910163315818963,-0.02266558937545302,0.03811133822742829,0.0679610791022754,0.04977286176229832,0.08190794064284758,23.509915548884123,21.173506648243148,25.260576164493575
Deep-kernel ensemble,PFD,80,shrunken_affine,pooled,500,856.0,166.26176588609343,2.4708602028288427,161.3863347006044,170.87865201238827,0.2722353650101511,0.015853552164272464,0.23986947182095883,0.2995982404182388,0.43609505469956833,0.4024345222977956,0.45928986325557525,22.970137430271496,20.987816289323014,24.609438260630018
Deep-kernel ensemble,PRW,0,none,batch_macro,1,1256.0,603.755451775531,,603.755451775531,603.755451775531,-0.5784386297225437,,-0.5784386297225437,-0.5784386297225437,0.05059148337461106,0.05059148337461106,0.05059148337461106,0.0,0.0,0.0
Deep-kernel ensemble,PRW,0,none,pooled,1,1256.0,629.7797452017281,,629.7797452017281,629.7797452017281,-0.12574820286732558,,-0.12574820286732558,-0.12574820286732558,-0.021201676537612013,-0.021201676537612013,-0.021201676537612013,0.0,0.0,0.0
Deep-kernel ensemble,PRW,5,intercept,batch_macro,500,1231.0,549.1007051673864,25.686858573241867,514.2150841201417,617.3602322555182,-0.1731453616599143,0.12961136907824322,-0.5025968013723803,-0.016632356249400206,0.06799885374029684,0.05563133189270249,0.07812776659072145,9.322294776732344,-2.2027104342749286,15.1846408056075
Deep-kernel ensemble,PRW,5,intercept,pooled,500,1231.0,592.1891134141791,33.80580445358704,551.3093842423838,681.492686215528,0.0022934773833371757,0.12265422770257908,-0.3280028452583853,0.14111791337568452,0.23981023430764684,0.06978820946892643,0.3496260153469751,6.036516396491683,-8.70769674885727,12.65656708755466
Deep-kernel ensemble,PRW,5,shrunken_affine,batch_macro,500,1231.0,549.7570008077292,27.228538219118626,511.68990922216057,622.9395783097341,-0.1768011203574782,0.13968586402597705,-0.5349027601065633,-0.006630317212239589,0.07217011961447832,0.03497792925815144,0.10608311913070292,9.189287438744907,-3.6807633591745774,15.5206391302624
Deep-kernel ensemble,PRW,5,shrunken_affine,pooled,500,1231.0,592.9364766746814,35.72491474459754,548.305725064389,690.1399690984405,-0.0006166632704216577,0.13007116691710222,-0.3665186366536955,0.14612592628134768,0.24476143322510743,0.07461984960213928,0.35602615819979744,5.917667574514779,-10.2313867197865,12.982689224746725
Deep-kernel ensemble,PRW,10,intercept,batch_macro,500,1206.0,530.2294607936102,14.708154238587753,509.8284990053221,565.6921853182687,-0.08329813702654718,0.06690128199281983,-0.26233138547304374,0.004869774413780343,0.07245929320770417,0.06188497605413052,0.08085387175020861,12.46888377486112,6.506117545323399,15.938510680169593
Deep-kernel ensemble,PRW,10,intercept,pooled,500,1206.0,572.2424757606219,18.860613456766945,547.8268390481225,617.1926647349787,0.07059346275640065,0.06414943898953582,-0.08979231381990382,0.15077809246383775,0.25906419023128485,0.1400600382093541,0.33930796812258585,9.208964081060591,1.5636806388461548,13.190358704700722
Deep-kernel ensemble,PRW,10,shrunken_affine,batch_macro,500,1206.0,529.3463031544497,15.42679328770023,506.66550674090263,567.2746002183624,-0.07945837836003665,0.06991490041972707,-0.2518387990244246,0.016026967387401503,0.07890705130199258,0.03776461064978037,0.11194007929317205,12.584285976338377,6.554686834173844,16.421992437573593
Deep-kernel ensemble,PRW,10,shrunken_affine,pooled,500,1206.0,570.9035701831824,19.690419471278393,543.483578704412,617.088711216676,0.07483376205149486,0.06673798698012312,-0.09321052530969975,0.16425944071663628,0.2693118070893885,0.15029324303849026,0.3540292566839638,9.421094529393878,1.5756695885411978,13.865755341648164
Deep-kernel ensemble,PRW,20,intercept,batch_macro,500,1156.0,517.8562393961821,8.328673792535414,505.3637041868448,536.6800801589833,-0.031182280541899313,0.03302848381798532,-0.11950937666351552,0.014863193124732844,0.07492043097711977,0.06508696342086413,0.08479074523649312,14.486391965786398,10.928558332781094,16.421281955140262
Deep-kernel ensemble,PRW,20,intercept,pooled,500,1156.0,558.9960738690407,10.12212999869808,545.3026374433059,582.1427053309023,0.11549623674798064,0.033243240935441225,0.029495602663176697,0.15550811905636186,0.268632616703009,0.1907375718847973,0.32679864722273516,11.404637836537969,7.054155500610648,13.38456154611654
Deep-kernel ensemble,PRW,20,shrunken_affine,batch_macro,500,1156.0,514.8098082291165,9.009418793555815,501.77076624757757,535.5587048813682,-0.018611816894555214,0.036537151858646,-0.1102140920562295,0.036358663062504445,0.0868069833364582,0.050149292291162044,0.11903062857285286,14.954618284568486,11.453057612788285,17.113341572839598
Deep-kernel ensemble,PRW,20,shrunken_affine,pooled,500,1156.0,555.0969703654475,11.003255354659483,538.8740209696132,581.4645997123232,0.12772411807858758,0.036085082491389094,0.035485376576303684,0.17448582579811536,0.2863597176795522,0.21203828553084456,0.3472842309315242,12.022240045486198,7.438623478347839,14.376316194646002
Deep-kernel ensemble,PRW,40,intercept,batch_macro,500,1056.0,511.68702767640303,6.540628552858048,500.1540237406896,524.9965825683696,-0.0057396761481354475,0.01926638544438623,-0.050345257275516246,0.023966190206973423,0.07604125607155528,0.06163474210222188,0.09031282531862747,15.512130042581983,13.405294745340294,16.86008042855325
Deep-kernel ensemble,PRW,40,intercept,pooled,500,1056.0,554.4958470103347,7.125022541015708,541.6903668572377,569.5388035196271,0.13417513489475202,0.01807227193577336,0.0865322400533208,0.15825930773525812,0.2702677310228265,0.21460947078775586,0.3066977347786173,12.385049797198768,10.052153803764082,13.629590370662807
Deep-kernel ensemble,PRW,40,shrunken_affine,batch_macro,500,1056.0,506.93489150404724,6.974730269415399,494.3708611917715,521.4183890310803,0.013636688611278279,0.022904969186060224,-0.04063008583648042,0.047387881358815546,0.09389590276839054,0.06383813531220173,0.11737149942650367,16.250094646602324,14.06189910328958,17.830289258425594
Deep-kernel ensemble,PRW,40,shrunken_affine,pooled,500,1056.0,548.5435580009379,7.708200198589672,534.66202653437,564.3075825135721,0.15262130855204975,0.020827751778208625,0.10572013841449192,0.18203966577630432,0.29630216159397016,0.2401098926726558,0.33620809900165016,13.325274006549371,10.755860002450111,14.831972213627978
Deep-kernel ensemble,PRW,80,intercept,batch_macro,500,856.0,509.10532362812353,8.238853578373583,495.27751266789556,526.5466879311506,0.0036074755425023848,0.018794073293312695,-0.037171381726987036,0.034748419095793834,0.07626180582411762,0.05283786751415372,0.10186662088825206,16.028969492371985,13.529993278561303,17.885221089760233
Deep-kernel ensemble,PRW,80,intercept,pooled,500,856.0,558.1793760471601,7.566309747889538,544.4307263223103,574.5348311717188,0.13549156815625893,0.016620637135227958,0.09922248922850549,0.16063660399479543,0.25805054972086,0.23203296851541763,0.27972958424590527,12.568084421090882,10.486135650248281,13.838965190549477
Deep-kernel ensemble,PRW,80,shrunken_affine,batch_macro,500,856.0,502.88875797812386,8.341780456848914,487.6370858689049,520.2528983715022,0.028841687089838277,0.018849614435119694,-0.012728365268691201,0.0581151760156121,0.09814750800085904,0.0790681762733922,0.11417814241949607,17.004535612873482,14.430116990617071,18.973980663921914
Deep-kernel ensemble,PRW,80,shrunken_affine,pooled,500,856.0,550.3660665453326,7.869267435107639,536.1380033696378,567.326797510453,0.15950192411637787,0.018183534019704312,0.11892478424671127,0.1868628439560306,0.2902708710254453,0.26284739151846176,0.3165507027871866,13.79168504197048,11.619489173962268,15.241416166275986
Deep-kernel ensemble,RD,0,none,batch_macro,1,1256.0,0.42359483253910185,,0.42359483253910185,0.42359483253910185,-0.36252651618390835,,-0.36252651618390835,-0.36252651618390835,0.09933550309906036,0.09933550309906036,0.09933550309906036,0.0,0.0,0.0
Deep-kernel ensemble,RD,0,none,pooled,1,1256.0,0.4176679942400692,,0.4176679942400692,0.4176679942400692,-0.21194428339437543,,-0.21194428339437543,-0.21194428339437543,0.14571798550415124,0.14571798550415124,0.14571798550415124,0.0,0.0,0.0
Deep-kernel ensemble,RD,5,intercept,batch_macro,500,1231.0,0.4179733880271017,0.019598078111904674,0.3896619557672418,0.4655329285935025,-0.31956484563849874,0.14353388328041713,-0.6573952304900156,-0.13067877431530944,0.10359523052597183,0.08203348787175324,0.11668246259775755,0.009095590089804866,-11.573713383016246,6.804652493523062
Deep-kernel ensemble,RD,5,intercept,pooled,500,1231.0,0.41543330101101317,0.021323801054140973,0.38615693968015646,0.469386076062871,-0.2034080128735872,0.12916311186758292,-0.5367114982821084,-0.034177247839612346,0.19492470229009096,0.07655822938905284,0.28353228474052095,0.5006664921713475,-12.579277918327323,7.624489112515595
Deep-kernel ensemble,RD,5,shrunken_affine,batch_macro,500,1231.0,0.41321245126411493,0.02106055877950073,0.38184118506775927,0.46356323183396103,-0.28979713071298063,0.1550542681308343,-0.6631786138736911,-0.08182866651836371,0.09540415495745651,0.06708965859119524,0.11547540468050813,1.0897701138681652,-12.059410396859692,8.66680495904305
Deep-kernel ensemble,RD,5,shrunken_affine,pooled,500,1231.0,0.4108210137374342,0.02299356501095876,0.37760427292795634,0.4659238418563624,-0.1775019678527534,0.1384641548855568,-0.5220836875447211,0.00901611662394006,0.19126130859537985,0.06552076928369012,0.2858461597499194,1.605696463543931,-11.670252832100303,9.535442514450997
Deep-kernel ensemble,RD,10,intercept,batch_macro,500,1206.0,0.40230846301575596,0.01088723102036509,0.38761896556463254,0.43183070304803073,-0.21380790319256013,0.07574788805605122,-0.41308342213793187,-0.11539926942724575,0.10863362024749694,0.09212403078894062,0.12140674307591941,3.7144134867141343,-3.610358200771039,7.413008161317798
Deep-kernel ensemble,RD,10,intercept,pooled,500,1206.0,0.3986215579206517,0.011542172880370256,0.3837039175684845,0.431271388305737,-0.10737353895730807,0.0684204375325632,-0.30357549805970685,-0.01926490878841228,0.20536308260960523,0.1104288965212669,0.2698291876998617,4.465006596203954,-3.762912458039262,8.22633473856879
Deep-kernel ensemble,RD,10,shrunken_affine,batch_macro,500,1206.0,0.393218074686616,0.01227866887185866,0.3751765364549706,0.4242737579096542,-0.15718354345219915,0.08456659473992605,-0.3828380293057241,-0.038893563663869465,0.09471677689782834,0.07074378096304382,0.11603097783277015,5.78047534557271,-2.165680764749323,10.118857570096234
Deep-kernel ensemble,RD,10,shrunken_affine,pooled,500,1206.0,0.3895231716353828,0.012869492040569001,0.3709545900375477,0.4218649673011044,-0.05776707704597438,0.07515946380423567,-0.257389707920565,0.04764839861878038,0.19923553109087447,0.09487375549756347,0.26858592370201545,6.646016665838366,-1.7568203317478703,11.153462490411457
Deep-kernel ensemble,RD,20,intercept,batch_macro,500,1156.0,0.39373680758311363,0.006157671675308627,0.38358729555115634,0.4080738654542089,-0.15942381220105661,0.038200273676762445,-0.24565399861841025,-0.10526471776372678,0.11234985297995274,0.09574598400142308,0.12786755893169607,5.757615254179611,2.190594925372455,7.840185972461554
Deep-kernel ensemble,RD,20,intercept,pooled,500,1156.0,0.3895613593058372,0.006172778138253141,0.37968655233051085,0.40399974280345663,-0.058477520302172556,0.03453226947965006,-0.14230439014118676,-0.010252774028342319,0.21543913386624963,0.1536957268711701,0.26259201924370235,6.519766705242995,2.84106110557721,8.628501399937429
Deep-kernel ensemble,RD,20,shrunken_affine,batch_macro,500,1156.0,0.3798080214065398,0.007472130880226939,0.36778784997063224,0.3959053344204905,-0.07462191258166578,0.04918023361521264,-0.17816319636858075,0.0007854788499478858,0.088145632085809,0.05954058029405198,0.1089377318438898,8.93968884240049,5.166440696898704,11.69958322515669
Deep-kernel ensemble,RD,20,shrunken_affine,pooled,500,1156.0,0.3756520997105603,0.0075432292919879965,0.36372214665008823,0.3930250041022681,0.015508662831599346,0.04285341009062923,-0.08422508283810945,0.08007086018009531,0.20407443830328972,0.1342430927585759,0.2539315751596531,9.858455032523192,5.9422788750776,12.657002183011512
Deep-kernel ensemble,RD,40,intercept,batch_macro,500,1056.0,0.3893192327009385,0.005424294232918387,0.37882559336537797,0.40036833565792296,-0.13123502575463064,0.027403924357058324,-0.19295154319925614,-0.08710885282843468,0.11477064692858109,0.09152502946544074,0.13714570989868266,6.8675565025255105,4.543828601276621,8.222337598143787
Deep-kernel ensemble,RD,40,intercept,pooled,500,1056.0,0.38463067451771676,0.004878111321045712,0.37567768478774216,0.39501817287072033,-0.03470570198483245,0.02508839622935326,-0.09109923512656692,0.00587862898831854,0.22031545977206857,0.18013023751957505,0.25478621851780636,7.531909783423698,5.044075123250302,8.812341608291584
Deep-kernel ensemble,RD,40,shrunken_affine,batch_macro,500,1056.0,0.3715041384400016,0.005892487619945879,0.36060675715051527,0.3838675157169753,-0.024221619791390397,0.030964660184103328,-0.09082790055953364,0.021074649756672736,0.08140037547319551,0.05538089107557125,0.09863274833814178,10.938108434469209,8.577570051587605,12.628934255163383
Deep-kernel ensemble,RD,40,shrunken_affine,pooled,500,1056.0,0.3668853295619554,0.0055263199483283195,0.3570021921588953,0.3781448391026908,0.05848723963556463,0.02814403288107183,-0.008105091862205286,0.10020642315093697,0.2031819169011269,0.1582762699729292,0.2388985108292332,11.799107772351109,9.239213008038234,13.498765783839957
Deep-kernel ensemble,RD,80,intercept,batch_macro,500,856.0,0.38656723139594745,0.007233766190200998,0.3719341393637132,0.4003633986058093,-0.11964971800584019,0.031103219175331594,-0.18634458345635277,-0.06180799474988499,0.11648305749867527,0.07933681119450871,0.15183906021781288,7.426061525707845,5.548551705459201,8.705063407918987
Deep-kernel ensemble,RD,80,intercept,pooled,500,856.0,0.3808148021146825,0.005689450591457303,0.3697878338989259,0.39146302835077873,-0.024682507026534167,0.024948874027294368,-0.07401792118830108,0.02049329340744397,0.21796120127472282,0.18431612075633685,0.24755399902265873,7.798531804294318,5.798423062507417,9.178422980774295
Deep-kernel ensemble,RD,80,shrunken_affine,batch_macro,500,856.0,0.36665921895858383,0.007361552765282931,0.35153764247750846,0.3813392511470083,0.00019787191728158507,0.022677875210221767,-0.051788122616597494,0.034390758210043025,0.07511184999472917,0.05523384763756762,0.09103543594857433,11.98676313777607,9.97881596949895,13.552681249305918
Deep-kernel ensemble,RD,80,shrunken_affine,pooled,500,856.0,0.36104085194399166,0.005782226701656591,0.34977250744786104,0.3729347604054282,0.07905936899920835,0.019829186162605008,0.03415295843536344,0.11119377488159099,0.19430423748216635,0.16663568986200775,0.21649252317178813,12.586027809912531,10.582071781334436,14.29668536619037
Deep-kernel ensemble,SRF,0,none,batch_macro,1,1256.0,221.4811411809785,,221.4811411809785,221.4811411809785,-0.9118813678157149,,-0.9118813678157149,-0.9118813678157149,0.01606138219289001,0.01606138219289001,0.01606138219289001,0.0,0.0,0.0
Deep-kernel ensemble,SRF,0,none,pooled,1,1256.0,221.93255397036052,,221.93255397036052,221.93255397036052,-0.18278312507961525,,-0.18278312507961525,-0.18278312507961525,-0.04079417184515489,-0.04079417184515489,-0.04079417184515489,0.0,0.0,0.0
Deep-kernel ensemble,SRF,5,intercept,batch_macro,500,1231.0,185.24675861930902,9.6890745443368,172.52463653192999,210.2160546888326,-0.2311752610507114,0.14417387451533809,-0.5795730399365482,-0.05259362050277363,0.030579061110231662,0.020713527786679054,0.03841127787193864,14.922220462130324,4.240896551564811,20.85412877295364
Deep-kernel ensemble,SRF,5,intercept,pooled,500,1231.0,189.8585501367045,11.190994818936638,176.05995058040452,221.88616492437214,0.13107329801518916,0.10737529371222856,-0.19156053947729107,0.25678765128798375,0.404589433434437,0.2134065630104849,0.5101443109103146,14.437275626152823,-0.1985107910450502,20.706121748333715
Deep-kernel ensemble,SRF,5,shrunken_affine,batch_macro,500,1231.0,184.69454239282504,9.839203897823586,170.94442491426864,208.78784867236544,-0.22269250112743713,0.14633983532663358,-0.5813123149195939,-0.040481863159314915,0.034634220933822235,0.0007826378873710647,0.07003724804439075,15.310082470356134,4.3928885971534966,21.546231767644834
Deep-kernel ensemble,SRF,5,shrunken_affine,pooled,500,1231.0,188.9031192084594,11.388413102584671,173.98134535479025,219.60818768422797,0.13966174381167673,0.1086818668324165,-0.15996288815011694,0.2723667975915384,0.4104795054329682,0.22981593874254044,0.515258496968629,14.867978641869318,0.9187606664414198,21.59124447732536
Deep-kernel ensemble,SRF,10,intercept,batch_macro,500,1206.0,178.33964386783856,4.993298736833508,171.40790060083611,190.8334739316448,-0.1333383102068627,0.06934596084024328,-0.30008829956781624,-0.04247200097359748,0.03223497350006683,0.024098673645501494,0.03889420536698901,18.08674967970404,12.01047652063077,21.23815385594644
Deep-kernel ensemble,SRF,10,intercept,pooled,500,1206.0,182.5814563493284,6.130245149946241,175.21274147788884,198.3228019551179,0.19811557652494943,0.05646040100394615,0.047954154813340866,0.26487055751138183,0.4230417789487002,0.29500375534594875,0.4982839932435933,17.708137006408695,10.505232802801101,21.08693992758451
Deep-kernel ensemble,SRF,10,shrunken_affine,batch_macro,500,1206.0,176.7630042073071,5.320643117211159,169.02615533430688,189.56689548993901,-0.11170048566705308,0.07347809568569434,-0.28250029515675745,-0.00994825697587042,0.04245432777887662,0.007440390514775245,0.07227280406759017,19.007270328748508,13.008826747777762,22.638167839672555
Deep-kernel ensemble,SRF,10,shrunken_affine,pooled,500,1206.0,180.3094763000109,6.53404700261563,171.53559300276913,196.22459649426844,0.2178008228541807,0.05925278429094719,0.06686043767878141,0.290802631163873,0.4365351710118615,0.31119444520910455,0.5148605501962797,18.73215429138858,11.23420355245189,22.61411050550421
Deep-kernel ensemble,SRF,20,intercept,batch_macro,500,1156.0,174.1082822132888,2.6702934684879933,169.85159128634604,180.2524692920335,-0.07777957325644932,0.03401321004339369,-0.16101984195018054,-0.03133105353579697,0.03379069467790989,0.025448637121972047,0.04268067654621147,19.99389406342929,16.822091492087445,21.709812034574497
Deep-kernel ensemble,SRF,20,intercept,pooled,500,1156.0,178.0336764102282,2.9298772386510676,173.61919528661574,184.32201542879483,0.23755642456509618,0.02580955932819039,0.17816450062265565,0.27204088500938456,0.43826064653052504,0.3588546620109697,0.4897631900826897,19.719664529202234,16.76703665686332,21.532214509219816
Deep-kernel ensemble,SRF,20,shrunken_affine,batch_macro,500,1156.0,171.38811285840234,2.970038393671389,166.58141773328586,178.31950729928235,-0.04165131646836951,0.037283326348941416,-0.12863274114684578,0.009767771861231482,0.04915067329731356,0.019162570497624425,0.07861923021146078,21.529993634744613,18.357293292898326,23.621560281478136
Deep-kernel ensemble,SRF,20,shrunken_affine,pooled,500,1156.0,174.29076113668873,3.3227502376984677,169.07337611865407,181.21911289060864,0.2692201604347471,0.028263888972127307,0.2070396109338049,0.31005258538624275,0.4595364023377505,0.38039270835533845,0.5145296804856412,21.40772419711282,18.30653140093333,23.646835573159827
Deep-kernel ensemble,SRF,40,intercept,batch_macro,500,1056.0,172.26130340763558,2.0251745183185017,168.65294542235065,176.36195544159372,-0.05620889622989211,0.020495784665370883,-0.1047778834749905,-0.027171391962969364,0.03413230065592819,0.02200939646119906,0.04568109628297144,20.82893728232922,18.422972359716663,22.102382572723666
Deep-kernel ensemble,SRF,40,intercept,pooled,500,1056.0,176.26452027716465,2.1091749369769968,172.7783776966302,180.78635491927824,0.25212995057147003,0.01642728191422499,0.21092568752974783,0.2747506212305711,0.439233409150302,0.38288709109892366,0.47557342045056405,20.486940775690776,18.459224332539026,21.761267998090638
Deep-kernel ensemble,SRF,40,shrunken_affine,batch_macro,500,1056.0,168.69701576486693,2.2127328156535695,164.66426087693654,172.97784532018125,-0.010088209478120981,0.023166808722148057,-0.06174525481591896,0.024905626433895583,0.057424457030989265,0.03144746246333694,0.07969329530576451,22.784690510231677,20.397331698499695,24.37476326875217
Deep-kernel ensemble,SRF,40,shrunken_affine,pooled,500,1056.0,171.35517924783557,2.3567815778329084,167.23895347598247,176.3935165357031,0.2931824692348185,0.018060282922935784,0.25612013099134906,0.32208779778204977,0.4698063082930201,0.4192603485467933,0.5055074514657133,22.70171971248865,20.506957604710237,24.313494651880305
Deep-kernel ensemble,SRF,80,intercept,batch_macro,500,856.0,171.2050413375024,2.612897187384207,166.03662017003344,176.55015468736912,-0.04460414692139902,0.01694479102684016,-0.08202153408501647,-0.01593424716711089,0.03387413721995632,0.014768047818604392,0.05310945712658298,21.287238541151158,18.93291414576539,22.97210475654667
Deep-kernel ensemble,SRF,80,intercept,pooled,500,856.0,175.56098195393318,2.369471458474638,171.0584185148475,180.49287891586465,0.2562174183190188,0.016008942359419756,0.21804411369144838,0.28062727263680015,0.43795252903620063,0.40699410492679367,0.46046078244983474,20.757194610188286,18.88092916959207,22.186110264740122
Deep-kernel ensemble,SRF,80,shrunken_affine,batch_macro,500,856.0,166.92861565051848,2.6364472189338652,161.91665442057703,172.31761904412807,0.010009756134691915,0.01673947054074352,-0.03097264729378497,0.03597792565570981,0.0637059845847102,0.042747502573232336,0.07727325720785466,23.594248100167427,21.151372499700535,25.29156194041565
Deep-kernel ensemble,SRF,80,shrunken_affine,pooled,500,856.0,169.51070080095678,2.419035592844576,164.84065869265038,174.39523106921604,0.3065928467345944,0.01589570816730535,0.2700832628434073,0.33284959208305964,0.47629570392082965,0.4460627281831802,0.500407133329789,23.488220200217732,21.51723419196613,25.055718484932573
Global PLSR,AF,0,none,batch_macro,1,1256.0,40.512370424724516,,40.512370424724516,40.512370424724516,-0.3608647391509219,,-0.3608647391509219,-0.3608647391509219,0.07809270360353499,0.07809270360353499,0.07809270360353499,0.0,0.0,0.0
Global PLSR,AF,0,none,pooled,1,1256.0,43.0785720814713,,43.0785720814713,43.0785720814713,-0.05655494294368979,,-0.05655494294368979,-0.05655494294368979,0.10376609992783051,0.10376609992783051,0.10376609992783051,0.0,0.0,0.0
Global PLSR,AF,5,intercept,batch_macro,500,1231.0,39.6528047715349,2.0556673529370837,36.92071779867,44.73487769582412,-0.33425964121265395,0.17281049569809073,-0.7160029320480726,-0.135667129773931,0.08251192302336371,0.06336426350667035,0.0945386555531443,0.9329922765492232,-11.852790827782323,8.068794779855772
Global PLSR,AF,5,intercept,pooled,500,1231.0,42.42272131132832,2.929900637816943,39.25583930117327,49.86997361165839,-0.02900201942116034,0.15931842142686145,-0.4234248904479554,0.12485910236691267,0.30078767613930807,0.09560513530595817,0.41488821353413324,1.5478003910600375,-16.01853962160652,9.050003600218044
Global PLSR,AF,5,shrunken_affine,batch_macro,500,1231.0,39.31300503971414,2.167481381385919,36.33990028981889,44.842069932269766,-0.30703435713653093,0.18026908039646133,-0.7368844318610822,-0.09352932310350831,0.07566485150959258,0.048590001958112326,0.09528736909249887,2.028723248933086,-11.492397052278125,9.576705522632992
Global PLSR,AF,5,shrunken_affine,pooled,500,1231.0,42.248383706884674,3.106971467501935,38.83199032154704,49.85630856982041,-0.021257922104313254,0.16812574438891195,-0.43070086339918795,0.14445591122204424,0.2987033527720594,0.09265783222067671,0.4132047066002313,1.9518396226294956,-16.311005484807986,9.925429560962401
Global PLSR,AF,10,intercept,batch_macro,500,1206.0,38.072794450177106,1.0567933188201903,36.646075323880595,40.63090130911887,-0.21547456916652807,0.07985704782511964,-0.4135418455794392,-0.11230604688426944,0.08716270425715703,0.07366275544007439,0.09849273174586216,4.999921879327711,-1.5682794894171457,8.781602911207571
Global PLSR,AF,10,intercept,pooled,500,1206.0,40.61950916872136,1.3191614807266279,38.95719551000411,43.811418302014864,0.06212710797927966,0.06552926513508528,-0.10602929502450956,0.1382841669045093,0.32187493329914896,0.20056636628731164,0.4066385563233382,5.823249217727331,-2.1206353888073695,9.677725493478173
Global PLSR,AF,10,shrunken_affine,batch_macro,500,1206.0,37.320452778924896,1.1122784203153593,35.75693116490834,40.22336310169495,-0.15704694369909097,0.08257512377417046,-0.3726329637435847,-0.04872244587382902,0.0767184497292643,0.055312341129242,0.0937230739518196,7.293363812295717,0.43677646990046554,11.353006183660657
Global PLSR,AF,10,shrunken_affine,pooled,500,1206.0,40.10853182985175,1.38542718183393,38.318062741295186,44.020783984849636,0.08538489481691927,0.068551059109666,-0.11057918598002538,0.17261307650924176,0.32123880324034026,0.19003676565565736,0.40700418452506665,7.007362000164511,-2.2833588924468953,11.385719092599947
Global PLSR,AF,20,intercept,batch_macro,500,1156.0,37.31832900265048,0.609940223583098,36.34447340606249,38.68976648507523,-0.16474654933435648,0.043233730859513146,-0.277431324030248,-0.10634366731809086,0.08945899634986178,0.07646497959869095,0.10310137881509339,6.887566827978425,3.0278410307550523,9.004992662934578
Global PLSR,AF,20,intercept,pooled,500,1156.0,39.8557464885696,0.7665583329432493,38.78521114956574,41.809543458982034,0.0997234414502672,0.036763042332192915,-0.0020642740781614322,0.14403974080741022,0.3313535227519596,0.2320354248033501,0.39571104268335616,7.695463670340118,2.5009480460439324,9.927604412543776
Global PLSR,AF,20,shrunken_affine,batch_macro,500,1156.0,36.233293036470634,0.7013997121890483,34.96847723084801,37.80277174496669,-0.0830565978191255,0.04903849256750205,-0.20115580879413003,-0.009857908863380978,0.07179135551399496,0.05074846796028251,0.0885600795188504,10.1849922176183,5.842298655785122,12.880581546782008
Global PLSR,AF,20,shrunken_affine,pooled,500,1156.0,39.10372849508415,0.8798081234001923,37.76917368751338,41.44348644458782,0.13313321151366084,0.04382893017803846,0.009034297268035146,0.19046385980011923,0.3304466940105199,0.2318424746243343,0.39721076961666063,9.435687806854686,3.4360980197643407,12.28934900673853
Global PLSR,AF,40,intercept,batch_macro,500,1056.0,36.84006438803084,0.4837890080845641,35.96930201146468,37.803823075469026,-0.13417520900700206,0.027747869849382666,-0.18971626871710728,-0.08816876490930363,0.09135455286962474,0.0728106616270695,0.11239970151696381,8.132933553940793,5.809165644948754,9.461155296537704
Global PLSR,AF,40,intercept,pooled,500,1056.0,39.47985886798606,0.5280224051964924,38.53050510736319,40.54170937141688,0.1239291832230319,0.021523180892635933,0.06718951952419411,0.1549405652518346,0.33658285373100394,0.2754800431644384,0.37921754645813766,8.89035271886044,5.958844473297566,10.18479255976014
Global PLSR,AF,40,shrunken_affine,batch_macro,500,1056.0,35.41780753727398,0.505666037938436,34.46421262203441,36.48349769180651,-0.030434346951392098,0.02811159845050404,-0.09328268288729805,0.013450319203885903,0.06589439712419637,0.0466617660303874,0.08066094297882834,12.360591790099862,10.188035217318985,14.022111551152676
Global PLSR,AF,40,shrunken_affine,pooled,500,1056.0,38.45565805173337,0.5622530616962773,37.447562660373,39.6227253775765,0.16870801967974006,0.024798199833592237,0.09583440950256908,0.20245882509608193,0.33502069646067173,0.27476117853543974,0.37905279116238944,11.253114073101791,7.841863501930206,12.849751996139451
Global PLSR,AF,80,intercept,batch_macro,500,856.0,36.607961246979634,0.7302736746273956,35.30751765588776,38.15766816872907,-0.12397835999111982,0.03186080002716364,-0.19160675484353712,-0.06555901917654805,0.0912374305089834,0.05691750926517077,0.12618539863657732,8.760825437456818,6.605167600667719,10.35610587778414
Global PLSR,AF,80,intercept,pooled,500,856.0,39.59058436401048,0.7583565767492619,38.17184902649012,41.196627241439224,0.134250021008189,0.01828915449562425,0.09272746281056642,0.16570526690246615,0.3363372959559268,0.2957972964548048,0.36986178615597065,9.402416837123045,7.631616431365319,10.669834612369414
Global PLSR,AF,80,shrunken_affine,batch_macro,500,856.0,35.013059906636,0.726223789953944,33.61493682321886,36.48356963424882,-0.00761421999763613,0.021771180256059553,-0.05878939749264139,0.026214156986558632,0.059068196492795946,0.04359498655730919,0.0732952184082624,13.466585644124251,10.946713920706257,15.42450073763724
Global PLSR,AF,80,shrunken_affine,pooled,500,856.0,38.46148704121274,0.7776382627229391,37.02796099963467,40.02903520775289,0.1829377904463956,0.018407115011451577,0.14158566683662607,0.21249266318173593,0.33301187336194027,0.29538405003580515,0.36470130140076856,11.986466065683969,9.793245698699051,13.524664235926076
Global PLSR,F6,0,none,batch_macro,1,1256.0,53.411645305961954,,53.411645305961954,53.411645305961954,-0.49014937048282564,,-0.49014937048282564,-0.49014937048282564,0.037562036508507875,0.037562036508507875,0.037562036508507875,0.0,0.0,0.0
Global PLSR,F6,0,none,pooled,1,1256.0,55.38596280260025,,55.38596280260025,55.38596280260025,-0.17576171889644643,,-0.17576171889644643,-0.17576171889644643,0.06065334335045431,0.06065334335045431,0.06065334335045431,0.0,0.0,0.0
Global PLSR,F6,5,intercept,batch_macro,500,1231.0,53.38519839910293,2.566920129696954,49.8434469800946,59.6256839733865,-0.49281261237148405,0.16688295465817338,-0.9025738817726281,-0.2785509270972307,0.043840499571939126,0.030116045655744456,0.05452241002335012,0.28361476960521104,-11.308920085197258,7.0687712128098665
Global PLSR,F6,5,intercept,pooled,500,1231.0,56.181985314929726,3.197706188595483,52.19302639322148,64.61909504630941,-0.21277615425852797,0.14674893749234835,-0.6039426520828185,-0.04059699291245276,0.20074566290547657,0.0189041716259618,0.3152164033091001,-1.3956834608059197,-16.708646336798132,5.84551211047881
Global PLSR,F6,5,shrunken_affine,batch_macro,500,1231.0,52.27589550207683,2.7491402800870812,48.21113534492104,58.67315674733613,-0.4247384404334231,0.17538643138530297,-0.8227360028179941,-0.1944929123962696,0.041446726343928576,0.025045890635278414,0.05576377940772782,2.546571257741201,-9.201644807606746,10.11751242475647
Global PLSR,F6,5,shrunken_affine,pooled,500,1231.0,55.168713212026965,3.399994135873452,50.554546713703026,64.3907417298487,-0.17013613121475582,0.15302141387417512,-0.5937585769672776,0.02154747506575044,0.2057270018901842,0.024164758574911332,0.3198093821389949,0.43364763735427,-16.49216831129448,8.650385171141304
Global PLSR,F6,10,intercept,batch_macro,500,1206.0,51.156452586008136,1.4244530063695042,49.20829289385778,54.841858517648895,-0.3555504430596952,0.08578764893142542,-0.5785176381113011,-0.24492132964747063,0.04700597602255784,0.034780527518504994,0.058182469390187716,4.504207733690652,-2.3246898873804405,8.15498255085272
Global PLSR,F6,10,intercept,pooled,500,1206.0,53.794178980252696,1.6980744618223107,51.70699532489832,58.14307105073915,-0.10731618091754594,0.07324874166412844,-0.2922962451017185,-0.021001416352222146,0.2175376121520138,0.07805504891519376,0.3002660021386178,2.983005090560348,-5.0711979003979515,6.751389751421746
Global PLSR,F6,10,shrunken_affine,batch_macro,500,1206.0,49.058622410891445,1.6258685490664677,46.51186030632207,52.690587835472726,-0.23214961597717007,0.09032811937689593,-0.43347384857962806,-0.09730330913743152,0.04139249083265886,0.024523350222736176,0.05376061979632486,8.784371845352704,2.1052836738947818,13.306423937740986
Global PLSR,F6,10,shrunken_affine,pooled,500,1206.0,51.84340407564601,1.9595270600505892,49.04332010134926,56.77952824049379,-0.02896040213636841,0.08176125718403424,-0.2442300572368701,0.08344962091228238,0.22766994702060808,0.09467572431037487,0.31125749658865504,6.502611641623238,-2.6830384939335445,11.459102463311222
Global PLSR,F6,20,intercept,batch_macro,500,1156.0,50.04347382650302,0.8348737911010743,48.77622412674552,51.864664416747985,-0.2947953625532151,0.04617862648220451,-0.40349354457045883,-0.22745746757313032,0.04786076843684347,0.0326676916286738,0.06446343487212873,6.550919878178311,3.1193365466999263,8.658084835933334
Global PLSR,F6,20,intercept,pooled,500,1156.0,52.65088838039026,0.9848834732306809,51.303852294414234,54.782146844604135,-0.05977918030202874,0.04267036129874239,-0.1568660528119838,-0.01122727045805035,0.22663355648684622,0.14450204894915114,0.2923773592402019,5.068683043765174,0.9240124700191602,7.1815348160933885
Global PLSR,F6,20,shrunken_affine,batch_macro,500,1156.0,47.127999028262764,1.0497701953916017,45.34318322697954,49.58143084877348,-0.12925594905737492,0.05558797321824042,-0.2588163771041358,-0.03927586380662061,0.03772393440926948,0.015572150799808336,0.05142970943642936,12.47665146740621,7.994017707266702,15.533406850562697
Global PLSR,F6,20,shrunken_affine,pooled,500,1156.0,49.93577145649051,1.2114295400022486,48.05260381614025,52.711213005604684,0.046414855344908613,0.04975490625487348,-0.06872520205448436,0.11691597687170943,0.24064079171050817,0.15580932761337876,0.3048837698465464,9.965327652423529,5.024754645176493,13.01687763416067
Global PLSR,F6,40,intercept,batch_macro,500,1056.0,49.44600376766304,0.6135460804473049,48.355105320945235,50.6250111978633,-0.2651697148270946,0.030893475556548925,-0.33329960982244855,-0.211219569488079,0.048799409201712454,0.029412597158704867,0.07133033784132112,7.680978354587251,5.273545389894494,9.005798080273768
Global PLSR,F6,40,intercept,pooled,500,1056.0,52.17268984782865,0.6557657464168978,51.08110566104235,53.529407121923796,-0.036507613508075895,0.025922514153769716,-0.10495083763910898,0.0001728159616185119,0.2304735095943192,0.17118097756762513,0.2749012078219895,6.131556980809815,3.328366874550379,7.425015829257602
Global PLSR,F6,40,shrunken_affine,batch_macro,500,1056.0,45.791439109322845,0.6925470717256693,44.62834986247804,47.279593855316655,-0.062163769007095845,0.03240482179255989,-0.1380847138722903,-0.011093402070866678,0.033375552270773816,0.015693866013075684,0.04609650804174211,15.072671263792959,12.586387609232286,16.77486044433652
Global PLSR,F6,40,shrunken_affine,pooled,500,1056.0,48.74695618638048,0.781796634786098,47.61535400195392,50.74173839617556,0.09503967096448104,0.02946266262313969,0.025968817943939404,0.136614103666792,0.2488255185130138,0.18565585771980936,0.291458634261361,12.296386778976252,9.33914206256346,14.005634506616582
Global PLSR,F6,80,intercept,batch_macro,500,856.0,49.17015579078782,0.7848658620147314,47.64060734640994,50.6795329143235,-0.2528071251880659,0.03770724599283715,-0.3307793291681971,-0.18031632008541934,0.050087672820924044,0.018435488967071995,0.08726117671154315,8.265408183084642,5.861383741171814,9.881600040983841
Global PLSR,F6,80,intercept,pooled,500,856.0,52.29158950433122,0.7493858517552902,50.81025901440393,53.73556249212742,-0.025979548202661237,0.022575241010042803,-0.07256809066269798,0.012927837451966039,0.22499990727938265,0.18762329749008222,0.260321334315911,6.566269378573929,4.781886977245554,7.633891487605492
Global PLSR,F6,80,shrunken_affine,batch_macro,500,856.0,45.104130769276914,0.7475972735493485,43.66871056593875,46.5296953637194,-0.02759864349031405,0.021220161170017633,-0.07556010120620381,0.005930185826196631,0.028606692957387353,0.013850728675370775,0.039474462789375865,16.465122176634676,13.939755501981358,18.418521859882855
Global PLSR,F6,80,shrunken_affine,pooled,500,856.0,48.49301828365383,0.7794104752230276,46.9202344034499,49.98198508330073,0.1177351198992028,0.018312526743981507,0.07916998508117112,0.14398834631321808,0.24393842521058182,0.21001372958892103,0.2696751026185523,13.354819526596602,11.49472058256759,14.734781526258061
Global PLSR,LS,0,none,batch_macro,1,1256.0,97.26847218191064,,97.26847218191064,97.26847218191064,-0.4737662599593288,,-0.4737662599593288,-0.4737662599593288,0.08358121649088254,0.08358121649088254,0.08358121649088254,0.0,0.0,0.0
Global PLSR,LS,0,none,pooled,1,1256.0,98.43639667029962,,98.43639667029962,98.43639667029962,-0.24646996105360697,,-0.24646996105360697,-0.24646996105360697,0.0602727202341245,0.0602727202341245,0.0602727202341245,0.0,0.0,0.0
Global PLSR,LS,5,intercept,batch_macro,500,1231.0,95.8058406899046,4.877399127952501,89.40764179847366,107.83257321743044,-0.44488279052057766,0.17552650417144713,-0.9169673884875021,-0.23973741281436406,0.08278441453322131,0.05993993726422156,0.09600589474557047,0.4283107723480464,-13.134271279008939,7.248173900567792
Global PLSR,LS,5,intercept,pooled,500,1231.0,98.29807131029675,5.73765071272291,91.33677819924976,112.82301984923097,-0.24699204122228122,0.15621382284571106,-0.6494802121784166,-0.072691088086683,0.20404932764072212,0.06266922786880448,0.30630192058614525,0.1146674232594402,-15.232471892819447,7.387661153754401
Global PLSR,LS,5,shrunken_affine,batch_macro,500,1231.0,93.69250130232783,5.22874882383133,86.17057610784815,106.96793867015217,-0.38314496844193985,0.18732143205962862,-0.875848505142283,-0.14148548519677495,0.07746524308312887,0.053811225402943114,0.09497907281520193,2.5682723523072437,-11.997099288933299,10.592543560425806
Global PLSR,LS,5,shrunken_affine,pooled,500,1231.0,96.37684622637242,6.095011285157475,88.3719628796303,111.6667071310819,-0.19948537635538813,0.16233768475717902,-0.6078320843296854,-0.00205043755829477,0.20607828636681197,0.06083141889711926,0.31181393430992976,2.067501854318309,-13.994869583083378,10.321632217940362
Global PLSR,LS,10,intercept,batch_macro,500,1206.0,91.9945673611194,2.5697383159911635,88.35684315171758,98.17890602422615,-0.3182816273169864,0.08458570855565907,-0.51861242364179,-0.20889741122020672,0.08696271740421922,0.07165135635628615,0.09995716167595742,4.413873228407603,-2.6093364620383594,8.442105228074565
Global PLSR,LS,10,intercept,pooled,500,1206.0,94.22526515309102,2.9277568294676524,90.3110108811766,101.09223495167386,-0.14284961173986532,0.07452205597261832,-0.3278025125492369,-0.044325807452957215,0.22303785910051102,0.11839221657445374,0.29720094196331936,4.236806923793742,-3.240961663346213,8.283245267661357
Global PLSR,LS,10,shrunken_affine,batch_macro,500,1206.0,88.15106484097986,2.76365507331452,83.49530064747425,94.22379090605588,-0.20884410216963875,0.08901599579911833,-0.4063647757373574,-0.0751411781902035,0.07554949936828863,0.05611887823814876,0.09142399264881107,8.36966880496957,1.4531606208850583,13.317560633306629
Global PLSR,LS,10,shrunken_affine,pooled,500,1206.0,90.5874819683994,3.1699900124653455,85.4818837051625,97.80338784385204,-0.05666267870893589,0.07798637976535815,-0.23959752108451973,0.06388870447614366,0.22641086475403216,0.115273926391141,0.3031519022579267,7.9347421852517375,0.2109009903444164,13.194449930182001
Global PLSR,LS,20,intercept,batch_macro,500,1156.0,89.88377872691527,1.4569401477784751,87.6723268571957,93.27663376614801,-0.2549941371591633,0.043407610900388624,-0.35572882119790145,-0.19912716199331282,0.08930610418710892,0.07285158183953326,0.10340854339655811,6.6852535948182465,3.2859232494366815,8.572096620138698
Global PLSR,LS,20,intercept,pooled,500,1156.0,92.03092275013361,1.5953882913317672,89.79276274678772,95.78869831831372,-0.08759015717420654,0.03932198087971226,-0.18613257172554185,-0.03715564702796842,0.2264770594717912,0.14937796653743432,0.28430844420885,6.5048683252547335,2.7191825014540267,8.478676342845116
Global PLSR,LS,20,shrunken_affine,batch_macro,500,1156.0,84.44906658384522,1.8029068239413937,81.578920023588,88.54156373989966,-0.10468552978340115,0.05289984944849632,-0.22705874636817097,-0.030855526990875876,0.07101248886749381,0.04943231013639317,0.0855450797526421,12.27397088905394,8.108672460288828,14.727960554263563
Global PLSR,LS,20,shrunken_affine,pooled,500,1156.0,86.8418190441929,1.9467935020962095,83.84776877914081,91.00741215351712,0.03131145133898167,0.04685021844641499,-0.08174423529009932,0.09647000647806396,0.2316531674504476,0.1481767897740406,0.2911285773410346,11.77724485020735,7.459748719050253,14.5210877083571
Global PLSR,LS,40,intercept,batch_macro,500,1056.0,88.86780155322617,1.1540593658837417,86.68332384976347,91.12768492972897,-0.2271065283274226,0.029245149169849237,-0.29447519453233795,-0.17782733427453912,0.09079812648489283,0.06712540509530515,0.11223812278149016,7.689034950904995,5.47506596873603,9.043027890495743
Global PLSR,LS,40,intercept,pooled,500,1056.0,91.04197505716937,1.1617851473048308,89.03966710364428,93.50260974503868,-0.06370626383737282,0.02592556678384054,-0.1272826294286066,-0.024405664265757285,0.23227085643612988,0.18107348500691542,0.27158306053708886,7.393330136698025,4.88430721832221,8.713912332493388
Global PLSR,LS,40,shrunken_affine,batch_macro,500,1056.0,82.14746785115359,1.3516819282876815,79.6856454801542,85.00828429834966,-0.043532180265593114,0.03189127552566479,-0.1156328114596157,0.003266711634215709,0.06421181878056867,0.04598051049115875,0.07707205031742496,14.616336399743766,11.957467554749217,16.377986573050578
Global PLSR,LS,40,shrunken_affine,pooled,500,1056.0,84.66694565524818,1.4202327687409249,82.45617508015432,87.82763733052208,0.07992396599504624,0.03063654865370062,0.003886061384913405,0.123853483189435,0.2371065970574526,0.18822578978411209,0.2765784982703108,13.879279325952975,10.879763787023093,15.727004199036452
Global PLSR,LS,80,intercept,batch_macro,500,856.0,88.30835951058492,1.5809880347493406,85.29183338096651,91.28086438943195,-0.21680386336740837,0.03408954341309427,-0.2908291402287576,-0.157903267257232,0.09218728587478066,0.05237808394766753,0.12483034724609533,8.233555316651241,6.068442582078789,9.7112911147561
Global PLSR,LS,80,intercept,pooled,500,856.0,90.65902697817967,1.3465277903371837,88.0428818265327,93.4624905431077,-0.05129633263824573,0.024837254776139885,-0.10132719766926716,-0.00917726764612875,0.23259102796725073,0.19269415195476866,0.26785660344679735,7.5585932250346115,5.47686910016453,8.898089368992284
Global PLSR,LS,80,shrunken_affine,batch_macro,500,856.0,80.80982597895142,1.5486446319311142,77.66565822915132,83.80108567289277,-0.012439504842722325,0.02167465912463034,-0.062369350783716096,0.01981319720343022,0.058096304000921986,0.0412124902123726,0.07153896190968813,15.957495573473146,13.455621076504714,17.846424975288258
Global PLSR,LS,80,shrunken_affine,pooled,500,856.0,83.61884591864157,1.3504369413307793,81.17562803380677,86.25361514779235,0.10569840778258631,0.02029254281331774,0.057205857573528515,0.13601942258056282,0.23441186372773473,0.2022936474742849,0.2599044442319536,14.737460413699452,12.701303713512132,16.31437353742747
Global PLSR,LW,0,none,batch_macro,1,1256.0,746.8725645912837,,746.8725645912837,746.8725645912837,-0.7959065038864098,,-0.7959065038864098,-0.7959065038864098,0.07536842356840809,0.07536842356840809,0.07536842356840809,0.0,0.0,0.0
Global PLSR,LW,0,none,pooled,1,1256.0,767.9402359038237,,767.9402359038237,767.9402359038237,-0.16237250830050476,,-0.16237250830050476,-0.16237250830050476,0.09116593562776688,0.09116593562776688,0.09116593562776688,0.0,0.0,0.0
Global PLSR,LW,5,intercept,batch_macro,500,1231.0,672.6185997578726,31.318080445921648,629.403387326114,751.039332426609,-0.3816474820792733,0.1537840895156399,-0.7596106840049193,-0.19327640095993498,0.09873832118627872,0.08160567843489545,0.11064039969701053,9.282787489727264,-2.066695661472403,15.218922208663846
Global PLSR,LW,5,intercept,pooled,500,1231.0,700.9737147936219,37.237279160321876,652.4763078949787,788.3978947983343,0.02891249976501165,0.1075345702354813,-0.22979622044139952,0.16457322005925132,0.36369711992639947,0.19591297841587693,0.4673023121426124,8.754444641678152,-3.0515127415897494,15.229002473419637
Global PLSR,LW,5,shrunken_affine,batch_macro,500,1231.0,665.7116198401001,35.09721696369878,619.8872688736444,747.2414766975008,-0.3390744850093817,0.19759752987864732,-0.7267829675975936,-0.14541147115131825,0.0897198131941663,0.06379018358809779,0.10957552212362613,10.392932465272963,-1.2937495547342548,16.622314734181735
Global PLSR,LW,5,shrunken_affine,pooled,500,1231.0,696.8128133856771,41.78505189042157,644.4916792962404,796.417079421541,0.03962324849896969,0.12399686436522663,-0.2579528648918263,0.1814060252594263,0.36293198869231363,0.19019182781858127,0.46495032372665024,9.295978583219803,-4.068612694916307,16.101991143076962
Global PLSR,LW,10,intercept,batch_macro,500,1206.0,647.9019098781238,17.787368401284276,621.629469948341,690.802623460462,-0.2718605855339236,0.07884446561359965,-0.46960828021753326,-0.16249534476711527,0.10441145447700008,0.09090628899226703,0.11526573286254997,12.612077767741757,6.485185596126096,16.226694019496566
Global PLSR,LW,10,intercept,pooled,500,1206.0,673.9777666861339,21.671239740385285,645.2694602470132,722.6872913696164,0.10422894515440904,0.0600810701092496,-0.03258302212782489,0.181394413651919,0.3873175769649687,0.27403917225783264,0.4588501802554029,12.309624121929913,5.749299863214251,16.08281514765761
Global PLSR,LW,10,shrunken_affine,batch_macro,500,1206.0,633.0268781305166,19.66426611671895,601.0828246922232,676.2788650698318,-0.18615123644877218,0.08391319658525218,-0.37245390532206374,-0.06221528933866705,0.08860538124767064,0.06634729735783827,0.1076089674705723,14.933149129651188,8.73738413361697,19.08426657899257
Global PLSR,LW,10,shrunken_affine,pooled,500,1206.0,663.7253021156316,23.692011189955014,629.7549537384937,721.061838901263,0.13102062720107274,0.06494459033318592,-0.029361595312706178,0.21812470370094036,0.3877672937243353,0.2814665441354167,0.4549803840982032,13.643304500825526,5.815525149222991,17.886580092844863
Global PLSR,LW,20,intercept,batch_macro,500,1156.0,633.0363821893069,10.538143329096606,617.2288828137206,656.3301283451843,-0.21239796467340583,0.04605434227964683,-0.325073836322465,-0.15058906366626015,0.1081716371359034,0.09310611571972972,0.12120585719302966,14.596745710625898,11.429364094702235,16.51863390680151
Global PLSR,LW,20,intercept,pooled,500,1156.0,658.4409347584462,11.871610871771013,641.3957734889419,685.9628847754907,0.1463461656076356,0.03157383422413958,0.07351130698369752,0.18682996679424033,0.39715344676881587,0.3229091555664192,0.45178327062173823,14.397105600740229,10.36217882014559,16.3345321702149
Global PLSR,LW,20,shrunken_affine,batch_macro,500,1156.0,610.7007943993194,11.851449085357151,591.4773731816318,637.3175169654909,-0.09119864658549032,0.049700528241096296,-0.2070750243635362,-0.020103931351163704,0.08182663311787663,0.05459330571901028,0.10187695115040009,18.050888437672093,14.38890474207236,20.387996076312575
Global PLSR,LW,20,shrunken_affine,pooled,500,1156.0,642.485831959517,13.355823134144146,623.3262743962483,671.0442095981986,0.18709626566858462,0.035368413031283914,0.10783879558130387,0.23742794144346047,0.3966645604989608,0.3261028797699135,0.44958623871455233,16.47161712545495,12.435894569284809,18.80798394771185
Global PLSR,LW,40,intercept,batch_macro,500,1056.0,624.6615938600196,7.383392028985969,610.8530854460976,639.7069005118528,-0.18115367965821283,0.028994588453711112,-0.24162551514296066,-0.13274599336140774,0.11033746003589652,0.08897814210962376,0.13046390292396207,15.738241964605416,13.839357454111756,17.071916778224676
Global PLSR,LW,40,intercept,pooled,500,1056.0,651.2237900393126,7.798618405025421,638.2546131159696,668.7993030650123,0.165973557773842,0.018559162455054387,0.12014455053953774,0.1951881141520335,0.4017917583036791,0.35186229418510667,0.43708161587777344,15.510263186819117,13.182074341319533,16.713568599407115
Global PLSR,LW,40,shrunken_affine,batch_macro,500,1056.0,596.1509904071576,8.078304872898618,581.9717462103608,612.3120642584507,-0.03247307903237416,0.02882689703305042,-0.09184447587829196,0.012229544559410183,0.07417664508275144,0.05290316370404781,0.09005210794715446,20.105716382431574,17.96508363084979,21.671002504707943
Global PLSR,LW,40,shrunken_affine,pooled,500,1056.0,630.6134903795935,8.547399388564486,616.0259051088667,649.6074961310081,0.2178718209884252,0.021091108260785894,0.1700015190807438,0.24981549634743883,0.4005429075312225,0.3539717588721336,0.43354265629759836,18.184230891956098,15.63687144734775,19.621836381979275
Global PLSR,LW,80,intercept,batch_macro,500,856.0,621.4870388856258,8.83357123934583,603.9158693531331,639.4270930110966,-0.17263115686496974,0.0339640074253394,-0.23982519990551182,-0.10746191627504938,0.1103238042902183,0.07596390950409874,0.14293463189882685,16.210359119276987,14.049071723559827,17.802847647012165
Global PLSR,LW,80,intercept,pooled,500,856.0,651.846698945234,8.132811092137421,637.112637493775,667.4343338587148,0.16739817827761042,0.017909231791101026,0.12721042581998718,0.201846164765192,0.39406914069622284,0.3608808036149477,0.41971372903099513,15.862390776207093,13.844293991602209,17.18014739202892
Global PLSR,LW,80,shrunken_affine,batch_macro,500,856.0,589.5876941428797,8.42789350311949,572.2515138712629,607.7386549677441,-0.008433292886432527,0.020128718893460826,-0.05660634196665817,0.025323823232858932,0.06536196984537122,0.048860354738529524,0.07877457575398521,21.06114985245913,18.78832224712643,22.778512377427372
Global PLSR,LW,80,shrunken_affine,pooled,500,856.0,629.325164850478,8.131655678900426,614.2586732701528,644.7964433940531,0.22393897241388946,0.017075053594436417,0.18463243288137113,0.2525916488874134,0.3898647801177343,0.3638809257690011,0.4103770931105651,18.76913968723168,16.739672958426876,20.186715751803778
Global PLSR,MFF,0,none,batch_macro,1,1256.0,52.66030408279912,,52.66030408279912,52.66030408279912,-0.5833296894662101,,-0.5833296894662101,-0.5833296894662101,0.049653270479920984,0.049653270479920984,0.049653270479920984,0.0,0.0,0.0
Global PLSR,MFF,0,none,pooled,1,1256.0,54.751622599604055,,54.751622599604055,54.751622599604055,-0.11023700457026142,,-0.11023700457026142,-0.11023700457026142,0.10059844817770439,0.10059844817770439,0.10059844817770439,0.0,0.0,0.0
Global PLSR,MFF,5,intercept,batch_macro,500,1231.0,52.22710454722044,2.842606383085449,48.56256402276679,59.96438382927664,-0.4937067881892327,0.1779299744901022,-0.982977935367274,-0.27159101355161025,0.06257186073067283,0.04668865821646756,0.0754868766462874,1.7186019177740455,-12.887209639292289,8.601090673258499
Global PLSR,MFF,5,intercept,pooled,500,1231.0,55.718006172107756,3.814507565095997,51.439948651869805,65.96169873011021,-0.15477900463210983,0.17259865036791255,-0.6195541131174545,0.01948601871934809,0.24939775208146128,0.05738984526232334,0.37311772257194264,-1.7514288554695274,-20.931474046187358,5.997834174007405
Global PLSR,MFF,5,shrunken_affine,batch_macro,500,1231.0,51.12673847192837,2.9811208381998537,46.95194683856413,58.7098207432079,-0.42311517028287277,0.18303161842229024,-0.9068486328768268,-0.1800714820742381,0.05998996014543611,0.03863793802496604,0.07670598453838584,3.9708695964230665,-10.185505001028046,11.6275713853769
Global PLSR,MFF,5,shrunken_affine,pooled,500,1231.0,54.735210340844496,3.9777918888230626,49.65317708151512,64.85088913114711,-0.11510468053155945,0.1765592672951242,-0.5784946321531731,0.0894824775523866,0.25472320882560495,0.06543899667336135,0.3808368642487531,0.04397000463011458,-19.48916304158493,9.322518359843222
Global PLSR,MFF,10,intercept,batch_macro,500,1206.0,49.85495741819728,1.3328378409712227,48.00157696905996,53.16839446087308,-0.3495651380107183,0.08331303334958672,-0.5353798709133262,-0.2425640215484018,0.06618635037681293,0.05295398297554284,0.0784709964134277,6.162043332042231,0.736971015890167,9.680507663060702
Global PLSR,MFF,10,intercept,pooled,500,1206.0,52.98187309428271,1.7177948342834606,50.93014688792671,57.6667014300554,-0.03818244802852525,0.07256268016655341,-0.22543112519924552,0.04268589736628273,0.28228089216357766,0.15763935280737146,0.36356528461543336,3.3348726963007866,-5.150064752996368,7.0399047115074955
Global PLSR,MFF,10,shrunken_affine,batch_macro,500,1206.0,47.86476775968217,1.5438437115515429,45.48373082298506,51.38959345097935,-0.22609085606200852,0.09226276795054902,-0.42494537117282266,-0.09597587861014249,0.06011084289704184,0.043740122647351026,0.07480762127855242,10.252706124792907,3.682166664553733,14.67896173071112
Global PLSR,MFF,10,shrunken_affine,pooled,500,1206.0,51.22927241669766,1.972204166564975,48.61057573120386,55.68532805704073,0.028878345797173962,0.08095335453952383,-0.1477343233889642,0.12592037464317946,0.29191176410666636,0.15961259479359052,0.3759493913119662,6.533537888955924,-1.5475063835767293,11.184763087385395
Global PLSR,MFF,20,intercept,batch_macro,500,1156.0,48.96709828318832,0.8335723891529726,47.78199645109685,50.84055274982104,-0.2983718564617051,0.04759591463878743,-0.4070833407349822,-0.23103378857466803,0.0679730826687745,0.05413592179680563,0.08299147012856613,7.868661145155358,3.8085609415372854,10.041164415312261
Global PLSR,MFF,20,intercept,pooled,500,1156.0,52.0911389200874,1.0644142515925457,50.789187419945996,54.907958950389435,-0.0005819170533051305,0.04419564697294924,-0.11263416334469843,0.049896477438207416,0.2887552416767288,0.1926961853082326,0.36009132592325077,5.0364210817448765,0.1003602078398418,7.300875384984216
Global PLSR,MFF,20,shrunken_affine,batch_macro,500,1156.0,46.054146001891404,0.9657997912465931,44.51368297322592,48.3169320802257,-0.12438994530296814,0.05191561218312913,-0.25187522427140613,-0.038147031281629135,0.056918949917529695,0.03513502071188781,0.07084676186780829,13.808571981481386,9.45975416871625,16.527390757576477
Global PLSR,MFF,20,shrunken_affine,pooled,500,1156.0,49.474319710998856,1.2244022542010702,47.80188216991779,52.16287258575247,0.09717286049729587,0.04908103547471272,-0.017222126921020025,0.1631328235722019,0.30395393633275697,0.20632484521348088,0.37535048758225675,9.807430925056874,4.714485942403316,12.788826949570806
Global PLSR,MFF,40,intercept,batch_macro,500,1056.0,48.3014954713731,0.5971424860811304,47.25065672585263,49.5405377237321,-0.26383407465659925,0.034568408250813545,-0.3468887176219186,-0.20513392188557608,0.06929298267911052,0.04681800051543734,0.09010021879299296,9.112206673722527,6.6616531708499265,10.453824259317166
Global PLSR,MFF,40,intercept,pooled,500,1056.0,51.513440105441994,0.643235282447389,50.45537572107782,53.083342248768936,0.02757812534397682,0.023491601716762355,-0.02960696618668062,0.05929328751251635,0.2926937923549908,0.22264926289912793,0.33831655172005815,6.303984829391076,3.710684103125241,7.480366096427687
Global PLSR,MFF,40,shrunken_affine,batch_macro,500,1056.0,44.73886931276568,0.6589982985794857,43.639631695702704,46.14071034968226,-0.05465073373195224,0.033758477272107505,-0.13437955955446504,-0.0033732043636997963,0.0515705232186362,0.034279631161908596,0.06500056204529085,16.38332210232828,13.822028899531247,18.124817824070966
Global PLSR,MFF,40,shrunken_affine,pooled,500,1056.0,48.35434559485849,0.7567834550406843,47.10928814041861,50.02182797771003,0.143073265868943,0.027823384219306822,0.07809336846287655,0.1800547017664239,0.3107044135569637,0.24782998862504027,0.3554455400818824,12.049996019339202,8.913973227604416,13.765248726663925
Global PLSR,MFF,80,intercept,batch_macro,500,856.0,47.954715040115836,0.805077830712137,46.57330874969232,49.60307157583785,-0.25504683589856536,0.04406018893413983,-0.3524210058275536,-0.17965753843718738,0.0704230628207885,0.030969154827158823,0.10548507566430872,9.701028580744557,7.094744093759189,11.568626095656608
Global PLSR,MFF,80,intercept,pooled,500,856.0,51.56608856384988,0.7506322100482024,50.211584013873534,53.13038856687705,0.03545349962953053,0.02454473483836603,-0.01676877834559756,0.07290914772439426,0.2925399577432159,0.2572834583259303,0.32745488590013866,6.597456603958432,4.596476328806552,7.768109426977409
Global PLSR,MFF,80,shrunken_affine,batch_macro,500,856.0,43.98798526413739,0.7780980085160987,42.58309904664771,45.569163625508246,-0.02218384320603931,0.023788569363397245,-0.07198076435684121,0.014921897967127699,0.04596458629561737,0.027536518562936117,0.05988091184641199,17.772722123596814,15.205267097859538,20.16009306590926
Global PLSR,MFF,80,shrunken_affine,pooled,500,856.0,48.06489885292007,0.7724351131563959,46.748236848052414,49.67838282551461,0.1620327066587482,0.02105911508579937,0.11527033096310578,0.1931075924725682,0.311535687328661,0.2813005174709548,0.3408669557030181,12.940358110812602,10.887332883481928,14.27396261313783
Global PLSR,PFD,0,none,batch_macro,1,1256.0,217.49570828815072,,217.49570828815072,217.49570828815072,-0.8496223103413337,,-0.8496223103413337,-0.8496223103413337,0.023140102694113165,0.023140102694113165,0.023140102694113165,0.0,0.0,0.0
Global PLSR,PFD,0,none,pooled,1,1256.0,218.5943674607086,,218.5943674607086,218.5943674607086,-0.2577690968312365,,-0.2577690968312365,-0.2577690968312365,0.03287724873007144,0.03287724873007144,0.03287724873007144,0.0,0.0,0.0
Global PLSR,PFD,5,intercept,batch_macro,500,1231.0,199.00685058009097,9.382348525600356,185.21032558048276,220.75473632184037,-0.5337446589499442,0.16754646918208327,-0.9633660570718038,-0.31043246418554327,0.038213518644156654,0.02332884957201961,0.05122629189336463,7.948775417161395,-2.8124513125801007,14.402975980570723
Global PLSR,PFD,5,intercept,pooled,500,1231.0,202.32144113422316,10.785523342677571,187.574507237176,228.67635307413772,-0.08067023478209029,0.11971298854623845,-0.3844338779927336,0.0750805213314698,0.3260207261494305,0.11470347340069509,0.442621849504786,7.440629363182283,-4.821773896328129,14.220253638449162
Global PLSR,PFD,5,shrunken_affine,batch_macro,500,1231.0,194.23956912031957,10.059918931594535,179.40907099405393,217.3622929892602,-0.448803370772584,0.17309659355541882,-0.8760922516399873,-0.209990327298371,0.03410564570631913,0.016123919019368153,0.04828719579608661,10.37187394375739,-1.021356180572309,17.519516164474208
Global PLSR,PFD,5,shrunken_affine,pooled,500,1231.0,198.30539159321344,11.48263642278833,182.4010714933031,225.40379500840308,-0.03875292096488973,0.12461618479556881,-0.3347953725940089,0.12665486899487105,0.33242614625230354,0.12145155631429676,0.4480739706255297,9.278617636199906,-2.978142958983567,16.58714610554002
Global PLSR,PFD,10,intercept,batch_macro,500,1206.0,190.842437246193,5.110640978892562,183.61313191072028,203.72676547315479,-0.39829844400963244,0.08283728952323595,-0.6064362990787213,-0.2896770605235362,0.040899799648935975,0.02834987178377952,0.053046189438081016,11.71818955412442,5.768529097291378,15.022132409040704
Global PLSR,PFD,10,intercept,pooled,500,1206.0,193.70080867836302,5.851667276039369,186.21326683266398,208.40993887209186,0.011185299611902023,0.06272565160984368,-0.15059153524047775,0.08890750058091329,0.35346054758730855,0.19058736194245154,0.4369769063646798,11.355213261411688,4.285655613981915,14.788961229454289
Global PLSR,PFD,10,shrunken_affine,batch_macro,500,1206.0,181.67875965848023,5.8574034619478885,172.35625668855354,195.3810676885856,-0.24831306815957155,0.0896547658653159,-0.4578289997480285,-0.11477368949396409,0.033210779095697536,0.01876477313037217,0.046904708167473455,16.294934030845837,9.734562682080382,20.530341970353085
Global PLSR,PFD,10,shrunken_affine,pooled,500,1206.0,185.64354421310773,6.638621933529533,175.92102473221345,201.20153317446596,0.09137680155091868,0.06811064597910946,-0.06842146133552622,0.18171476168415987,0.36809483473232285,0.20907708805911754,0.4509512130315302,15.043640033834599,7.831330039555444,19.242597195293573
Global PLSR,PFD,20,intercept,batch_macro,500,1156.0,186.93755741194445,2.972964881520339,182.36693944467038,194.36662855107596,-0.34013198930874533,0.046680699190615196,-0.4534883008340378,-0.2731710753435631,0.042346557671087706,0.02726747858415011,0.05801569112960784,13.506413111400796,10.097557729145954,15.48169542576658
Global PLSR,PFD,20,intercept,pooled,500,1156.0,189.54811875372897,3.232264262103315,184.85463369776252,198.07372200946642,0.05379772280746198,0.03355884932371831,-0.034184064352757115,0.09815313068228992,0.36156357239704395,0.27393035906623764,0.42107915079618036,13.234198283248302,9.484931244394863,15.200249842411907
Global PLSR,PFD,20,shrunken_affine,batch_macro,500,1156.0,173.94246937851716,3.6352461997382535,167.87077122156265,181.915959058997,-0.13426767047596389,0.05310574932106458,-0.2534833383147412,-0.05234076697947642,0.031197299002034443,0.01300284900067616,0.04496630808636957,19.99127877051463,16.58252968729659,22.691408760437017
Global PLSR,PFD,20,shrunken_affine,pooled,500,1156.0,178.0854162465635,3.8220184597788642,171.70993457666077,186.429822554421,0.16462343929915685,0.037153013868675956,0.0810640611618443,0.22317295713806945,0.3837189932794249,0.3011336643580117,0.4444179955506612,18.482704075526108,14.65660338346281,21.237620408122243
Global PLSR,PFD,40,intercept,batch_macro,500,1056.0,184.92178684049023,2.1321139907874493,180.89649017628935,189.2104298103838,-0.3116299395725555,0.029379200204678164,-0.379016665700636,-0.2618870604158257,0.04195818129970115,0.018623465097829788,0.06381891602359605,14.479544509461435,12.217387267906489,15.777621863447207
Global PLSR,PFD,40,intercept,pooled,500,1056.0,187.52915134221436,2.1012474939571097,183.7584089742664,191.93190977947165,0.07402042955823174,0.020736251649695458,0.027295247741528292,0.10736788545894847,0.3680886122589646,0.31256923982092333,0.41160824696464343,14.188577066307898,12.085461993040873,15.43811972278269
Global PLSR,PFD,40,shrunken_affine,batch_macro,500,1056.0,169.03036155448353,2.4865996949365683,164.45690452777194,174.32254936730055,-0.06539821455450766,0.030585858265757746,-0.13453856857307914,-0.016855791173400688,0.027893690563651503,0.006559597160886672,0.04150321154934934,22.391489467177795,20.074042620372847,23.942530960035988
Global PLSR,PFD,40,shrunken_affine,pooled,500,1056.0,173.57791197948015,2.528845752315154,169.09224832226533,178.56642175427328,0.20660331726560122,0.023202712903812976,0.14974066418491086,0.2413404359319994,0.3948458753139483,0.33987649563196015,0.4352586431648949,20.573407788687923,18.06103501573827,22.174710819574585
Global PLSR,PFD,80,intercept,batch_macro,500,856.0,183.6087060240165,2.9525005598720946,177.3949456768847,189.0749530824404,-0.2989817100925137,0.03243430293717252,-0.36380286445213583,-0.23844787807110074,0.04255685764411985,0.005545217805793534,0.07873272940926349,15.000239957918044,12.447377434039671,16.697297478130324
Global PLSR,PFD,80,intercept,pooled,500,856.0,186.47479208251409,2.6880883652625878,180.8278580453364,191.26063076087001,0.08443785612236694,0.023173294471088283,0.030043247429132388,0.12403273105783179,0.36814282707782,0.3322056819346397,0.4019174016898761,14.598959294474588,12.4782264030341,16.011271519336102
Global PLSR,PFD,80,shrunken_affine,batch_macro,500,856.0,165.99409207505855,2.7303698367562186,160.43340678447632,171.02452269939212,-0.028383110321784102,0.02009929106603947,-0.07135291456740407,0.005371476073533465,0.02559580395064958,0.008501985445248966,0.03603287471377896,23.758171390482808,21.690892176757743,25.57883623767511
Global PLSR,PFD,80,shrunken_affine,pooled,500,856.0,171.12612653073901,2.6231899227784345,165.2112779985457,175.84507690726358,0.22898665430994777,0.01907261493930847,0.1835372187368858,0.26099207190686324,0.39660342260720866,0.36530054724658906,0.420982119618599,21.628590447132126,19.705201633510608,23.060810435781203
Global PLSR,PRW,0,none,batch_macro,1,1256.0,603.5148550542754,,603.5148550542754,603.5148550542754,-0.39492395863087576,,-0.39492395863087576,-0.39492395863087576,0.06709026277734563,0.06709026277734563,0.06709026277734563,0.0,0.0,0.0
Global PLSR,PRW,0,none,pooled,1,1256.0,646.2968948145549,,646.2968948145549,646.2968948145549,-0.1855722439092724,,-0.1855722439092724,-0.1855722439092724,0.0470954188253471,0.0470954188253471,0.0470954188253471,0.0,0.0,0.0
Global PLSR,PRW,5,intercept,batch_macro,500,1231.0,582.4891397339564,27.367547658029082,545.110201470016,652.620207215971,-0.33256252675408554,0.14726966586349333,-0.7414778671186779,-0.1512303582644462,0.07285878841153202,0.0538575472664948,0.08478299824359395,2.17270156463463,-9.98219423341433,8.47619453453035
Global PLSR,PRW,5,intercept,pooled,500,1231.0,621.492676178893,35.260763027419955,577.3462953791422,715.4445098300644,-0.09880813167237511,0.13344920976148905,-0.45717044495491915,0.055037795452585705,0.22949738961485766,0.07385988819392014,0.33848909629527896,3.9247524988744793,-11.042452880771156,10.765065372551678
Global PLSR,PRW,5,shrunken_affine,batch_macro,500,1231.0,576.6668950211379,29.00999304447013,536.0901673043772,654.9322170709277,-0.30070701576758424,0.15577279822767215,-0.7137634323425633,-0.10183213561512722,0.06916806569704274,0.04732235659291205,0.08606148037133955,3.4199324276948775,-9.293314449215698,10.430380453472708
Global PLSR,PRW,5,shrunken_affine,pooled,500,1231.0,617.5989745517214,37.26640251694188,570.5688845323859,713.4510382385505,-0.08558440883643731,0.14061159844085022,-0.45173247008030165,0.07827711470744564,0.228975087987934,0.07011592879310011,0.33638031969288945,4.526550811630681,-10.796732548458511,11.901319204777408
Global PLSR,PRW,10,intercept,batch_macro,500,1206.0,561.5511334272877,15.814861247399362,540.437886021499,599.487765386365,-0.22630885759527203,0.07396766460445708,-0.4011398323802397,-0.12714735959921614,0.07670653981611288,0.0635800293959495,0.0879241743270019,5.737421884734781,-0.4946887692065471,9.412668328790822
Global PLSR,PRW,10,intercept,pooled,500,1206.0,599.123809598328,19.775232618358153,574.0265913213545,647.7975383222937,-0.018765995361028232,0.0701463879914423,-0.2006347027463372,0.06890380891004091,0.25000882253526757,0.12492047205844896,0.3279777614419398,7.3878096938621685,-0.881008877617193,11.342924299488763
Global PLSR,PRW,10,shrunken_affine,batch_macro,500,1206.0,550.4151560965804,17.489490613400402,524.218501834362,591.5090317485173,-0.16688243098418593,0.08111590908995694,-0.3668008555621959,-0.04531649838549408,0.06780566941071439,0.04484734053401035,0.08410583682690889,8.11078106233121,1.3050678962143245,12.620242348618417
Global PLSR,PRW,10,shrunken_affine,pooled,500,1206.0,591.272089740548,21.85209393684196,560.9036886579621,646.1994418279527,0.007430382983087068,0.07704264597996245,-0.18701719832418814,0.11122585182612568,0.24737568866484497,0.11928393557342598,0.3282270466902023,8.6017994242728,-0.10841999454638303,13.40584890077209
Global PLSR,PRW,20,intercept,batch_macro,500,1156.0,548.6657724090361,8.944584593624251,535.4044018149525,570.4887685973978,-0.16924581344475986,0.03953950231660228,-0.2715628460802053,-0.11275628218711137,0.07961156437848364,0.0667719735625016,0.09227727213920142,7.886238296726155,4.287820122833996,9.966759784457238
Global PLSR,PRW,20,intercept,pooled,500,1156.0,585.2033897569379,10.616541517281622,570.5978619520215,609.5116292279557,0.030610861080048093,0.03654201990001902,-0.05880191295187435,0.0771204264778835,0.2583100036488429,0.18214928092703192,0.3143737661688384,9.68281813683457,5.525387604352653,11.837362019113232
Global PLSR,PRW,20,shrunken_affine,batch_macro,500,1156.0,531.1825866218942,10.192518559536136,515.1454806910942,555.7458984261029,-0.08110453192402116,0.04577992155179752,-0.19745078028324725,-0.009217815769881428,0.06516825870614319,0.04600204976828919,0.08034738356804229,11.468974360728827,7.410784343409265,13.946747642786912
Global PLSR,PRW,20,shrunken_affine,pooled,500,1156.0,571.7539027850016,12.018273422789694,554.7372048725804,602.7128135382721,0.07447213875158087,0.04213105194259968,-0.04160648382155901,0.13105601908153455,0.25649561799172244,0.18125423217241918,0.31584112683419013,11.757726021699712,6.645836296243041,14.327311853274894
Global PLSR,PRW,40,intercept,batch_macro,500,1056.0,542.2588024732255,6.858539873695306,530.3226941609106,557.3016478957468,-0.14156308528213657,0.02679801180668152,-0.20107306237958777,-0.09835191889998665,0.07988826266518362,0.058105581433463345,0.1004970871083658,8.963582116107562,6.915357198385302,10.236028157125936
Global PLSR,PRW,40,intercept,pooled,500,1056.0,580.1231905532686,7.315809492800826,567.9049100000781,595.7267697421444,0.05227225211681222,0.020489943983501468,0.00450513218178551,0.08266730239090908,0.2608393086461584,0.20661533461196585,0.29849373546541547,10.84574447186256,8.612968884573975,12.062235012633685
Global PLSR,PRW,40,shrunken_affine,batch_macro,500,1056.0,520.803164427592,7.579289638563996,507.01859316374595,536.9372242232482,-0.03506468009789892,0.029137856842846494,-0.10507006912282228,0.010333382564561138,0.05851981585310717,0.04173590049218519,0.07185765672301277,13.338371083074014,11.00083882114997,14.973785351044183
Global PLSR,PRW,40,shrunken_affine,pooled,500,1056.0,563.5354418602526,8.368593231713767,548.5362998339194,581.2790304358455,0.10561186073528891,0.02502280603202299,0.04662231662874386,0.14235374356302682,0.2570014883526767,0.2102198296823488,0.2981538499481027,13.395342687379667,10.901320863764996,14.970630531844009
Global PLSR,PRW,80,intercept,batch_macro,500,856.0,539.5538426223997,8.598132807369767,522.0384272383839,557.4486320185396,-0.1324267294579822,0.032117137328962125,-0.20322332938440968,-0.0740604106539841,0.07991837350653187,0.04689635825893066,0.11317210708188957,9.480226357262568,7.051312720039369,11.022076901784391
Global PLSR,PRW,80,intercept,pooled,500,856.0,582.8895884307773,7.734388024651319,568.0844926893619,598.5885159560552,0.05722182792779107,0.019428688612528895,0.01628786396804746,0.08937284333120538,0.25166328956432127,0.21930964965563737,0.282670267362182,11.37452384592588,9.178058061210956,12.595445470289295
Global PLSR,PRW,80,shrunken_affine,batch_macro,500,856.0,514.9191781633862,8.290974056486805,499.52286024434324,531.3034299023345,-0.01096560697408116,0.022115388163829665,-0.06276034294120819,0.024696531948149525,0.053303951583470274,0.03582375494859284,0.06619774912775074,14.42653553056411,11.946233826994686,16.455531852878842
Global PLSR,PRW,80,shrunken_affine,pooled,500,856.0,563.9488872388031,7.802201386723981,549.8635940204216,581.0645598464746,0.11749338670380337,0.019008395747771495,0.07371729545770812,0.14712456687555067,0.24466779605598776,0.2207262842456739,0.26750178392307483,14.253951490661844,12.046608115683426,15.691629756843433
Global PLSR,RD,0,none,batch_macro,1,1256.0,0.48130966798260844,,0.48130966798260844,0.48130966798260844,-0.7187467475544335,,-0.7187467475544335,-0.7187467475544335,0.08870796619302104,0.08870796619302104,0.08870796619302104,0.0,0.0,0.0
Global PLSR,RD,0,none,pooled,1,1256.0,0.470163806787393,,0.470163806787393,0.470163806787393,-0.5357433706676371,,-0.5357433706676371,-0.5357433706676371,0.04505521194556844,0.04505521194556844,0.04505521194556844,0.0,0.0,0.0
Global PLSR,RD,5,intercept,batch_macro,500,1231.0,0.4611754284671715,0.021233218908125975,0.4307387706506706,0.5080657997273554,-0.6123020969098605,0.17021121588330676,-1.024041914942425,-0.3865276608740799,0.10008827711222165,0.07659785529030497,0.11479729831317013,3.260126776675109,-7.554688236554748,9.725455103534589
Global PLSR,RD,5,intercept,pooled,500,1231.0,0.4617552851964509,0.02365990396433322,0.42918928956339053,0.5174063938104116,-0.4866190206931346,0.15828588643507918,-0.8732827766236372,-0.2763447400131037,0.1752707216802496,0.06347774084753124,0.2596901280328467,1.7297294636291531,-10.335072534282904,8.751404224301162
Global PLSR,RD,5,shrunken_affine,batch_macro,500,1231.0,0.4444729038872546,0.023218397436724703,0.4086022653549821,0.49903951305695304,-0.49758949857606966,0.1806602854629074,-0.9532222156580132,-0.23968532718141963,0.09404397825831623,0.07026896421910533,0.11068175987654193,6.779140420289909,-5.26212326444292,14.316141842828554
Global PLSR,RD,5,shrunken_affine,pooled,500,1231.0,0.44451495084003745,0.02538668878958969,0.40722908943612535,0.5052902080759232,-0.3786855192149193,0.16406507239253013,-0.7831160416013201,-0.14409483426915012,0.176760326723133,0.05852136748909659,0.2683996826713517,5.400100621169259,-7.903100542955779,13.414987746021684
Global PLSR,RD,10,intercept,batch_macro,500,1206.0,0.4432796935579153,0.012248523820222032,0.4264282193295303,0.4746754023169575,-0.4794118522160322,0.09421281774045014,-0.7327293347324135,-0.3604895734744832,0.104814266134781,0.08582879846460714,0.12016647811374263,7.020025424862156,0.16757187865929762,10.470763085367208
Global PLSR,RD,10,intercept,pooled,500,1206.0,0.44249392780274366,0.013431862954907402,0.4252854513015569,0.476350456456896,-0.36465149029641464,0.0878849168242571,-0.5925489044565433,-0.2580662451322085,0.18551323076703716,0.09932312017946233,0.24410162471281424,5.757429052388495,-1.6180583991919093,9.364135845005178
Global PLSR,RD,10,shrunken_affine,batch_macro,500,1206.0,0.41398961646095184,0.014572009786138686,0.39151671724048087,0.4468045725897906,-0.2868523842013592,0.10494040688075783,-0.5526262351337117,-0.13515687218771238,0.09376712086453096,0.07412480530017923,0.11135874675846477,13.16978863147587,5.832998907265687,17.75608375214138
Global PLSR,RD,10,shrunken_affine,pooled,500,1206.0,0.41225338314878907,0.015725158389585894,0.3889369315215358,0.44833367955759645,-0.1852949630968495,0.09645795338312281,-0.4142754540212459,-0.04718639528411569,0.18817040710384894,0.09109602339134286,0.2541734108440803,12.19988299800631,4.3411555488569995,17.157543625176626
Global PLSR,RD,20,intercept,batch_macro,500,1156.0,0.4337110111169481,0.006680443528144846,0.42301320097664213,0.44833095008225177,-0.41238519453030403,0.047022975852972375,-0.5152168128926179,-0.33935663876453265,0.10828264610614384,0.08939050820382716,0.12681194790806535,9.015820667697529,5.528551365188256,10.936941347948146
Global PLSR,RD,20,intercept,pooled,500,1156.0,0.4322680135576934,0.006860011831041577,0.4219486073721371,0.44871409153013764,-0.30329687145329914,0.04312086947765565,-0.4046283200522616,-0.24005691779912836,0.19381024861787394,0.1387642285678849,0.23948551768007328,7.796638597282167,4.246086937549537,9.759594585472174
Global PLSR,RD,20,shrunken_affine,batch_macro,500,1156.0,0.39119129674728564,0.009211129310490352,0.3754374441333056,0.4108735485435494,-0.14199892482562698,0.06205207330104553,-0.28692983964272856,-0.045193459869843494,0.0882272139276253,0.06544659214054467,0.10352900319207178,17.958247346066145,14.132093183965427,21.0345315700381
Global PLSR,RD,20,shrunken_affine,pooled,500,1156.0,0.38821614470543236,0.00953097351335016,0.3720532887944416,0.40932388063088687,-0.051713993375142334,0.05569935191036093,-0.17137816233073438,0.03753928775508581,0.19615068641926556,0.13373632780020492,0.24738858586773346,17.196136809765484,13.193807638173478,20.364821137782116
Global PLSR,RD,40,intercept,batch_macro,500,1056.0,0.42896417783913166,0.005803428023998827,0.41783309119596396,0.4400749911578952,-0.37906284948818314,0.039210255014270265,-0.4628039559130486,-0.31108272041105794,0.110791556033583,0.08222620971547516,0.13678700051743414,10.036167955429514,7.567815378202798,11.423684653211444
Global PLSR,RD,40,intercept,pooled,500,1056.0,0.42718310191338393,0.005389018723103943,0.41739520290734267,0.4380419092387278,-0.2764327415603878,0.03552286772442249,-0.3519619497760423,-0.21854323252241004,0.1984551856716151,0.1542086402181281,0.23227258249989977,8.608695751293412,6.266289452172199,9.934125317670135
Global PLSR,RD,40,shrunken_affine,batch_macro,500,1056.0,0.37690814151176383,0.006695975114296859,0.3639116212434616,0.3909120210853865,-0.0551484847117235,0.03939536234195495,-0.1442444887243631,0.006738476166536555,0.08008438493973899,0.06221565725352056,0.09493454606818044,20.95931184241534,18.369819848325957,22.891658617406947
Global PLSR,RD,40,shrunken_affine,pooled,500,1056.0,0.37329385887414457,0.006527486206506555,0.3615860724153518,0.38782539800857274,0.02513705407085354,0.03659704188651661,-0.05512777930036982,0.08461661149755541,0.19599958775566254,0.15321646115434948,0.22871931286245917,20.140260729397045,17.594572533549577,21.99803866279753
Global PLSR,RD,80,intercept,batch_macro,500,856.0,0.42587897402869745,0.007539945251882352,0.411716400187925,0.4408697129575703,-0.36601314339232865,0.04810743461424926,-0.47660912693005775,-0.27870744099942635,0.1118865919836906,0.06259703594573301,0.15490975865788584,10.616627269419485,8.291947551899872,12.426845903233106
Global PLSR,RD,80,intercept,pooled,500,856.0,0.4235675384496319,0.006006339954856053,0.41229777198594175,0.4354513159727082,-0.26787679529508795,0.0374577202659164,-0.3382185670652663,-0.1994240394564703,0.1955667988649146,0.1613608062388467,0.2311512679583601,8.529289707920903,6.584454058923111,10.013023171622327
Global PLSR,RD,80,shrunken_affine,batch_macro,500,856.0,0.3692551879964477,0.00746379392021406,0.35439473101146124,0.38353142016471004,-0.014447791640040288,0.0266823401912408,-0.07639752161412754,0.02677953757397176,0.07120749039201452,0.05192920790382168,0.08630820051696864,22.501824075747685,20.286463918483157,24.431494843644128
Global PLSR,RD,80,shrunken_affine,pooled,500,856.0,0.3646946606778272,0.005926782713981543,0.35348701338827665,0.3764570622550409,0.06024147003377505,0.02412290401793706,0.008385256491236781,0.09986047572833288,0.18411464938949834,0.15907331713238998,0.20510671513742904,21.2440449840875,19.32745497693478,22.938379965367734
Global PLSR,SRF,0,none,batch_macro,1,1256.0,227.99529346765289,,227.99529346765289,227.99529346765289,-0.9370970994219474,,-0.9370970994219474,-0.9370970994219474,0.04126591980222843,0.04126591980222843,0.04126591980222843,0.0,0.0,0.0
Global PLSR,SRF,0,none,pooled,1,1256.0,227.96328916872122,,227.96328916872122,227.96328916872122,-0.24793776333026907,,-0.24793776333026907,-0.24793776333026907,0.07441024834918766,0.07441024834918766,0.07441024834918766,0.0,0.0,0.0
Global PLSR,SRF,5,intercept,batch_macro,500,1231.0,206.57130146870358,10.397613819158206,191.89736493562003,231.6951588330867,-0.5612402146550651,0.1824700395739725,-0.9868840776478667,-0.32794066952616674,0.06184442343768496,0.040644466775533794,0.07530120992670962,9.022842776049483,-1.3836106926949023,15.509671845902798
Global PLSR,SRF,5,intercept,pooled,500,1231.0,209.15235609913745,11.774147722056817,193.73643388502856,238.47908539859662,-0.05416524153395108,0.12361912217038276,-0.36623123046319456,0.09898724483468374,0.3739221197014108,0.17355246354407022,0.48131891577149594,8.240846563814907,-4.866389981885054,15.010718405953925
Global PLSR,SRF,5,shrunken_affine,batch_macro,500,1231.0,200.79179446108083,11.190743874067936,183.96070763938084,226.16877995348693,-0.4650819959080217,0.18969699345010937,-0.9530548498324114,-0.19946774313329177,0.05655028740767655,0.03409920675909658,0.07070279857498311,11.692791408972191,0.7778251481971249,19.325030179382978
Global PLSR,SRF,5,shrunken_affine,pooled,500,1231.0,204.06258028932115,12.44870420672968,185.94739545307021,233.36887949159825,-0.004063640615325549,0.12750366271938657,-0.31353107929517854,0.16960056676675006,0.3827665085212863,0.1821042999487225,0.4874553062526503,10.474640093230523,-2.631123758653275,18.424608770566863
Global PLSR,SRF,10,intercept,batch_macro,500,1206.0,199.06711535792917,5.440310892366758,191.25105120013419,212.59540200501513,-0.43785090723041425,0.08638425417760857,-0.6345631508310109,-0.31887812054443876,0.06474493802157878,0.049234652157685015,0.07858558731501353,12.29365640599286,6.177559079341404,15.738354811914537
Global PLSR,SRF,10,intercept,pooled,500,1206.0,201.31579558691075,6.447337012269225,192.9662833591937,216.79863477066843,0.025226128632879322,0.06530488209659463,-0.12955956776879657,0.10519881974838957,0.39040594888518926,0.25169692589843434,0.4691929930637011,11.65777018308535,4.55416521192224,15.278921297365953
Global PLSR,SRF,10,shrunken_affine,batch_macro,500,1206.0,188.33927047149186,6.183733454125479,178.0852681688059,201.96920138589684,-0.26871972957701684,0.09105178230559711,-0.4792228533301475,-0.11788598676939453,0.05515550746239768,0.038722221437643124,0.06860806481979233,17.22890155358609,10.75357705877556,21.717506150652923
Global PLSR,SRF,10,shrunken_affine,pooled,500,1206.0,191.75895812683908,7.22209235555819,180.9661602259079,209.10968491634296,0.11520200117290769,0.06947732247858794,-0.0577084159831759,0.21399712562172823,0.40951070369451187,0.2724505925468752,0.48598017824879824,15.853198142697956,8.09593781601679,20.481218884688005
Global PLSR,SRF,20,intercept,batch_macro,500,1156.0,194.12426137930265,3.114817863034724,189.55026392874467,201.49422927767122,-0.3651512907631218,0.047889501571518465,-0.4826308045470812,-0.29882550052222845,0.06752626140168273,0.04982564454140306,0.08446479088980384,14.447075492269727,11.082171098860206,16.26118784812056
Global PLSR,SRF,20,intercept,pooled,500,1156.0,196.03144793418616,3.327907197487268,191.39241162679753,204.4542872267297,0.07558712472979946,0.03246979255162326,-0.004608686140783268,0.11635031683750063,0.4057492397937204,0.32027016474741166,0.46222524832829753,13.935504648491102,10.301028540180507,15.802760514620545
Global PLSR,SRF,20,shrunken_affine,batch_macro,500,1156.0,178.72064317635818,3.8608299955084617,172.48630806153247,186.67431306204375,-0.13179716727216503,0.05289939987280067,-0.24754601373617338,-0.0496847006870451,0.05110756642321111,0.03324721232236118,0.06589837421741754,21.548264717868058,17.89048051619655,24.151906616463993
Global PLSR,SRF,20,shrunken_affine,pooled,500,1156.0,182.25228310488467,4.149001926777538,176.08172548456608,191.58077473816425,0.20076678349029492,0.037914943811784375,0.11165354703251487,0.25523673097393224,0.4326059621822208,0.359313807081847,0.48636922682512446,19.986445415260967,15.827936010719625,22.513861447388773
Global PLSR,SRF,40,intercept,batch_macro,500,1056.0,192.09899413886308,2.3253785689823014,187.73955306021955,196.61706489623216,-0.3377489424510062,0.03202720649742166,-0.4051185218175638,-0.28416213506891336,0.06798996846936281,0.040640665364577604,0.09276838695401647,15.33224638841315,13.378397277953527,16.651054895224714
Global PLSR,SRF,40,intercept,pooled,500,1056.0,193.95496475922735,2.318570560328627,189.70699965353694,198.5675536103557,0.09444639928953694,0.02134239725604273,0.049141990749512594,0.13115556233171471,0.4089471977040429,0.3494733386007989,0.4514725575906418,14.79604801730147,12.880695828137474,16.080249660154795
Global PLSR,SRF,40,shrunken_affine,batch_macro,500,1056.0,173.47366860479343,2.7985635115524956,168.50589700958875,178.89825586906912,-0.061629400506090844,0.03344844544868862,-0.13057567704516582,-0.007558734754879703,0.046515034826685585,0.028343319056894814,0.060580667694647906,23.91071134642136,21.715280214026407,25.542896641374202
Global PLSR,SRF,40,shrunken_affine,pooled,500,1056.0,177.3580730928293,2.8460790367062634,172.30210598309222,183.17278048582023,0.24271452163781748,0.023973940578189745,0.18617462456163966,0.2819701856862839,0.44017319265518107,0.3859471675500795,0.4787904967983373,22.088486438362786,19.755631080634398,23.83231313053407
Global PLSR,SRF,80,intercept,batch_macro,500,856.0,190.87758798399727,3.0582998869627347,184.92580218298855,196.70528837578996,-0.3242269254366385,0.03894587219728684,-0.4103035113479178,-0.2524522723861215,0.06875451606491616,0.031141262514240185,0.10765171583499761,15.767579284826066,13.392968761891261,17.487764273139106
Global PLSR,SRF,80,intercept,pooled,500,856.0,192.6573397413122,2.6815147980264675,187.65777088431253,197.86901018512233,0.10420538309903053,0.023766330368833296,0.05632715285131357,0.14747228812949378,0.41067227958268493,0.37119599336153236,0.4420331068971591,15.201263150490226,13.123143816657825,16.73096223094467
Global PLSR,SRF,80,shrunken_affine,batch_macro,500,856.0,170.23762752217223,2.747077258309143,165.0664882006566,175.5570578252381,-0.021315499516164002,0.02160798631561982,-0.07123037114573727,0.013212380847556528,0.04213697993365891,0.025493481742246367,0.05517041649426193,25.263341304056823,22.890088101544727,27.11467337766102
Global PLSR,SRF,80,shrunken_affine,pooled,500,856.0,174.53203219291578,2.5762441693443012,169.72315215880673,179.68391501665022,0.2648695435988439,0.018697320075219268,0.22488100878877962,0.295748712705552,0.44256270792389957,0.41187826804615085,0.46493328072857876,23.178715142708377,21.15113233646744,24.81518025086422
Nested RBF-SVR,AF,0,none,batch_macro,1,1256.0,42.97290928614048,,42.97290928614048,42.97290928614048,-0.5822293492540969,,-0.5822293492540969,-0.5822293492540969,0.04027138581319122,0.04027138581319122,0.04027138581319122,0.0,0.0,0.0
Nested RBF-SVR,AF,0,none,pooled,1,1256.0,44.93164327678395,,44.93164327678395,44.93164327678395,-0.1494076727885998,,-0.1494076727885998,-0.1494076727885998,-0.04590178320216125,-0.04590178320216125,-0.04590178320216125,0.0,0.0,0.0
Nested RBF-SVR,AF,5,intercept,batch_macro,500,1231.0,38.79641537573645,2.0287341768204334,36.14854558510411,43.79315562656,-0.27615865545989743,0.16791887695691665,-0.6951020117292547,-0.08433801621984212,0.05522529316003023,0.03751903871845524,0.06706340354674226,9.848957018573754,-2.5123195975056625,16.10697981556875
Nested RBF-SVR,AF,5,intercept,pooled,500,1231.0,41.50168382187595,2.8966432234140007,38.43984960740429,48.620074472260974,0.015054167876138978,0.15509623124483665,-0.35880540857551957,0.16219761237936672,0.3011251588137414,0.0996175868272351,0.41962233862513365,7.649031147771944,-8.703646856291623,14.568422295123892
Nested RBF-SVR,AF,5,shrunken_affine,batch_macro,500,1231.0,38.69355037036336,2.1224191961119687,35.85785927134447,44.00629366254584,-0.2660365794145507,0.1759309319924238,-0.7230874079886526,-0.06325177721404471,0.05211251238813594,0.024422746995463134,0.07479823370211394,10.232282346959508,-2.450678830932635,16.93932471981893
Nested RBF-SVR,AF,5,shrunken_affine,pooled,500,1231.0,41.54373240218443,3.028104692483113,38.24960766987579,49.23133214510966,0.01258642256682341,0.16226136661933419,-0.3943763574261927,0.17003799564608751,0.29954949259335406,0.08625308221785054,0.41516978116908954,7.554907870418522,-10.132639785271476,15.009016365521695
Nested RBF-SVR,AF,10,intercept,batch_macro,500,1206.0,37.24569125800944,1.03106170432359,35.86790707630687,39.74402705739533,-0.16154041438499592,0.07502988567063452,-0.35186095500054876,-0.06580274351234407,0.0584393959904039,0.0472475745069555,0.06773910288073823,13.511492765318607,7.562560055042358,16.863151054289535
Nested RBF-SVR,AF,10,intercept,pooled,500,1206.0,39.74513830758388,1.2948946516287942,38.130447417760244,43.073206362471225,0.1020669409909653,0.06292391186643553,-0.06993341401573588,0.17489518592518347,0.3218796158818035,0.19899434294062185,0.4088578079918509,11.629914495752391,3.574218096986776,15.238132021655037
Nested RBF-SVR,AF,10,shrunken_affine,batch_macro,500,1206.0,36.878725719588275,1.0635552604358003,35.411539152203545,39.335262728741746,-0.1309291261613765,0.07693674848828523,-0.32464935316347826,-0.027954370130963888,0.056035419196091986,0.030275982283992166,0.07788691972328168,14.580371046768011,8.737414249701065,18.12342612316751
Nested RBF-SVR,AF,10,shrunken_affine,pooled,500,1206.0,39.58839272793969,1.3240546455708186,37.95501407706573,43.06945527313498,0.10904756498955184,0.06451275540692952,-0.0674011821853989,0.18298838190289302,0.32253832508636304,0.2004762380206276,0.4107338636515076,11.977740550501546,3.594469095590687,15.598679358574246
Nested RBF-SVR,AF,20,intercept,batch_macro,500,1156.0,36.49372141777565,0.60898928981357,35.511144475431074,37.7781052006675,-0.11192964382676227,0.04154343278602612,-0.20187640739303386,-0.05723574547190445,0.05996277075014927,0.049890735206387114,0.07075649608511599,15.249523466062332,11.612885895316102,17.2630771034616
Nested RBF-SVR,AF,20,intercept,pooled,500,1156.0,38.991210854861386,0.7470773301093807,37.9131741699542,40.88034524561757,0.13836403471810566,0.03491893017332172,0.044215323998154026,0.18014865485023285,0.3332118075943612,0.23305757883438138,0.39819663604337524,13.372742569332111,8.776605932932137,15.478949007542292
Nested RBF-SVR,AF,20,shrunken_affine,batch_macro,500,1156.0,35.91749245522648,0.6697570998109511,34.80058593702513,37.44223621700084,-0.06599263463592395,0.04535458799711605,-0.1695850930211941,-5.733353604635172e-05,0.05688536769867039,0.03398689044670526,0.07895405389798522,16.90301171334987,12.842753363130857,19.314827006190555
Nested RBF-SVR,AF,20,shrunken_affine,pooled,500,1156.0,38.70889225683715,0.8077518901683152,37.51610886571806,40.8016118852981,0.1506778911626497,0.03870382909169097,0.04320082608301707,0.20168636769592604,0.33529104609692856,0.23577631715936415,0.40339833565008826,13.998928710107007,8.559212990741944,16.488552440152926
Nested RBF-SVR,AF,40,intercept,batch_macro,500,1056.0,36.01594246087927,0.47960449438038505,35.15781601515104,37.06123145184426,-0.08185068642257948,0.02342538252006001,-0.1349133815634364,-0.04523412633890948,0.061561567504053824,0.04343905758186153,0.08118034632481598,16.435278045367482,14.337404144664234,17.897297736279594
Nested RBF-SVR,AF,40,intercept,pooled,500,1056.0,38.616527591176066,0.5181999414425024,37.68464224652938,39.66300361485863,0.1618480409427624,0.01969623016035926,0.11079999567164772,0.188671314318084,0.33790721908117965,0.27931665496523805,0.3810580012304541,14.460796952700903,11.68746846101182,15.71104037303284
Nested RBF-SVR,AF,40,shrunken_affine,batch_macro,500,1056.0,35.23898566527585,0.5047390768249947,34.30381804438872,36.303917519324436,-0.02271721892996245,0.025215924266638084,-0.07827110160549627,0.015441288078684124,0.056424150288256536,0.03633333349817054,0.07482697505076696,18.60002240389492,16.35119552189791,20.29745337286639
Nested RBF-SVR,AF,40,shrunken_affine,pooled,500,1056.0,38.19029693391395,0.541701814757635,37.24956827100486,39.34202217050946,0.18020731837533313,0.02167500674394429,0.12259453648319868,0.20859942732483275,0.34004856975191877,0.2811968595505185,0.3877786100370842,15.404499416004647,12.570274717531417,16.822567671069585
Nested RBF-SVR,AF,80,intercept,batch_macro,500,856.0,35.79625543514616,0.719792488761448,34.47715316505171,37.31379983436169,-0.0715532679976666,0.023066112134668176,-0.11733557521519351,-0.03009800158368897,0.06163713382602657,0.035423019320843685,0.09056631118841532,16.980187167416606,14.579498450039065,19.195827369958774
Nested RBF-SVR,AF,80,intercept,pooled,500,856.0,38.740170648763,0.753593766710401,37.38964002787944,40.32103479642226,0.17108577024567312,0.01585205379482859,0.1376046002237188,0.19785255397660387,0.3382190847012019,0.30100072645026504,0.36698736545399185,14.765772093253736,13.029352115512303,16.28661772943203
Nested RBF-SVR,AF,80,shrunken_affine,batch_macro,500,856.0,34.87894870089518,0.7217379253159721,33.51836776029618,36.41019064438456,-0.0022717755164925603,0.01845188532465798,-0.04303928966038816,0.026616207696397342,0.05507050482100687,0.03773989928486139,0.06967610537553327,19.50941555906912,16.776595703205174,21.93704921418523
Nested RBF-SVR,AF,80,shrunken_affine,pooled,500,856.0,38.248047198588736,0.770753181539763,36.84673395400685,39.7756843023702,0.1920015459681843,0.017099273206986322,0.15406565756796778,0.22126794202499134,0.34028621056536784,0.29957331135200554,0.3719230698978528,15.84847033232111,13.719597886463914,17.52875044061936
Nested RBF-SVR,F6,0,none,batch_macro,1,1256.0,55.255004460861244,,55.255004460861244,55.255004460861244,-0.6361376158531644,,-0.6361376158531644,-0.6361376158531644,-0.0071794205415681,-0.0071794205415681,-0.0071794205415681,0.0,0.0,0.0
Nested RBF-SVR,F6,0,none,pooled,1,1256.0,57.02559059224282,,57.02559059224282,57.02559059224282,-0.24640585465826081,,-0.24640585465826081,-0.24640585465826081,-0.1672016213130974,-0.1672016213130974,-0.1672016213130974,0.0,0.0,0.0
Nested RBF-SVR,F6,5,intercept,batch_macro,500,1231.0,49.07233783856423,2.3336336491447964,45.66714515704733,54.631131710296074,-0.23405625195038016,0.1342037403869963,-0.5784460150361033,-0.047062067061239936,-0.005523117527132836,-0.008354724124417677,-0.0014422956899821442,11.653222359110595,1.54677536957649,18.01772246366632
Nested RBF-SVR,F6,5,intercept,pooled,500,1231.0,52.119723160279406,2.943513155601504,48.31702208499799,59.664525139775066,-0.04374082966973225,0.1262014715824361,-0.3765000877920259,0.11091697167313491,0.20144102043400644,0.028488681282417373,0.32508318558837573,8.636865254947104,-5.052038275557193,15.487018815794197
Nested RBF-SVR,F6,5,shrunken_affine,batch_macro,500,1231.0,48.71287234164568,2.5038341180030153,45.318240225860436,55.0935625570736,-0.2181964332068734,0.14339666730992137,-0.5831651358894101,-0.03704118093616176,0.017108121298834714,-0.022791521208629945,0.05350550136749767,12.399705543064302,1.5022957496741562,18.517509504902595
Nested RBF-SVR,F6,5,shrunken_affine,pooled,500,1231.0,51.83364434867231,3.2123000822569585,47.90519696179244,59.81682749024963,-0.03301597626084863,0.1380116255474817,-0.3834670097951413,0.1257338504489417,0.21706055667630728,0.04332102509093175,0.34044138236648164,9.137736245942927,-5.39864407897178,16.226623823920367
Nested RBF-SVR,F6,10,intercept,batch_macro,500,1206.0,47.07050555894394,1.3327403885795137,45.28378996754268,50.3018435474062,-0.12373011700486078,0.07076958777439091,-0.3061589970928309,-0.03607783917693962,-0.00595796084379443,-0.008777616346117175,-0.002499936680378665,15.316056054936567,9.437082150674344,18.556354592194303
Nested RBF-SVR,F6,10,intercept,pooled,500,1206.0,49.95847798190111,1.6527981585048381,48.01529764333227,54.210300742748586,0.044831204243518274,0.06710845002153339,-0.11983602697727333,0.12054102076531296,0.219934406180464,0.08338245127135538,0.30813894938953046,12.487387885094112,5.217002580624432,15.945195710618393
Nested RBF-SVR,F6,10,shrunken_affine,batch_macro,500,1206.0,46.232354588237335,1.4435112982776608,44.23241258187354,49.762804592890205,-0.0848904295252058,0.07324990385541115,-0.26630739324588587,0.012896954507991186,0.03643585389561112,-0.01302174519676644,0.08085231413584625,16.95192098729531,10.714119431016984,20.6480959761139
Nested RBF-SVR,F6,10,shrunken_affine,pooled,500,1206.0,49.15140166690675,1.7774927908154445,46.93189879983116,53.5813689675428,0.0752581022886814,0.0702962537094721,-0.1004112925873733,0.1566704106254905,0.25003472565324214,0.11173100868282013,0.34423714967577707,13.901445297923349,5.972934435132841,17.7214909611413
Nested RBF-SVR,F6,20,intercept,batch_macro,500,1156.0,46.021243993449104,0.729945756308785,44.940155650373214,47.734909275067636,-0.0719976688240837,0.03438426717099617,-0.1519643263019148,-0.02488014544678726,-0.006138228293766461,-0.01000387207941577,-0.002351468742687126,17.142166185431144,13.728426469029676,18.999713541079622
Nested RBF-SVR,F6,20,intercept,pooled,500,1156.0,48.8843811154973,0.8849185666092654,47.70317951742508,50.84417084631451,0.08646242635082721,0.035013820130416796,0.004199934478553175,0.12732255048115904,0.22951354991525624,0.13775268412737715,0.29420776579925934,14.373503468398248,10.443536492990914,16.291031094116136
Nested RBF-SVR,F6,20,shrunken_affine,batch_macro,500,1156.0,44.75741277743771,0.8291227417674203,43.59947460300242,46.60499896124061,-0.01500262198948627,0.03750371454099006,-0.10048560170359656,0.04038620277593427,0.06262942249844675,0.01649382015263549,0.09947478779238018,19.595652676597197,15.987098930931946,21.730837915737464
Nested RBF-SVR,F6,20,shrunken_affine,pooled,500,1156.0,47.640900848550366,1.0115133673701806,46.253625583498625,49.97954084161114,0.1322538378996006,0.03832063093727813,0.0412891610624005,0.17877140135674865,0.2791188306052907,0.18357452125794282,0.34374366307291726,16.55190854136885,12.19848192460386,18.802038668455967
Nested RBF-SVR,F6,40,intercept,batch_macro,500,1056.0,45.45130905316988,0.5713407418608495,44.446216839817225,46.64746469995919,-0.04582367585030812,0.020055331024198646,-0.0944717346772498,-0.018213387183613917,-0.006205671235237626,-0.012076277599855547,-0.00039020688064096384,18.153796974771737,15.776354154336017,19.655861018877154
Nested RBF-SVR,F6,40,intercept,pooled,500,1056.0,48.43942877319437,0.6165258935132969,47.41895692172119,49.81618627458271,0.10656848597339964,0.020496278941975605,0.04962454055222903,0.13063678844986001,0.2336667614001277,0.1737590100642812,0.27661087507337107,15.277635194765095,12.441229174204878,16.50160793326318
Nested RBF-SVR,F6,40,shrunken_affine,batch_macro,500,1056.0,43.86810771313803,0.6195298823214037,42.737806419406006,45.224431292922816,0.024533110219237098,0.022345210921363712,-0.025731198134402056,0.056822124771153754,0.08780872874828387,0.05611227451889177,0.11519085514391283,21.220425983265706,18.565986827754227,22.9470423979446
Nested RBF-SVR,F6,40,shrunken_affine,pooled,500,1056.0,46.87016717632781,0.6793674058366941,45.752162168489086,48.44550006253319,0.16348386377320176,0.022307510688028654,0.10359611947215568,0.1925118421732891,0.30077304773408303,0.24625774103159062,0.34273789126949294,18.022447340999527,15.060046597730068,19.524981441366787
Nested RBF-SVR,F6,80,intercept,batch_macro,500,856.0,45.221630314268914,0.7249598244220778,43.841414792939055,46.61484391446294,-0.03532912495120161,0.014253522317354167,-0.06862966830433832,-0.014141121460119229,-0.006293037959071891,-0.016713825491803443,0.004238713551753496,18.678305935773377,15.945345840135401,20.715697812416618
Nested RBF-SVR,F6,80,intercept,pooled,500,856.0,48.6349390337003,0.7719315746060512,47.1500845636959,50.17294449011603,0.11262748066789527,0.014623116574467814,0.07925543423459035,0.13388371763767393,0.2263871082788052,0.1931663839807781,0.2514863499018647,15.483656015765009,13.500163901976526,16.810992555881015
Nested RBF-SVR,F6,80,shrunken_affine,batch_macro,500,856.0,43.42539453183991,0.7348789019583595,42.07154995090033,44.78955044596721,0.043982346983504374,0.015655087062201267,0.00991748514148765,0.06890651256464772,0.10502693883453944,0.08243168096725498,0.12719564564072874,22.13379768265343,19.4956372320177,24.29178652354068
Nested RBF-SVR,F6,80,shrunken_affine,pooled,500,856.0,46.840021872138415,0.7816503979121103,45.296290176909935,48.350962045329794,0.1769186271813745,0.01475326852345378,0.14583194219535628,0.19862539500828422,0.30677032667843857,0.27344477725102306,0.3363755625631542,18.603361096907317,16.70310209235898,20.01205035619092
Nested RBF-SVR,LS,0,none,batch_macro,1,1256.0,94.4992069009573,,94.4992069009573,94.4992069009573,-0.3924371818427765,,-0.3924371818427765,-0.3924371818427765,-0.004239066120994896,-0.004239066120994896,-0.004239066120994896,0.0,0.0,0.0
Nested RBF-SVR,LS,0,none,pooled,1,1256.0,96.41899828663347,,96.41899828663347,96.41899828663347,-0.1959021092479536,,-0.1959021092479536,-0.1959021092479536,-0.12866051509123502,-0.12866051509123502,-0.12866051509123502,0.0,0.0,0.0
Nested RBF-SVR,LS,5,intercept,batch_macro,500,1231.0,88.76947281077759,4.620501100020342,82.71162164360129,99.57617035695117,-0.23714482288696975,0.15552369320651202,-0.6388866661791931,-0.05418641375856946,-0.003947412959219344,-0.010706424229344832,0.001929615871094214,5.841718109941954,-6.542294800826222,12.47138873409057
Nested RBF-SVR,LS,5,intercept,pooled,500,1231.0,91.31434261684635,5.429819697062186,84.87420614513721,103.43455972860957,-0.07630779257397226,0.13762776713129646,-0.3873144429286035,0.0759510125350192,0.1751215493776419,0.0030904170038185646,0.2935309349764087,5.306448134324658,-7.668428237931826,12.072769785043864
Nested RBF-SVR,LS,5,shrunken_affine,batch_macro,500,1231.0,88.76094031854299,4.768710166714163,82.42290820065796,99.48410246529981,-0.23796665506523867,0.1604256745173361,-0.6643906207396596,-0.046747174298706506,0.0032674324223159446,-0.02251766119102242,0.026573301693008505,5.844755177321229,-6.763950039589164,12.70048217767107
Nested RBF-SVR,LS,5,shrunken_affine,pooled,500,1231.0,91.44300554716256,5.621189253559294,84.50613152191683,105.94197741639648,-0.07962155143966221,0.1431153136615105,-0.45185216912060944,0.08376704465639247,0.1778854431288023,0.0019514193990222142,0.29171887710384603,5.172855093891215,-10.159986480503344,12.416997145895106
Nested RBF-SVR,LS,10,intercept,batch_macro,500,1206.0,85.29524970483493,2.2039273442321075,82.07806979095325,90.34703401071134,-0.1289695258823528,0.06782323688266051,-0.29453012634376763,-0.03983919553449939,-0.0041355592308109914,-0.00902865641362305,0.0003848537374162953,9.594164854778548,4.038090701632745,13.110885052328396
Nested RBF-SVR,LS,10,intercept,pooled,500,1206.0,87.68295321833787,2.5898004319464736,84.19975561191204,94.19791421597385,0.0104419543493896,0.06137966831111325,-0.15620655828182659,0.08844969712466327,0.1931665717335735,0.07442301091151378,0.2796817079245966,9.072596426088348,1.6840415879814823,12.75688856049087
Nested RBF-SVR,LS,10,shrunken_affine,batch_macro,500,1206.0,84.8857910514053,2.3885650223845216,81.20974544156356,90.50813848928647,-0.11886390930449237,0.0741577475899934,-0.3077172816863182,-0.018932944490547412,0.01021139939518979,-0.018911351311384078,0.03735956546331992,10.029037831231015,3.7223700937236415,13.88942039336342
Nested RBF-SVR,LS,10,shrunken_affine,pooled,500,1206.0,87.45131672689949,2.7941952527732803,83.58569245421359,95.15232721130533,0.015471794934000459,0.0667377791390074,-0.16410456501352658,0.10045074994834599,0.20014827108208796,0.07816879668519991,0.2863436951752046,9.31198117611881,1.2919582361624486,13.213851251697296
Nested RBF-SVR,LS,20,intercept,batch_macro,500,1156.0,83.34302407345204,1.340753005975979,81.28818010456885,86.42123585976826,-0.07439758084334183,0.036061723912548256,-0.15791510825482,-0.029594720456196287,-0.004625550889102623,-0.008951272023428344,1.6038141069707434e-05,11.724492308082452,7.980356119976995,13.658329063492362
Nested RBF-SVR,LS,20,intercept,pooled,500,1156.0,85.66244998414318,1.48121682012717,83.43458857373683,88.98580176494697,0.05771673209431873,0.03427368186983468,-0.015168372663556981,0.09767795116507945,0.19556443928461356,0.11000522723235193,0.2599706132219617,11.260703114548264,7.634545093214677,13.232223848861006
Nested RBF-SVR,LS,20,shrunken_affine,batch_macro,500,1156.0,82.64870817538358,1.465842439723633,80.28129037970645,85.8019916912239,-0.056864600040290335,0.03986905493141437,-0.1487337241672274,-0.002630393324734248,0.01973222000779597,-0.010835609076559559,0.042124924359731884,12.456437288302412,8.689704034120034,14.637916701227123
Nested RBF-SVR,LS,20,shrunken_affine,pooled,500,1156.0,85.20519700139508,1.5922403281608417,82.81593409792076,88.77470824959501,0.06766156171369211,0.0375651612251415,-0.021590101597321304,0.11498534437778506,0.2076675397901022,0.11946710279259291,0.27493173175480473,11.733750625254956,7.6048558966745725,13.934559883622432
Nested RBF-SVR,LS,40,intercept,batch_macro,500,1056.0,82.40070139493126,1.1039823126202382,80.30573018119847,84.69261760949495,-0.050554214228273636,0.021490800967392747,-0.10313047985413656,-0.02305179281653484,-0.004689920676084643,-0.011200460944720287,0.0009883029478265203,12.67584843352991,10.339533469606748,14.180266229139582
Nested RBF-SVR,LS,40,intercept,pooled,500,1056.0,84.74538720454736,1.1347480821602098,82.89383492536854,87.28859875690361,0.0783935811112278,0.020841283605182528,0.02699003057303031,0.1045795393873347,0.2010603627937284,0.14239214872239908,0.24392475865540025,12.238939335363192,9.843444862799593,13.611078567510212
Nested RBF-SVR,LS,40,shrunken_affine,batch_macro,500,1056.0,81.34889521664884,1.1643316179076821,79.16083911529205,83.7465317215605,-0.023818242692420673,0.023466245392174827,-0.07769527907447736,0.010189174915086748,0.027330148698665627,0.0062770929388403715,0.0451891745458193,13.790633896550172,11.347630962672179,15.451709619822694
Nested RBF-SVR,LS,40,shrunken_affine,pooled,500,1056.0,84.00747294377248,1.215514601958877,81.93177050986692,86.6222490920958,0.0943208155214639,0.023848110918808695,0.03647487288403722,0.12664013363118276,0.21737128560913677,0.16015260493914799,0.259428954524712,13.002549639622613,10.108111972198511,14.645011622179615
Nested RBF-SVR,LS,80,intercept,batch_macro,500,856.0,81.8427866611579,1.5011120817986299,78.80204577034961,84.83166729680899,-0.03965118352266426,0.016436640513696622,-0.07696642774389117,-0.016120318734005556,-0.004438249880216386,-0.014692638116792268,0.006741941180547268,13.311354677292824,10.66561981620241,15.19882953512649
Nested RBF-SVR,LS,80,intercept,pooled,500,856.0,84.4299333800769,1.3309514794043693,81.92412762675485,86.99756257763913,0.08833574817619998,0.016646886054255242,0.04841750629837659,0.11327947484529845,0.2001507095453491,0.16958066945055797,0.2248844523618961,12.730315410638742,10.521422703411819,14.273706514902248
Nested RBF-SVR,LS,80,shrunken_affine,batch_macro,500,856.0,80.49355253785197,1.506363594742321,77.46721917209256,83.6062010286839,-0.005500973595008266,0.016862135674878848,-0.0481750147069126,0.017779478523892018,0.03420069502797587,0.02092003648706363,0.04571863260929076,14.739785358097238,11.96738605423589,16.86526822203452
Nested RBF-SVR,LS,80,shrunken_affine,pooled,500,856.0,83.4749220515722,1.3449230755098993,80.86080422701271,86.06426329534936,0.10883696497330614,0.017140672882574537,0.06582318264768763,0.13421700591848482,0.21885862671276626,0.19247456926472717,0.24364298152268388,13.71739112931189,11.359899081132582,15.308539066264203
Nested RBF-SVR,LW,0,none,batch_macro,1,1256.0,802.9658617663799,,802.9658617663799,802.9658617663799,-1.2737618140232374,,-1.2737618140232374,-1.2737618140232374,0.004337221450483475,0.004337221450483475,0.004337221450483475,0.0,0.0,0.0
Nested RBF-SVR,LW,0,none,pooled,1,1256.0,812.1445062608668,,812.1445062608668,812.1445062608668,-0.30004116977116335,,-0.30004116977116335,-0.30004116977116335,-0.20077657875569285,-0.20077657875569285,-0.20077657875569285,0.0,0.0,0.0
Nested RBF-SVR,LW,5,intercept,batch_macro,500,1231.0,642.5757747674351,30.02263330362011,601.5118528620404,717.8117400281519,-0.2076570661626753,0.1308094474127087,-0.5384238914305356,-0.039583602663092826,0.009793516994510995,0.006869718212960662,0.012743151805760548,18.662606170748603,8.437576404214797,24.014690636863868
Nested RBF-SVR,LW,5,intercept,pooled,500,1231.0,679.7462923096084,37.343632539871535,632.545605574459,778.0229262005417,0.0866455680602207,0.10557273589563078,-0.19946516622378724,0.21393660156505193,0.33601809743508215,0.15058235446462426,0.4456400348362804,16.308054095295475,3.9727948578723904,22.258467385803755
Nested RBF-SVR,LW,5,shrunken_affine,batch_macro,500,1231.0,644.9800123312685,31.773612947647052,600.3640469047189,724.7831122354734,-0.2179798851195052,0.13940302281572067,-0.5806064457298621,-0.04106659116328413,0.013335572509653107,-0.006030603901582551,0.034151123360568296,18.38291708921941,8.586483477841814,24.149368347022904
Nested RBF-SVR,LW,5,shrunken_affine,pooled,500,1231.0,682.1197751641806,41.18674327822843,631.6403720910802,793.2412720131164,0.07966998597701329,0.11969595245339236,-0.24611215404098968,0.21550070392707177,0.3373362728485924,0.15414355441268413,0.45072781250325716,16.015705641644086,2.1472965878309678,22.286017791011844
Nested RBF-SVR,LW,10,intercept,batch_macro,500,1206.0,619.6562179059239,16.348357632162962,594.9639107180886,657.8290642367344,-0.11228985930306519,0.06466301156591918,-0.2729091759239504,-0.016744494147996145,0.010419480726428839,0.007286692603114572,0.01335544853515648,21.55501732767361,16.714220036751787,24.815996562955473
Nested RBF-SVR,LW,10,intercept,pooled,500,1206.0,654.7504241989644,20.079611487247107,627.612021369276,697.6452974044024,0.15468716824644807,0.05401136795535051,0.03758416564762616,0.22634184301369836,0.35694609462828103,0.2487819566925933,0.43541852211664334,19.394170046317754,13.979087836345178,22.810564793781353
Nested RBF-SVR,LW,10,shrunken_affine,batch_macro,500,1206.0,621.4975690951371,17.482824037650282,594.673302680955,664.5038164996521,-0.11948700602784686,0.06955160091120731,-0.2944023737257106,-0.0171969584838514,0.01400686737633878,-0.008975470324689929,0.03545795401062829,21.35538500466183,15.916895070259745,24.90036345173058
Nested RBF-SVR,LW,10,shrunken_affine,pooled,500,1206.0,656.185643181023,21.608422645332926,626.4278724090077,707.9336401531591,0.15084217944419606,0.05844907465549088,0.0035789308952522657,0.22882506594045765,0.35880938489733477,0.24175901200164018,0.44140623402011747,19.21723678714841,12.426126347054874,22.946350072868228
Nested RBF-SVR,LW,20,intercept,batch_macro,500,1156.0,605.3983806248845,10.21026284837044,590.0747033734835,629.0701958163222,-0.0599009760133373,0.03922758632863999,-0.15779469187244724,-0.010479466192505723,0.011077380080014222,0.0070016857466699035,0.015732361323130155,23.352675753899973,19.81072128140761,25.175524758060156
Nested RBF-SVR,LW,20,intercept,pooled,500,1156.0,639.8572348330983,11.761724893688454,623.1924844883447,669.0322106982455,0.19383798042104697,0.03050729056133358,0.11698691473481052,0.2322786678950558,0.36603621613548604,0.2842745974203503,0.42019097443179965,21.250438214694597,17.62897597243003,23.114845021415025
Nested RBF-SVR,LW,20,shrunken_affine,batch_macro,500,1156.0,606.0975909997802,10.729015693641903,589.1556311638849,630.4110879865787,-0.06308716745177242,0.04108821636582427,-0.16224874120256974,-0.005921776215856104,0.016737756761238863,-0.007390420940743787,0.035134465301313034,23.301757573104766,19.644216808967762,25.37107320975863
Nested RBF-SVR,LW,20,shrunken_affine,pooled,500,1156.0,639.5395222329759,12.392779598817205,621.0638776623183,668.2361511338573,0.19460539910928104,0.03212824421222241,0.11675421252677975,0.23835645058651667,0.3714246077355488,0.2891250868212224,0.42953128391191997,21.28953604164046,17.589768667076207,23.46960515536128
Nested RBF-SVR,LW,40,intercept,batch_macro,500,1056.0,597.1890312558962,6.943720142575093,583.3588536361575,610.9811914181928,-0.03121452933699173,0.01904270364949534,-0.07751930323107685,-0.004559153642722466,0.011372151885954534,0.004774815367044732,0.018410130640871825,24.38850708625791,22.41393664697838,25.7426851476098
Nested RBF-SVR,LW,40,intercept,pooled,500,1056.0,633.0516282254988,7.666572669833325,618.8341098216266,649.8601476059199,0.21189059507647728,0.016755679103216455,0.16881680140043998,0.2352912160404824,0.37089893033296384,0.3206272166531078,0.4038329324376757,22.107099376650332,19.94596845663859,23.406339534583008
Nested RBF-SVR,LW,40,shrunken_affine,batch_macro,500,1056.0,596.6804216172816,7.491344710986068,582.7579711626291,611.0996460350367,-0.0304576509583787,0.02266863177028637,-0.08294044634710925,0.0021336615739228986,0.01872145294209919,-0.0006532254903987419,0.03343606755233121,24.49577142994677,22.216099794699424,26.020082503117763
Nested RBF-SVR,LW,40,shrunken_affine,pooled,500,1056.0,631.0905941146616,8.282257508968387,616.3306234391408,648.1823130424473,0.2167396428451547,0.018721165260613466,0.17219184308936308,0.24394034244275895,0.37966700499064904,0.32713432286593197,0.41474830083043895,22.348302073061692,20.12048211594938,23.76538420936854
Nested RBF-SVR,LW,80,intercept,batch_macro,500,856.0,594.0948560181023,8.247096067714171,577.4717553555427,610.3391633979693,-0.022641721912760347,0.013788425929643263,-0.0557974979772606,-0.0017916279850627183,0.01099100188806073,-0.0006476224869058578,0.021658568901233823,24.83108561651546,22.604022639880192,26.40482421281013
Nested RBF-SVR,LW,80,intercept,pooled,500,856.0,634.8322370757575,8.183286890212505,619.6102778506961,651.0048625079704,0.21034016202270206,0.015220994334893599,0.17346798580922826,0.23382960493174923,0.36077723626914987,0.33294667631554864,0.37909937120049725,22.00771770707115,19.851352993741173,23.41372597677495
Nested RBF-SVR,LW,80,shrunken_affine,batch_macro,500,856.0,592.2027064885331,8.386653162897277,575.599690055299,608.8899946272343,-0.01672482408775896,0.015754225653523767,-0.05479238629947561,0.00700035667379072,0.020717719636701264,0.006337311027953912,0.03143570268210143,25.11966449484475,22.754735896071924,26.767008311088542
Nested RBF-SVR,LW,80,shrunken_affine,pooled,500,856.0,631.2049854195625,8.365308788373722,615.611102716683,648.8006614829336,0.21932223481111002,0.016225611485394482,0.1795852399683859,0.24361698950148697,0.3731804135110719,0.34554601391290907,0.39413051016091133,22.45324388447047,20.26584017702464,23.957563882441796
Nested RBF-SVR,MFF,0,none,batch_macro,1,1256.0,54.44998940389094,,54.44998940389094,54.44998940389094,-0.7285115307351597,,-0.7285115307351597,-0.7285115307351597,-0.009769180066186142,-0.009769180066186142,-0.009769180066186142,0.0,0.0,0.0
Nested RBF-SVR,MFF,0,none,pooled,1,1256.0,56.796121794636505,,56.796121794636505,56.796121794636505,-0.19470057707345867,,-0.19470057707345867,-0.19470057707345867,-0.10859306693268617,-0.10859306693268617,-0.10859306693268617,0.0,0.0,0.0
Nested RBF-SVR,MFF,5,intercept,batch_macro,500,1231.0,49.122560839712925,2.7401590680862586,45.554541815310934,56.1182330633274,-0.2893229244960763,0.1605936361997159,-0.6915775727599424,-0.09048934953226923,-0.003271844356158782,-0.010720618683127152,0.002936095725163416,10.419762170115368,-1.4249650257164455,16.930963294336248
Nested RBF-SVR,MFF,5,intercept,pooled,500,1231.0,52.93816055634137,3.671532536608767,48.72862022896371,62.231494765866614,-0.04260182021245402,0.15810662080791485,-0.4582552464595184,0.1216488783197252,0.23827372949856276,0.019860104576973514,0.3715993315682276,6.816235732668232,-10.54003711223425,14.254123862810907
Nested RBF-SVR,MFF,5,shrunken_affine,batch_macro,500,1231.0,48.90621535904937,2.83935984290686,44.901693831711015,56.06183650207003,-0.2796479016253369,0.16652585333593234,-0.6869178949445763,-0.06436146919795302,0.002711142049347961,-0.026080357771866135,0.026913634544828795,10.806596916347207,-1.1038532757437105,18.117566634869345
Nested RBF-SVR,MFF,5,shrunken_affine,pooled,500,1231.0,52.73700996002954,3.807744777333328,47.986546420474916,62.33703294874631,-0.03515521545951963,0.16298239305683906,-0.4545125931441241,0.14822661707407403,0.24641927802170568,0.04638470723898542,0.38344463778260457,7.169608959580573,-10.269471403781587,15.51403965408748
Nested RBF-SVR,MFF,10,intercept,batch_macro,500,1206.0,46.86713933610066,1.1951188820745435,45.29859399271457,49.75491253258603,-0.16207076777981613,0.06582908101664586,-0.3232549194621964,-0.07897182796696353,-0.0036967370610226547,-0.011009496292408228,0.0036560925021298044,14.47328113457154,9.47536062281134,17.403430590999303
Nested RBF-SVR,MFF,10,intercept,pooled,500,1206.0,50.31968850818528,1.6373926303475328,48.48162443705809,54.07004056416412,0.0634979555309843,0.06643778286719373,-0.08528998637718395,0.1316846495646012,0.2719091075184265,0.13568485035875943,0.3637827900041685,11.489270134560677,4.594816358816244,14.72920931180771
Nested RBF-SVR,MFF,10,shrunken_affine,batch_macro,500,1206.0,46.190347612419565,1.3062888625280002,44.275100621859124,49.30442786393172,-0.13031974913495886,0.07203847996106949,-0.3134910229554436,-0.03145537195749216,0.009905633270381447,-0.015640705503620424,0.03680035931533542,15.691646215327683,10.115324161063606,19.16394061718673
Nested RBF-SVR,MFF,10,shrunken_affine,pooled,500,1206.0,49.60432144631158,1.7680149859571737,47.36140048594173,53.40862549411206,0.08970925428912088,0.07099460301456338,-0.0687630351161131,0.1728627397058666,0.2902972229465119,0.14868109496995827,0.3817527640383104,12.747120437729409,5.5235252731448155,16.731412619414034
Nested RBF-SVR,MFF,20,intercept,batch_macro,500,1156.0,46.04960625042681,0.7733775390847539,44.87980066603617,47.82078364156659,-0.1196141227335952,0.037485145598271444,-0.21413947578446232,-0.0695967718932224,-0.004090187865482462,-0.013364561398336612,0.005877926877233249,16.0019249265468,12.288888885862532,17.978977317153607
Nested RBF-SVR,MFF,20,intercept,pooled,500,1156.0,49.491112578171844,1.011428944869248,48.240221144853926,52.19916654106863,0.0968240811451067,0.039552041759554686,-0.01253776438894007,0.13836809863354144,0.27763959865482135,0.1748038040019653,0.35246886345110856,13.032765959702683,7.834519713441404,15.048235747989944
Nested RBF-SVR,MFF,20,shrunken_affine,batch_macro,500,1156.0,45.06333479254402,0.8811916357834906,43.62471242405356,47.08585235009821,-0.07381340634681782,0.04194973088906942,-0.1678067783884868,-0.01099534657085419,0.017834770197011615,-0.013212168362088559,0.04189725073821761,17.771085879560957,13.986234726205323,20.10245763245615
Nested RBF-SVR,MFF,20,shrunken_affine,pooled,500,1156.0,48.41011358132259,1.1535668233307228,46.847355777214396,51.277043453665044,0.13571020333416006,0.04377486450263432,0.028170155209628855,0.188561662493549,0.3073526619551335,0.19228870694636446,0.3844344759846854,14.9325173019157,9.77364015884877,17.497225417149064
Nested RBF-SVR,MFF,40,intercept,batch_macro,500,1056.0,45.41364376562742,0.5470678862862716,44.40963942087843,46.533953823302525,-0.08889552601366155,0.02282085311548701,-0.14618693693276713,-0.05515723283578864,-0.0037323645763955287,-0.01676364272381856,0.009485569857021281,17.152111123732684,15.077002356395866,18.570201915806994
Nested RBF-SVR,MFF,40,intercept,pooled,500,1056.0,48.954723232457226,0.6121389010430733,48.01137270054672,50.47166086323797,0.1218180012724265,0.019615233235182637,0.06930160982193738,0.1461891024652938,0.28220285354454755,0.21118771688405197,0.3293900540712076,14.180696534108597,11.740966473499265,15.435185667613768
Nested RBF-SVR,MFF,40,shrunken_affine,batch_macro,500,1056.0,44.125308709512346,0.5932766036384101,43.120273732968364,45.45663197229731,-0.029487006893121902,0.02462215197203507,-0.08719495283800908,0.007886960783043377,0.02644244489079755,0.0046533262594608766,0.04625889062117724,19.45396626187997,17.15593829388965,21.068451526094954
Nested RBF-SVR,MFF,40,shrunken_affine,pooled,500,1056.0,47.54142380444565,0.6686655748409732,46.443636894158026,49.16729116411142,0.17176695125962294,0.020949560232990123,0.11900381519065165,0.2004568467019815,0.32140768056298674,0.25205843152329394,0.3689172365418609,16.658602447331578,14.116244152062343,18.157289264852054
Nested RBF-SVR,MFF,80,intercept,batch_macro,500,856.0,45.0844758183846,0.7682415285622283,43.633079548455626,46.60666861527683,-0.07965301308650981,0.020980570365711694,-0.12873663047124734,-0.04689343309832729,-0.003447787830584738,-0.023733429485148182,0.019545717354475686,17.681354898427593,14.974792034161283,19.795551498054184
Nested RBF-SVR,MFF,80,intercept,pooled,500,856.0,49.04580248269999,0.7577356393013195,47.666799622021756,50.64332603718216,0.1275531095348159,0.017948435650227797,0.08426703534227156,0.15220357961661196,0.28159673265231144,0.24853247471698448,0.31098805924077183,14.378354827343694,12.177403340025316,15.775288415401393
Nested RBF-SVR,MFF,80,shrunken_affine,batch_macro,500,856.0,43.596794249236325,0.7650033615511403,42.15097937907321,45.094903564435384,-0.010625612321253032,0.018338489865714878,-0.051383716610392226,0.014389591814476745,0.03292860756840239,0.015194609234831983,0.04580913222395695,20.35162335737011,17.648443029147714,22.553884238765843
Nested RBF-SVR,MFF,80,shrunken_affine,pooled,500,856.0,47.40427424140546,0.7611510338401852,46.075832781934594,49.02832629622571,0.18496339721509353,0.018092907346726052,0.14226601084879265,0.21005219344548923,0.32860215563660944,0.2934245399348723,0.36004716750053734,17.243789455195454,14.946517115031115,18.805029523091147
Nested RBF-SVR,PFD,0,none,batch_macro,1,1256.0,217.9924841548967,,217.9924841548967,217.9924841548967,-0.9036690011366202,,-0.9036690011366202,-0.9036690011366202,0.004874055138281533,0.004874055138281533,0.004874055138281533,0.0,0.0,0.0
Nested RBF-SVR,PFD,0,none,pooled,1,1256.0,219.3664064097454,,219.3664064097454,219.3664064097454,-0.26666924856637886,,-0.26666924856637886,-0.26666924856637886,-0.1389138041989112,-0.1389138041989112,-0.1389138041989112,0.0,0.0,0.0
Nested RBF-SVR,PFD,5,intercept,batch_macro,500,1231.0,179.45688819850275,8.396242807764343,166.84239834885892,199.13660641055444,-0.21310503669202255,0.1275943887424448,-0.5168470228718552,-0.03685790705556479,0.012622189090813288,0.007649108199764512,0.0176364018233843,16.822941083096506,7.113962481014275,22.713293905143367
Nested RBF-SVR,PFD,5,intercept,pooled,500,1231.0,184.8152422221535,10.04568097936789,171.36614093908096,209.11614852144902,0.09814865902765678,0.10171338855926676,-0.15563111777919983,0.2282024468001276,0.351350617559506,0.1486106926408044,0.46608213345998645,15.74420077989258,4.472732400974583,21.955003064294754
Nested RBF-SVR,PFD,5,shrunken_affine,batch_macro,500,1231.0,180.1600267751692,8.60915577115762,167.4272504255032,201.3937823118518,-0.2235038824845647,0.131464291462655,-0.5072680006597283,-0.04031336684366181,0.016038651124655332,-0.010719099167418093,0.041163298122531146,16.537416627750982,6.982461081932791,22.585573619092152
Nested RBF-SVR,PFD,5,shrunken_affine,pooled,500,1231.0,185.4680448843541,10.351596404907594,171.38327999457076,209.38241546291133,0.09161883678562853,0.10508108582770086,-0.1590991790745346,0.22923208749022586,0.3512363512534906,0.12842878768008742,0.47010545219736527,15.44661041705024,4.308668785139144,21.98422746792792
Nested RBF-SVR,PFD,10,intercept,batch_macro,500,1206.0,172.28705768166677,4.714201189758269,165.58934934407483,183.2835550202343,-0.10950503392474685,0.06895329467926448,-0.2789612246505781,-0.01971686431597196,0.013351468191082455,0.008666425183437592,0.017410192214694434,20.13245627632111,14.868557169290622,23.27482116338816
Nested RBF-SVR,PFD,10,intercept,pooled,500,1206.0,177.03379195310066,5.304337869555164,169.9896219698496,189.72868166796326,0.1740355271178091,0.05196176854051153,0.04355996364616204,0.24094747943350858,0.3796506618188541,0.23094419134147165,0.460993334219794,19.26876970381992,13.004347916835718,22.49252315351429
Nested RBF-SVR,PFD,10,shrunken_affine,batch_macro,500,1206.0,172.3438126959398,4.778671818428905,165.4455735521818,184.0350562715514,-0.10978290474131897,0.06919419191239892,-0.2745771752312566,-0.015565653744289658,0.021245020452217975,-0.006074651379841836,0.04721320732988791,20.205942392019956,15.067938051443427,23.509580737144557
Nested RBF-SVR,PFD,10,shrunken_affine,pooled,500,1206.0,176.857350069946,5.474622667913527,169.32491263806094,190.1952020759658,0.17563928054029251,0.05329843436646101,0.0406482621591925,0.24599640522508573,0.38522916994925765,0.24407338257623332,0.46763952576829393,19.349409941452304,12.862235830424586,22.801899335698653
Nested RBF-SVR,PFD,20,intercept,batch_macro,500,1156.0,168.66396809408562,2.593130994196586,164.91421326084037,174.82492461153637,-0.06089336121790274,0.03464144097036945,-0.1452887977634644,-0.014180787485986236,0.013852181957932082,0.008531834258566979,0.01935112501955693,21.808127423425603,19.069334441595988,23.56612365640666
Nested RBF-SVR,PFD,20,intercept,pooled,500,1156.0,173.28766043488704,2.8826833048363594,169.11054192456155,180.38445050892196,0.20918565242333326,0.027411836087470335,0.1342475157859832,0.24501894962581078,0.3878773805767738,0.3027059977116347,0.44433474208602936,20.964925770324584,17.516312864257884,22.779875163539614
Nested RBF-SVR,PFD,20,shrunken_affine,batch_macro,500,1156.0,168.13938040708007,2.834687183745931,163.68609113575832,174.3441912129323,-0.05378079484347533,0.03772040086232175,-0.15023785629197894,-0.0006203677302756185,0.026921261259787308,-0.0005798104882139097,0.05005985895188475,22.180999954608282,19.150449123749144,24.224125447559487
Nested RBF-SVR,PFD,20,shrunken_affine,pooled,500,1156.0,172.3671286426075,3.2198182270421367,167.39890413335004,180.24775153766123,0.21751357832034932,0.030110097951628816,0.14522940894054753,0.26025970724916997,0.39855910903472563,0.311130526900788,0.45699548909003124,21.38482847666896,17.790602483822745,23.545959792837383
Nested RBF-SVR,PFD,40,intercept,batch_macro,500,1056.0,166.69677079294664,1.8976285044916976,163.3321291950013,170.6070522267073,-0.036358938387417356,0.019047937182257717,-0.08375223779545601,-0.009353023864453866,0.013919557495618125,0.0071561572889468714,0.021315701433255785,22.717229395769266,20.83638322806272,23.97827864479529
Nested RBF-SVR,PFD,40,intercept,pooled,500,1056.0,171.3995753909557,1.9660605081854838,168.11001622534687,175.78360369984657,0.22648315339543001,0.016468691645533304,0.1865735250827692,0.2490975463690605,0.39448809957867687,0.3414128073319122,0.4346045438281752,21.815967607549354,19.767306671325876,23.03378079130562
Nested RBF-SVR,PFD,40,shrunken_affine,batch_macro,500,1056.0,165.66143605227987,2.0266983982574036,161.93821224609306,169.90751818098278,-0.022591246696619584,0.021524427279710736,-0.07286086696529986,0.00894354573705712,0.03249277163238038,0.0109117349970159,0.05062120161521268,23.355097246598216,21.36928078511799,24.78870294573334
Nested RBF-SVR,PFD,40,shrunken_affine,pooled,500,1056.0,169.81753793614584,2.1163038679967556,166.12375986256617,174.42847341182033,0.24067787621043168,0.017792539679503453,0.19962707701961294,0.26595818378705194,0.41023084854685826,0.3565400979869675,0.4513159779612549,22.53762933265717,20.42922273239242,23.89571847571096
Nested RBF-SVR,PFD,80,intercept,batch_macro,500,856.0,165.55338956252066,2.5359433207240545,160.2689896277011,170.5492257510328,-0.025823794230790308,0.014519650278189092,-0.05895451792309267,-0.0018523327277305682,0.014362715360534354,0.001981875440444274,0.026240506361115377,23.186200884592942,20.722183612482727,24.859721925155252
Nested RBF-SVR,PFD,80,intercept,pooled,500,856.0,170.70383746849214,2.417790810653738,165.63441243936794,175.18056128187183,0.23283147591868347,0.015808332789930553,0.19766895240332402,0.25869132905016995,0.39361358523582723,0.36119337117108186,0.4182611624030211,22.070478459591424,20.114419795916596,23.588787316670913
Nested RBF-SVR,PFD,80,shrunken_affine,batch_macro,500,856.0,164.07231693017155,2.5665967272283092,158.82686662225603,168.94256770477503,-0.0064326681976141905,0.015349373081910306,-0.04477524574830668,0.017361512510070475,0.03726434702592731,0.019909474780804938,0.05020776378658917,24.048762994708923,21.646907678895996,25.78837843364886
Nested RBF-SVR,PFD,80,shrunken_affine,pooled,500,856.0,168.46204676100024,2.4707080348556913,163.3680551753487,172.9278014982208,0.25283423819292317,0.01661272016500503,0.21411054708372226,0.2797157177847569,0.41419378043376026,0.3828663197910331,0.4378484055055901,23.09381239258794,21.00049804931355,24.670453493381103
Nested RBF-SVR,PRW,0,none,batch_macro,1,1256.0,622.0346458984502,,622.0346458984502,622.0346458984502,-0.7368570123723968,,-0.7368570123723968,-0.7368570123723968,-0.0016662934704728492,-0.0016662934704728492,-0.0016662934704728492,0.0,0.0,0.0
Nested RBF-SVR,PRW,0,none,pooled,1,1256.0,637.1231614909406,,637.1231614909406,637.1231614909406,-0.1521543698748813,,-0.1521543698748813,-0.1521543698748813,-0.07712830514200654,-0.07712830514200654,-0.07712830514200654,0.0,0.0,0.0
Nested RBF-SVR,PRW,5,intercept,batch_macro,500,1231.0,567.1964504479481,26.277580789369292,531.6748994888096,633.5848062009662,-0.25449209807710954,0.13664688282660173,-0.6227765513310299,-0.08579898759739665,0.00817188684906537,0.0013819100679377553,0.013460279644848592,9.38669745736245,-1.9504628284763121,15.221580265718865
Nested RBF-SVR,PRW,5,intercept,pooled,500,1231.0,609.3835852704574,34.69796545501629,567.588574755842,698.0769284853811,-0.05646331439453599,0.12941645180627112,-0.39242841013527313,0.08950723205267297,0.19966224218012216,0.025615806542868918,0.31864196096367436,4.399511007006399,-9.908013086003214,11.099020753070885
Nested RBF-SVR,PRW,5,shrunken_affine,batch_macro,500,1231.0,567.7023925942337,27.642162278278537,527.441161008954,637.5586310315076,-0.25494437953561433,0.14083720361604324,-0.6078186950691828,-0.06906485716937504,0.008014236903326026,-0.0064791529095740595,0.01969932469229502,9.341470609536126,-1.9535958624287306,15.748653001336589
Nested RBF-SVR,PRW,5,shrunken_affine,pooled,500,1231.0,610.5062981597129,36.57892568809693,564.4056981883999,706.791274673201,-0.06074905258416812,0.13613035631657674,-0.4243000506642051,0.09776281206991216,0.20058905215808454,0.03593054956380118,0.322252667975629,4.2230931702036125,-11.219144643590136,11.500968346021475
Nested RBF-SVR,PRW,10,intercept,batch_macro,500,1206.0,547.832441537458,15.1009673451798,527.0592998842287,585.10671280533,-0.15991904842459762,0.0714509052388533,-0.3386811913589037,-0.06501857438720354,0.009005485063178687,0.0029768914295188577,0.014815378155199717,12.484771888321314,6.480477245123447,15.940831208853076
Nested RBF-SVR,PRW,10,intercept,pooled,500,1206.0,588.7836227344299,19.14834333151337,563.7385412354654,634.3389040780268,0.016119556275659787,0.06687930766472006,-0.15408553970317942,0.10044480233670698,0.2177054193284901,0.08763396609129503,0.3043144849366628,7.623728883889709,-0.2177242740688696,11.623965058641206
Nested RBF-SVR,PRW,10,shrunken_affine,batch_macro,500,1206.0,546.5473687842443,15.932733926757782,523.7327286106241,584.8780340098018,-0.1507242475964725,0.07474974035067354,-0.33915266435130026,-0.04909140957647653,0.007670003627374097,-0.008147108964673001,0.020690954517072684,12.747788965115701,6.595023862121367,16.557385273489928
Nested RBF-SVR,PRW,10,shrunken_affine,pooled,500,1206.0,588.1269169948865,20.456891242073976,561.3034383642563,640.3656020507754,0.018124677739389104,0.07176674001384285,-0.1700285873974274,0.11046349195342621,0.21904299586684414,0.09006664913085237,0.3072903152646845,7.726323919404101,-0.7347425620896889,12.081607925376076
Nested RBF-SVR,PRW,20,intercept,batch_macro,500,1156.0,534.6388369140789,8.571436894778582,521.7714109790313,554.5969638719258,-0.10198284275562756,0.03524223949211443,-0.19247093482829106,-0.052052132868253255,0.009374328615619468,0.0010715766061938968,0.017480756903785245,14.57777218547756,11.224569586236191,16.55454497743144
Nested RBF-SVR,PRW,20,intercept,pooled,500,1156.0,574.7071164288225,10.3146002557905,560.786032559755,599.564636247015,0.0650881508517034,0.03471193134382242,-0.022805707374802687,0.10839140285937222,0.2265897157066238,0.14695230787605915,0.28826790735218144,9.88831004965437,5.662889356187259,11.945069956390524
Nested RBF-SVR,PRW,20,shrunken_affine,batch_macro,500,1156.0,530.2980154271537,9.186874805089818,515.9838369587472,550.9043429620167,-0.07951699946050639,0.03845769360609572,-0.1742023801753305,-0.02248266736973634,0.007790505094999181,-0.006828188262150865,0.019267587148903594,15.339540460352005,11.810644968006311,17.559794350398175
Nested RBF-SVR,PRW,20,shrunken_affine,pooled,500,1156.0,570.5531460414367,10.916019680487064,554.5106791796999,595.4175905868083,0.07848797630560189,0.0370394746951488,-0.00836605903148921,0.12742692416767679,0.23229150614810304,0.15178821087907524,0.2959775220337524,10.539353120502103,6.300277059623314,12.88314234581573
Nested RBF-SVR,PRW,40,intercept,batch_macro,500,1056.0,528.4191197962612,6.696822033386942,517.0339959370872,541.790083544696,-0.0754295427683897,0.0202570120558412,-0.1228531439586501,-0.046182580961962705,0.00927043032807682,-0.0031248229484763003,0.02160988978283883,15.57334594753437,13.34420897429403,16.966551521256605
Nested RBF-SVR,PRW,40,intercept,pooled,500,1056.0,570.1152894543939,7.255558050293995,557.5379232337701,585.7484887001408,0.0847048277447622,0.01921235710971125,0.035656931372246854,0.11044813702776851,0.22827614185710826,0.1726379643571978,0.26665279352626825,10.78016481336308,8.43842748290487,12.04386122837603
Nested RBF-SVR,PRW,40,shrunken_affine,batch_macro,500,1056.0,522.4372083725013,7.474800075593037,508.919090973377,537.9294789659018,-0.04532372404708626,0.02509120769446453,-0.10329607690194306,-0.0088774599084669,0.007057157593965157,-0.007899881727047699,0.016820139426875262,16.612501728784572,14.240465343399123,18.225910239415647
Nested RBF-SVR,PRW,40,shrunken_affine,pooled,500,1056.0,564.4062783860909,8.199840497897608,549.9916147315458,581.1277659071088,0.10288957910180384,0.023134681548610852,0.04664208997207775,0.13434089282777834,0.23595997287766068,0.17655581569660528,0.2773253765748719,11.673633025914596,9.033740231824723,13.298218831545976
Nested RBF-SVR,PRW,80,intercept,batch_macro,500,856.0,525.7410793509995,8.415393288165072,510.8934813476657,542.8788127841385,-0.06549324902925979,0.019008094587947274,-0.1054467323280594,-0.031134866408171518,0.009436866538272274,-0.009775502273094367,0.029408742194620908,16.07046089210406,13.646850428252064,18.020914485852963
Nested RBF-SVR,PRW,80,intercept,pooled,500,856.0,573.5928348900659,7.638525783942146,559.0450307366929,590.1981807504715,0.08708570712309395,0.017338396262889032,0.04939324446112906,0.11297894182645324,0.2159711706611023,0.18823865572301124,0.23987451615426647,10.771195077822997,8.797819739936758,12.087807286438224
Nested RBF-SVR,PRW,80,shrunken_affine,batch_macro,500,856.0,518.259635244052,8.234238447902076,502.1885018838445,535.0640236695787,-0.028544025076032667,0.01779939886209223,-0.0698438879764754,-0.003701016303119176,0.00603157174658602,-0.008684203014818728,0.014292316161885865,17.354530276646745,14.827102009742282,19.407447752123176
Nested RBF-SVR,PRW,80,shrunken_affine,pooled,500,856.0,566.2514184241863,7.828070419270203,551.8590199846868,583.2227747028899,0.11029077976766237,0.018273610757089873,0.06913009720606272,0.13670648968290117,0.22570083572200245,0.19873311048373832,0.24680561968567244,11.912931337316719,9.658996627735185,13.369874655695591
Nested RBF-SVR,RD,0,none,batch_macro,1,1256.0,0.4303808827836006,,0.4303808827836006,0.4303808827836006,-0.4064706259676395,,-0.4064706259676395,-0.4064706259676395,0.0768000089140937,0.0768000089140937,0.0768000089140937,0.0,0.0,0.0
Nested RBF-SVR,RD,0,none,pooled,1,1256.0,0.4250533069665603,,0.4250533069665603,0.4250533069665603,-0.2551830326311926,,-0.2551830326311926,-0.2551830326311926,0.11983703181652315,0.11983703181652315,0.11983703181652315,0.0,0.0,0.0
Nested RBF-SVR,RD,5,intercept,batch_macro,500,1231.0,0.4282963571459016,0.02013090287846141,0.39940133760413665,0.4778929051079417,-0.38438914388488993,0.15155847370441122,-0.7497960428705744,-0.18928477300003235,0.0791428568463968,0.0624669947725848,0.09064025648168722,-0.6015775781861127,-12.528937427931481,6.118212949588899
Nested RBF-SVR,RD,5,intercept,pooled,500,1231.0,0.42577204340736713,0.022000505015539355,0.3958721171513397,0.48092367356528004,-0.26410035883513283,0.13668359150533685,-0.5997309519183046,-0.08989213883400872,0.17140237330818703,0.049005255248623515,0.2617944393411661,-0.19675033883601467,-13.287541398122926,6.84547409049956
Nested RBF-SVR,RD,5,shrunken_affine,batch_macro,500,1231.0,0.42174030997665024,0.021842707537382235,0.3879278448811374,0.4714687636374605,-0.3435977106007203,0.16433204963911235,-0.722429650611894,-0.12303162304421007,0.07300207942366665,0.04846362295553725,0.0894312313624962,0.8703971224706923,-11.998638164358898,8.542040186095141
Nested RBF-SVR,RD,5,shrunken_affine,pooled,500,1231.0,0.4194104122423281,0.02364518569331708,0.38425128777762496,0.47237476243522153,-0.22733474022321007,0.145438737353585,-0.5672738682079989,-0.026947922233434504,0.1691073876080715,0.03918465193310895,0.26553808394216444,1.3005482669773742,-11.777434364908165,9.490641180299999
Nested RBF-SVR,RD,10,intercept,batch_macro,500,1206.0,0.4122319255255912,0.011099096755054053,0.39685557769643487,0.44073682146205734,-0.27288750375565646,0.07898455566112962,-0.47248395987560465,-0.17044823154482586,0.08313608750315438,0.06881166199818436,0.09450655278320985,3.1343838289804467,-4.385418196672689,6.801701893348534
Nested RBF-SVR,RD,10,intercept,pooled,500,1206.0,0.40843748706868926,0.01173555152742478,0.39300024422887514,0.4413333110512755,-0.16256472483476536,0.07126808538489114,-0.3704971266159297,-0.07155688317830093,0.18133891519806628,0.07986476002890172,0.25139204963468037,3.8269745918681313,-4.214903024002182,7.57040321361651
Nested RBF-SVR,RD,10,shrunken_affine,batch_macro,500,1206.0,0.3995025077465126,0.013244339691307047,0.3801145240957918,0.4326786066249079,-0.19369924006738906,0.09191362704892193,-0.4283913461908967,-0.0668998903035612,0.07207663241156803,0.05065402372257492,0.09051837287129492,5.985687465620451,-2.3158982649557576,10.383120175499577
Nested RBF-SVR,RD,10,shrunken_affine,pooled,500,1206.0,0.3958555870731034,0.013687053675738308,0.3762735021393548,0.42856368944640316,-0.0925578554755461,0.08115309148978417,-0.3008712775287943,0.020911706947398738,0.17702404778020217,0.0702162560389376,0.25194453643709286,6.790372288720332,-1.456478338573356,11.387159405697966
Nested RBF-SVR,RD,20,intercept,batch_macro,500,1156.0,0.4033482535626916,0.006261855505549594,0.39317782956429304,0.4179923165812411,-0.21528189045364574,0.0397637187664751,-0.30868250748923076,-0.15935046611209494,0.08612202275686033,0.07126424471851936,0.10040077717252587,5.215739553561267,1.743513424097616,7.246403803892558
Nested RBF-SVR,RD,20,intercept,pooled,500,1156.0,0.39906894478039323,0.006296830900691978,0.3892928125832154,0.41365730140244006,-0.11077083446783732,0.03607690496016965,-0.2011076185255264,-0.062331047795840505,0.1912744433161453,0.12877887048371883,0.2398327832020098,5.933114055896337,2.439173375168335,7.9486743065440955
Nested RBF-SVR,RD,20,shrunken_affine,batch_macro,500,1156.0,0.38395839947740046,0.007803690464790411,0.3711975568664987,0.40171849575733853,-0.09761107215953894,0.05085052599047982,-0.2116142245156275,-0.021150760001010366,0.06637077228867305,0.04053279691028868,0.08425113907470277,9.58866745373995,5.792863309687093,12.299663280621722
Nested RBF-SVR,RD,20,shrunken_affine,pooled,500,1156.0,0.3799797414700862,0.007910851318851466,0.36745175474965697,0.3972193448403051,-0.007317166171394525,0.04489365115261321,-0.10408972619881555,0.05962802650755292,0.18312499250594488,0.11469594404208272,0.23418132246088996,10.434147800857048,6.434259926737348,13.250726921958176
Nested RBF-SVR,RD,40,intercept,batch_macro,500,1056.0,0.3989019487751047,0.005581397563485014,0.38829237761449636,0.40993665958585396,-0.1861435678439624,0.028422731830603645,-0.24953397949906034,-0.1403243409658793,0.08804451841234016,0.06768004066604402,0.10951427249948999,6.300531085491016,3.962645051243682,7.62786506613966
Nested RBF-SVR,RD,40,intercept,pooled,500,1056.0,0.39411272825085175,0.005001166201156517,0.384697921694069,0.4045378369428156,-0.08634539318542872,0.02615706313249147,-0.1462502425163869,-0.04411367344518571,0.19543054956656383,0.15459102976086267,0.23003019846623168,6.95417360801189,4.395538446543341,8.19814560712679
Nested RBF-SVR,RD,40,shrunken_affine,batch_macro,500,1056.0,0.37465399733670574,0.006307926349636935,0.36307500274834315,0.38832459750104953,-0.041098641984057764,0.03219650707021997,-0.11690792107426458,0.00809507859171614,0.05979529893045723,0.03870885686247995,0.07475958323991388,11.76451242893349,9.151964196444128,13.547597936957962
Nested RBF-SVR,RD,40,shrunken_affine,pooled,500,1056.0,0.3702906611649749,0.0058599850409708654,0.3599080794283773,0.38386028647802084,0.04092026562107566,0.02972220313415591,-0.031599664268963906,0.08415436473430501,0.1819011087638992,0.13975871536512077,0.21763022691535083,12.579682971312367,9.706422725683913,14.323071658802032
Nested RBF-SVR,RD,80,intercept,batch_macro,500,856.0,0.39606183070328005,0.007590858056302566,0.380941656330026,0.41045955300075,-0.17377189262475676,0.03274616374554716,-0.24418847093401386,-0.11681021780150945,0.09018009204007399,0.054036137306223087,0.1256132499568487,6.878352282100339,5.00407608665831,8.163454839833301
Nested RBF-SVR,RD,80,intercept,pooled,500,856.0,0.3901743545711606,0.005911639456718549,0.3790292426964953,0.40226774025437045,-0.07566755553941627,0.02635358568236026,-0.12567205274942694,-0.02624796192523194,0.19386059275803408,0.15784171125071464,0.22750416204993895,7.318803738290138,5.3240744934841455,8.66338388093187
Nested RBF-SVR,RD,80,shrunken_affine,batch_macro,500,856.0,0.3693301691531802,0.007582893706993908,0.35292594901863134,0.3841040500131063,-0.013747292252211399,0.022444409759283104,-0.06980371975584423,0.019238917739754946,0.05298430409396144,0.03627253232943458,0.06560346239931997,12.909133106971986,10.870688875286216,14.61891019920416
Nested RBF-SVR,RD,80,shrunken_affine,pooled,500,856.0,0.36401141999820685,0.005918658689420065,0.3524905029538597,0.3762057936120084,0.06385394702868027,0.019963538928298556,0.019434833085157553,0.09743056921405534,0.17192440988959073,0.1458260795962224,0.19199973292714123,13.533255986864962,11.529083306154773,15.224404067859066
Nested RBF-SVR,SRF,0,none,batch_macro,1,1256.0,229.35194826594525,,229.35194826594525,229.35194826594525,-1.0247104610424818,,-1.0247104610424818,-1.0247104610424818,-0.007524472044967215,-0.007524472044967215,-0.007524472044967215,0.0,0.0,0.0
Nested RBF-SVR,SRF,0,none,pooled,1,1256.0,229.1690096732196,,229.1690096732196,229.1690096732196,-0.2611736077001239,,-0.2611736077001239,-0.2611736077001239,-0.12055643396357667,-0.12055643396357667,-0.12055643396357667,0.0,0.0,0.0
Nested RBF-SVR,SRF,5,intercept,batch_macro,500,1231.0,186.48383519298537,9.775589858537822,173.6652753332834,211.01219411531378,-0.23869534639093465,0.14583078886862838,-0.610406605720051,-0.06008408206430525,0.0010924365286352775,-0.004346920151157867,0.007872169100388763,17.39543676387394,7.205789702631289,23.10491764624821
Nested RBF-SVR,SRF,5,intercept,pooled,500,1231.0,191.3187473508116,11.331985296498885,177.20212584616158,222.6387113884335,0.11762447733382282,0.10944431462827794,-0.19597143607054346,0.24694268280936715,0.38949117997010757,0.18431281228415572,0.49895631890361286,16.49354780879764,2.618879770949847,22.699920759608517
Nested RBF-SVR,SRF,5,shrunken_affine,batch_macro,500,1231.0,186.59936553498403,9.992943406253707,172.65569778324075,209.7593920769225,-0.23936487695808725,0.1487164491923782,-0.6017680001562778,-0.04684420876872831,0.006360474142547212,-0.020516029305692778,0.031951289574315804,17.473558208166253,6.893888238821023,23.684189446527085
Nested RBF-SVR,SRF,5,shrunken_affine,pooled,500,1231.0,191.35962450724128,11.642172847190631,176.24173086035546,222.62037828209148,0.11706944376288532,0.11259036418601755,-0.19640882386936415,0.2563409013591598,0.39097979889333,0.19854330775054452,0.5039525545551711,16.475658726442205,2.65922142729117,23.127441683603962
Nested RBF-SVR,SRF,10,intercept,batch_macro,500,1206.0,179.40779632693858,5.034912577331703,172.50095967639766,192.07352484051697,-0.1381888910138344,0.06907428327400536,-0.3045107499004803,-0.048265402008052516,0.0008870236091962826,-0.004715426440616271,0.0061580577909686575,20.516826749346958,14.54426803876345,23.6278801736575
Nested RBF-SVR,SRF,10,intercept,pooled,500,1206.0,183.87932527631708,6.216591455647338,176.41052511457428,200.69343067672986,0.18666105223595073,0.05766203992781327,0.02222060601535954,0.2539722264849885,0.40753719703266345,0.26994629275269577,0.4855458490236105,19.726467114392364,12.13816919960156,23.036159578357942
Nested RBF-SVR,SRF,10,shrunken_affine,batch_macro,500,1206.0,178.6492572625512,5.352730362900105,171.07603565026486,191.15744184933752,-0.1265517304997771,0.0735130921914196,-0.29819026903465734,-0.02852076337479139,0.012314015165417242,-0.016526230019465647,0.04034361561771342,21.046043606148142,15.353027909839776,24.444961322002385
Nested RBF-SVR,SRF,10,shrunken_affine,pooled,500,1206.0,182.92481169835034,6.528897609995757,174.62907991867866,199.6226558711846,0.19497449070455306,0.060101099513543615,0.03382734173940047,0.2667722331228219,0.4145846030607568,0.27602594003265435,0.4938865337941945,20.14317717584629,12.531907150996197,23.70703495439891
Nested RBF-SVR,SRF,20,intercept,batch_macro,500,1156.0,175.08484531673164,2.6640465431698326,170.99953599043587,181.5786603131037,-0.08142978701130768,0.03383607457303513,-0.16156250624304164,-0.03769206991529524,0.0011696943178269787,-0.005057809169802162,0.007339427415865158,22.397300952461748,19.439816013037582,24.040583468322605
Nested RBF-SVR,SRF,20,intercept,pooled,500,1156.0,179.22173470742678,2.9388006748455844,174.89696850204834,185.42175749744084,0.22734508815110005,0.02615294705138995,0.16561801181170246,0.2608099451151571,0.4230182517999849,0.344528129037049,0.47579075438552454,21.703228735617667,18.58277554434566,23.440050460640926
Nested RBF-SVR,SRF,20,shrunken_affine,batch_macro,500,1156.0,173.39885765082326,2.8946337596789022,168.53962168810443,179.65315190258644,-0.057718070792588526,0.03666880342697438,-0.14032957871236376,-0.004279924907461276,0.019441260346115187,-0.007705635225961322,0.04509011765593476,23.42922266154958,20.411481722811192,25.47040208021824
Nested RBF-SVR,SRF,20,shrunken_affine,pooled,500,1156.0,177.25549601826106,3.1837090692667394,172.09955089071462,184.14842675552893,0.2441604602477142,0.02802273356350838,0.17846786843146545,0.28455987273262406,0.4350273098134633,0.35625759142354874,0.48913499823407003,22.56221706573094,19.30070445484414,24.674846833811184
Nested RBF-SVR,SRF,40,intercept,batch_macro,500,1056.0,173.26746490773928,2.03706951101544,169.62817078440307,177.3698147250779,-0.060264743516643994,0.019967231792782425,-0.1049458629414433,-0.03180055925465817,0.0009367234854638967,-0.0075352502085232476,0.009272057659021456,23.185838136262955,20.906848552023874,24.47179669021488
Nested RBF-SVR,SRF,40,intercept,pooled,500,1056.0,177.46026014888366,2.157090055575465,173.92515401325196,182.04905335686877,0.24194429824867522,0.017023564703103265,0.19948656917948532,0.26518677071252433,0.42353611482756365,0.36851496169852604,0.4620474630587276,22.40880990004969,20.29706218291774,23.68301906301192
Nested RBF-SVR,SRF,40,shrunken_affine,batch_macro,500,1056.0,170.84191876069943,2.2081402516754545,167.02779675786948,175.23298555898972,-0.027441151822505474,0.022335275830691875,-0.07940199777866688,0.006955306338555612,0.025616242441736877,-0.002574954416082988,0.04484859430006953,24.580780092076857,22.388357238734635,26.074225934276694
Nested RBF-SVR,SRF,40,shrunken_affine,pooled,500,1056.0,174.62094107243888,2.341517880294229,170.67740091892455,179.3278491993165,0.26598774452161966,0.018328003742717272,0.22363651121239142,0.29406634858754865,0.44087992635137263,0.3855849618600346,0.47821680899624114,23.650378025410326,21.44120987045235,25.1536952401165
Nested RBF-SVR,SRF,80,intercept,batch_macro,500,856.0,172.18312646026763,2.6067512262504144,167.19597590458503,177.42871377789638,-0.04829796750979627,0.014825880699513107,-0.0816196915774202,-0.022645494531590142,0.0005523916050948624,-0.013733086334678577,0.015198506539850474,23.634993596220724,21.269632060688206,25.367651132063504
Nested RBF-SVR,SRF,80,intercept,pooled,500,856.0,176.6698983952266,2.3998794698786523,171.86761032276067,181.5929211534116,0.2467973499432797,0.01603707724778779,0.20884086479829828,0.2719088604883246,0.4224488292218015,0.3912759436837498,0.4455770303583963,22.601537117007226,20.673197810547343,24.10894128553601
Nested RBF-SVR,SRF,80,shrunken_affine,batch_macro,500,856.0,169.2012870518819,2.5933402717029814,164.25749015499116,174.22430168568036,-0.008586770930654134,0.015703822352898963,-0.043174857069310346,0.015284030044999019,0.03218934294840921,0.012786883144471115,0.04510693651868514,25.30518490055749,22.877057573945663,27.04481942382011
Nested RBF-SVR,SRF,80,shrunken_affine,pooled,500,856.0,173.12788568146215,2.4426899236118054,168.1156234308191,177.95124663185163,0.2766821555595587,0.016528324733938574,0.23834326658202748,0.3023973568876112,0.4443431639913815,0.41211033128444147,0.46856967959834167,24.15318243266375,22.195092611987945,25.84446285878754
Residual CNN,AF,0,none,batch_macro,1,1256.0,41.98041898628817,,41.98041898628817,41.98041898628817,-0.4905053656143137,,-0.4905053656143137,-0.4905053656143137,0.07861041618220961,0.07861041618220961,0.07861041618220961,0.0,0.0,0.0
Residual CNN,AF,0,none,pooled,1,1256.0,45.087631035437546,,45.087631035437546,45.087631035437546,-0.15740225021242837,,-0.15740225021242837,-0.15740225021242837,-0.0023774235572182976,-0.0023774235572182976,-0.0023774235572182976,0.0,0.0,0.0
Residual CNN,AF,5,intercept,batch_macro,500,1231.0,37.937978236981,2.007927589226724,35.306557213825506,42.74434571946608,-0.23675092733793754,0.16846511650330936,-0.6389337846190266,-0.05119591577836009,0.09111619059440182,0.0742000854481625,0.10205032067095113,7.713614460070241,-4.079779278473897,14.28581914670902
Residual CNN,AF,5,intercept,pooled,500,1231.0,40.46546631231986,2.786564275689316,37.415620948135256,47.83573124115106,0.06373880746222886,0.14484661162208098,-0.30844125201387157,0.20603924549401345,0.3417806236129209,0.12891220334710404,0.44720687410233423,10.292643972452552,-6.359680523236434,17.153539240429758
Residual CNN,AF,5,shrunken_affine,batch_macro,500,1231.0,37.9107016455429,2.127922645118444,35.03547257340077,43.3736078047303,-0.23206886535932988,0.17916285566179607,-0.66521557637253,-0.034618239032156155,0.08734363116089458,0.050347087610753516,0.11994304587429688,7.967531944964701,-4.3685113770452615,14.910005436091923
Residual CNN,AF,5,shrunken_affine,pooled,500,1231.0,40.534266620348326,3.12176582456358,37.21785426513236,48.182743563923175,0.059421317943753375,0.16697599772394095,-0.3405906879864957,0.21382478224039694,0.3418430464997932,0.12531899595610768,0.4532746606655502,10.139504330232807,-7.6868018249469365,17.642615484531582
Residual CNN,AF,10,intercept,batch_macro,500,1206.0,36.436767568489834,1.0149369228649767,35.06905321427172,38.82758576563805,-0.12514616606002749,0.07143639134455897,-0.31627028939375834,-0.034643804863188035,0.09653067482384618,0.08475932875112181,0.10673101434840676,11.448669027682133,5.160255337953373,14.858589819885957
Residual CNN,AF,10,intercept,pooled,500,1206.0,38.78465146985447,1.274102061301982,37.23699510612264,42.01751817517903,0.14492933470055816,0.06028294174205797,-0.021216006550487533,0.21315471565933794,0.36179656184469233,0.24449368456996362,0.4446220606188926,14.111511114759617,5.974805168776941,17.544152195543166
Residual CNN,AF,10,shrunken_affine,batch_macro,500,1206.0,36.16108375517128,1.0939196493130867,34.658970680358955,38.875263891351324,-0.10194265069043729,0.07680990786485542,-0.29343741721291833,-0.0028111325555258897,0.09120176285052099,0.06123575730352455,0.11884117309620242,12.38929063817604,5.807027860001314,16.157448404860137
Residual CNN,AF,10,shrunken_affine,pooled,500,1206.0,38.58157787013008,1.3909018631428574,36.862160869929774,41.93153095821107,0.15366722314123132,0.06572187254750451,-0.013046022228923548,0.22964033955308,0.36583350432787193,0.2336415771523708,0.4552173672914106,14.56102951276296,6.592269019361622,18.393587491140096
Residual CNN,AF,20,intercept,batch_macro,500,1156.0,35.684356734128365,0.585220568468161,34.75124742526244,36.97956932147687,-0.07704365884450079,0.04017258251744092,-0.16795103031041358,-0.02447849681721431,0.09937563257359619,0.08754368013273192,0.11214157128794783,13.275106196526412,9.712246167585683,15.245365329693563
Residual CNN,AF,20,intercept,pooled,500,1156.0,38.022418748179085,0.7022858454952495,37.037880956236584,39.79760721005455,0.1806677102918192,0.032136070154579414,0.09414345301979009,0.21895276800518357,0.37416611799113,0.28253063926664806,0.4337648970397992,15.908250215471725,11.302805488658242,17.883210461697942
Residual CNN,AF,20,shrunken_affine,batch_macro,500,1156.0,35.21996421794246,0.6564977618257145,34.131425967832044,36.711134690129484,-0.04027688968093791,0.04527804740899863,-0.13813692535669073,0.02393247017750879,0.09245048973138291,0.06440904400102562,0.11894321095354218,14.76766175026879,10.81808435670727,17.319879607600765
Residual CNN,AF,20,shrunken_affine,pooled,500,1156.0,37.63184534150849,0.7931754198195707,36.48175667289999,39.52179909129541,0.197345778905699,0.03522912510905493,0.10216055530521331,0.24564845306763558,0.38312860662829806,0.2745289906049457,0.45275269693373305,16.772605001445662,12.099194569541474,19.270602405199707
Residual CNN,AF,40,intercept,batch_macro,500,1056.0,35.237839962580104,0.4785789357060172,34.3528767709159,36.19874245238356,-0.04928578895952022,0.02400642579878466,-0.10328694058449028,-0.01337186172251383,0.10184466180335387,0.081857168484863,0.1220225985379542,14.438795965745882,12.336480235492928,15.809581579236518
Residual CNN,AF,40,intercept,pooled,500,1056.0,37.686328551768376,0.5034127321879607,36.74774891838482,38.63872146081475,0.20173984035377596,0.018730208982625635,0.15413685817326328,0.22775135749250464,0.3790271787140569,0.3249028767867575,0.41927261543233557,17.011832066140578,14.231261507532503,18.292194333274168
Residual CNN,AF,40,shrunken_affine,batch_macro,500,1056.0,34.58528849508746,0.5024728075439759,33.64864857806312,35.59383402345095,-0.0003758114179754384,0.02712924269244226,-0.058136742178234745,0.039080265844686664,0.09173003382038526,0.06691723737377311,0.11264061545235438,16.43408187287759,14.320441143688955,17.979816291304783
Residual CNN,AF,40,shrunken_affine,pooled,500,1056.0,37.10072163075643,0.5429804499122228,36.11773547406261,38.220690184225404,0.22633265387973067,0.020241017634399772,0.18033303426835615,0.25382666357758515,0.39321409874010094,0.32537448289003995,0.4424279167435247,18.301626219919378,15.838685141073999,19.79842236273623
Residual CNN,AF,80,intercept,batch_macro,500,856.0,35.02354510426583,0.7206203514963649,33.624916946610924,36.5061814394745,-0.039076137907816604,0.023053889659655363,-0.08593656490516519,0.0009926494380585885,0.10216160193459792,0.0716088064661421,0.13369072457199396,15.008903790660511,12.866660847706928,16.90301130556449
Residual CNN,AF,80,intercept,pooled,500,856.0,37.829551561685946,0.7397777124629296,36.406027837659764,39.34575526251566,0.20958772208217874,0.01573842692862814,0.17516569308783164,0.235914735555029,0.3787883548658112,0.3432918255666401,0.40677896055625296,17.552281123770392,15.738858893858595,19.01549484847347
Residual CNN,AF,80,shrunken_affine,batch_macro,500,856.0,34.25719674630549,0.7194432103149315,32.87782464327643,35.74740048017013,0.018031709964951893,0.019583021300602146,-0.02269914206973922,0.04888780463540181,0.09031281790386028,0.07010755908387085,0.10707620205190188,17.330683592466663,14.938350931365372,19.337493757217267
Residual CNN,AF,80,shrunken_affine,pooled,500,856.0,37.131331193954566,0.7555133743731793,35.70789107026236,38.72421914600837,0.2384888469661684,0.016666744827471137,0.20124303535118793,0.2673468093192368,0.39689595564419344,0.3501133374210557,0.42782352978523996,19.074411576731574,17.076799004375324,20.674429221548994
Residual CNN,F6,0,none,batch_macro,1,1256.0,52.745176054097065,,52.745176054097065,52.745176054097065,-0.46943382014774127,,-0.46943382014774127,-0.46943382014774127,0.05084731271232713,0.05084731271232713,0.05084731271232713,0.0,0.0,0.0
Residual CNN,F6,0,none,pooled,1,1256.0,55.21746077871445,,55.21746077871445,55.21746077871445,-0.16861850609140805,,-0.16861850609140805,-0.16861850609140805,-0.05140076633386266,-0.05140076633386266,-0.05140076633386266,0.0,0.0,0.0
Residual CNN,F6,5,intercept,batch_macro,500,1231.0,48.170970504591814,2.304526098227012,44.85003022456155,53.79156374600876,-0.201396408509214,0.1319663299873007,-0.5088142071156508,-0.02077628438324219,0.06054658910706069,0.046295485781163985,0.06977534639660374,8.475590819468772,-1.7733102625244244,15.034792119779402
Residual CNN,F6,5,intercept,pooled,500,1231.0,51.01338177070436,2.893694870330257,47.29812013097304,58.75458393282939,8.514787090873143e-05,0.12121572076792006,-0.32854409370050935,0.146132678389765,0.2568012662194256,0.08881695855909935,0.36515523647743936,7.662799028025696,-6.561468193389557,14.475198882357516
Residual CNN,F6,5,shrunken_affine,batch_macro,500,1231.0,48.36565520581032,2.4493965167296397,44.715785432789026,54.068040175771394,-0.2089742903794414,0.13710932736428882,-0.5127796627213417,-0.015490365087253329,0.0575027537504514,0.0227339407434784,0.08423341465190043,8.197850284113334,-1.8992062650559074,15.214064463043547
Residual CNN,F6,5,shrunken_affine,pooled,500,1231.0,51.26643880226392,3.183301927014637,47.18827034132445,58.877910576673486,-0.010545040801246205,0.1363344605044407,-0.34070520962636774,0.14650480768718901,0.25518220123415064,0.0735767236090459,0.37186384533310723,7.203787481657937,-7.081057527732632,14.527635405086802
Residual CNN,F6,10,intercept,batch_macro,500,1206.0,46.23335420456387,1.2775165452934618,44.48572354145973,49.23164695772597,-0.09639035989684817,0.0688442128689406,-0.2629662434155642,-0.009516842693914248,0.0644142650100521,0.054544082742646174,0.07206433223253361,12.19745850959511,6.374800781185282,15.558415663481416
Residual CNN,F6,10,intercept,pooled,500,1206.0,48.89733700807878,1.555126141537338,47.00572507853849,52.48830469340944,0.08505976399449658,0.06149902930999451,-0.0569335255862036,0.1560408290717907,0.277863568496557,0.15094375351825226,0.35736588718846524,11.57391621462897,4.822003097831099,15.019721331667117
Residual CNN,F6,10,shrunken_affine,batch_macro,500,1206.0,46.233760265162246,1.3314212940910972,44.2834793602712,49.5680686586258,-0.09382364525097904,0.07079089402783142,-0.26925177491569885,0.004392531954276372,0.06210728244908706,0.033457885041308776,0.08705103091673579,12.306279502618915,6.037396970595869,16.016225502637333
Residual CNN,F6,10,shrunken_affine,pooled,500,1206.0,48.89649656566381,1.63804324977093,46.709053565980824,52.88609789260914,0.08498111689379657,0.06467343898876798,-0.07079982433639044,0.1647030662085598,0.27964264648992176,0.1430140234244306,0.36523273493735847,11.575353374080782,4.386824308104745,15.487984254988332
Residual CNN,F6,20,intercept,batch_macro,500,1156.0,45.19820923814872,0.7388153588340555,44.082822290162134,47.01643778898716,-0.04482813392156315,0.0336756428716422,-0.12222606251169037,0.004413294451690239,0.06642790386428618,0.05617493904243242,0.0768896843153655,14.116735626089614,10.376503329965532,16.0901743233619
Residual CNN,F6,20,intercept,pooled,500,1156.0,47.86206901141869,0.8963274778649875,46.62594103570185,50.05466918809626,0.12425130398963341,0.03467511058305361,0.03912635599907062,0.16514908755064683,0.28901480602386787,0.20633475553481223,0.3460928916122437,13.480633709591745,9.337756881875084,15.432035458658005
Residual CNN,F6,20,shrunken_affine,batch_macro,500,1156.0,45.10812739854829,0.7945459881888607,43.9009756218253,46.850709108488616,-0.0376693189286711,0.03770684287106491,-0.11872178659282534,0.023425448967542815,0.06520305621276228,0.036912236098954124,0.08638595286317721,14.422185921601427,10.866883853713926,16.73821001620137
Residual CNN,F6,20,shrunken_affine,pooled,500,1156.0,47.74576249688745,0.9729553193955933,46.385340198094134,49.968070534972426,0.1284409999897116,0.03748794921133204,0.04280086688808031,0.1762293149823289,0.29464354104707813,0.20259781528741677,0.35528243843070995,13.690822066958976,9.385080477475356,16.044370632902634
Residual CNN,F6,40,intercept,batch_macro,500,1056.0,44.64283110904542,0.5537757537985132,43.67227325290034,45.75191419841267,-0.020079782370528477,0.021126725987158486,-0.07648661553352273,0.00901747975602721,0.06715591687913701,0.053848176072455796,0.08023195236674548,15.160092872892857,12.687434843708594,16.589386703759942
Residual CNN,F6,40,intercept,pooled,500,1056.0,47.41453481272478,0.5811130165861585,46.46284249542549,48.67135251992789,0.14396103133106106,0.019822818419458255,0.0877288228080289,0.16871790344244209,0.2936329992308873,0.24094449865580989,0.3286900557615769,14.50607683383717,11.970988446275936,15.741675152881601
Residual CNN,F6,40,shrunken_affine,batch_macro,500,1056.0,44.409383161322175,0.5935051205588582,43.363620749368366,45.60938089587838,-0.005802011857978215,0.023805592813699573,-0.06316551152252207,0.028738237500558785,0.0680388387009,0.04609747503820426,0.08509540204650606,15.757217343046165,13.364090127730995,17.397278479907307
Residual CNN,F6,40,shrunken_affine,pooled,500,1056.0,47.13721552308964,0.6410363245048456,46.04497352704888,48.65596893497366,0.15390826372323127,0.022393485924975053,0.0978140985924876,0.18215814136619335,0.30280203772337716,0.2442665263281384,0.3497965457704844,15.005986475081121,12.287151023053797,16.4512231138082
Residual CNN,F6,80,intercept,batch_macro,500,856.0,44.38820235677272,0.7265981001873442,42.94408786661706,45.79844128111442,-0.00850612454947576,0.01751324427644428,-0.04566415373283033,0.02101182811049806,0.06867657172766482,0.045955418581322356,0.09104639752790188,15.743796520707097,13.35774920082194,17.645513030206832
Residual CNN,F6,80,intercept,pooled,500,856.0,47.59517015885732,0.7483831836108307,46.15282883348084,49.076458568589814,0.15012962285504558,0.01574376183942348,0.11737776213400053,0.17649724978860493,0.2874470751473689,0.25671403174467816,0.31294959293617014,14.922028323313356,13.06222840359712,16.181953004010076
Residual CNN,F6,80,shrunken_affine,batch_macro,500,856.0,44.04742700913599,0.7208404455221937,42.63115487776234,45.39957097912221,0.011443917688858789,0.017531928229412373,-0.026912488602981666,0.03829514577240446,0.0689697917196281,0.05200777276055879,0.08406995750895882,16.560164306799326,14.065915890981087,18.44929540943467
Residual CNN,F6,80,shrunken_affine,pooled,500,856.0,47.18499150415066,0.7368582690388378,45.77880861150762,48.715254804780564,0.16468959917312698,0.01668617773460506,0.12763794783945165,0.1900996504734513,0.29966886624369177,0.2653511768085263,0.3278776565357036,15.65442680391339,13.602960921311373,16.96581612812136
Residual CNN,LS,0,none,batch_macro,1,1256.0,88.98211966071271,,88.98211966071271,88.98211966071271,-0.25682134204531254,,-0.25682134204531254,-0.25682134204531254,0.07925682326459474,0.07925682326459474,0.07925682326459474,0.0,0.0,0.0
Residual CNN,LS,0,none,pooled,1,1256.0,90.21187746312833,,90.21187746312833,90.21187746312833,-0.04688226863867273,,-0.04688226863867273,-0.04688226863867273,0.05708085785132035,0.05708085785132035,0.05708085785132035,0.0,0.0,0.0
Residual CNN,LS,5,intercept,batch_macro,500,1231.0,88.12518595252882,4.591391985362805,82.14664666618572,99.62896343351436,-0.23315974418678692,0.15487976590131664,-0.6696301815889238,-0.04891358374196465,0.07759998148010361,0.05918302754221719,0.08777181302665837,0.6476352799733277,-13.198930756071006,7.646866045201563
Residual CNN,LS,5,intercept,pooled,500,1231.0,90.11291048836317,5.338678747934064,83.62619441534493,103.7788921846635,-0.04812861331912222,0.1332281202892936,-0.4094669038287466,0.10418188029234995,0.24148768739077828,0.07904113746709147,0.34522377102722474,0.1142330337746474,-16.168566201257782,7.543633104270697
Residual CNN,LS,5,shrunken_affine,batch_macro,500,1231.0,87.99754500989218,4.7965787348138065,81.88156010544884,100.25586053231116,-0.2294184893542175,0.16316940668326688,-0.6618508806191509,-0.0417675021041097,0.07427138950459355,0.041672799939158636,0.10419704223029168,0.842597698556288,-13.980061249523121,8.023118115266728
Residual CNN,LS,5,shrunken_affine,pooled,500,1231.0,89.91137544822534,5.543819618940998,83.31331375557136,103.18530638254474,-0.04375846612240582,0.1383782985116595,-0.38681618641635646,0.10955139576655526,0.242721229543881,0.07809878379545815,0.3541118999162099,0.3375886620458358,-15.08003178350188,7.808868022314978
Residual CNN,LS,10,intercept,batch_macro,500,1206.0,84.57490105886878,2.2076315668032858,81.42085127722024,89.73008878996525,-0.12325580960729556,0.06784680697954519,-0.2847920120936766,-0.035226912898416535,0.08212402566390917,0.07114296705551201,0.09053432916083881,4.70737688417533,-1.612914750970751,8.277637870901097
Residual CNN,LS,10,intercept,pooled,500,1206.0,86.3694385983972,2.4859453453517864,83.01246678743304,92.25303025002775,0.03992625465465655,0.05771603410200401,-0.10427277574951983,0.1150645603903676,0.2627796425301861,0.16013999125753275,0.33734340652398187,4.279123493246954,-2.481840848132349,8.09623990551962
Residual CNN,LS,10,shrunken_affine,batch_macro,500,1206.0,84.00852311909317,2.2896012649758455,80.58251966287912,89.13853683523543,-0.10743145349194051,0.07044391821201808,-0.26973059453336357,-0.009037221756274597,0.07693374549271349,0.04345838953275402,0.10433825723489724,5.406032743279675,-0.5934031334269986,9.32473666635678
Residual CNN,LS,10,shrunken_affine,pooled,500,1206.0,85.67993490672444,2.5972190776546253,82.06454894152009,91.7526734824416,0.05511134914815904,0.059557427047671675,-0.08854104113131679,0.13713253491033414,0.26683809258161306,0.150635582348051,0.3550216478574662,5.043698773381735,-1.956557269741104,9.109927086424836
Residual CNN,LS,20,intercept,batch_macro,500,1156.0,82.6770066172386,1.3728627068062755,80.40016354143803,85.77050057153566,-0.07002865311020796,0.03621678808940415,-0.1578614221987252,-0.0237640742784917,0.08498872319063097,0.07330420432218507,0.09653104630078028,6.89145975806612,3.3808380164022567,8.847890429023959
Residual CNN,LS,20,intercept,pooled,500,1156.0,84.42516308343268,1.4727808942293419,82.20002170669939,87.84238488693488,0.08474998287396644,0.03311261740788918,0.00559222163419411,0.1253394661107894,0.26946253355050676,0.1920198777706216,0.32482986551900705,6.501153074780213,2.411734900991373,8.5600103224268
Residual CNN,LS,20,shrunken_affine,batch_macro,500,1156.0,81.67347026034862,1.553478477690978,79.29356982356518,85.24764634679377,-0.04233023151221718,0.04174251055657705,-0.14551449544665815,0.017344878886058256,0.07786332071842335,0.04801858309553109,0.10359685450915453,8.119288260564439,4.041122759266205,10.705364465197027
Residual CNN,LS,20,shrunken_affine,pooled,500,1156.0,83.26199868403404,1.6904571725620077,80.75794181843098,87.2098037414554,0.1096926304756612,0.03735546389898605,0.022021727676088548,0.16059273453485157,0.2771873587722457,0.19064841671856567,0.344913067477565,7.7894816286397,3.426094530277373,10.315363704380232
Residual CNN,LS,40,intercept,batch_macro,500,1056.0,81.73794973689955,1.1137814771814725,79.75760039433344,83.87747807434607,-0.04613884307555836,0.022278258277698637,-0.09771474022988609,-0.013638959519587586,0.08666232395198162,0.0731851921644326,0.10247186117928074,7.901432829419952,5.8684924155367515,9.276443431580866
Residual CNN,LS,40,intercept,pooled,500,1056.0,83.52622386497082,1.096987606397636,81.68571337684888,85.98310422441605,0.10471536301680326,0.02015002957166218,0.05347108988628069,0.13340316898218896,0.2750982910539459,0.23043015734061892,0.30930877497240633,7.505311508213649,5.098547439349465,8.808703914590186
Residual CNN,LS,40,shrunken_affine,batch_macro,500,1056.0,80.27436686813778,1.1816599435811226,78.0785019720568,82.53457537794822,-0.006591100170083377,0.024184416782851433,-0.061216137692097376,0.0280610180734311,0.07738774300701715,0.05458692051539933,0.09703779105417885,9.65843696375657,7.454684444254484,11.195561401369185
Residual CNN,LS,40,shrunken_affine,pooled,500,1056.0,81.82749269415544,1.186342489598698,79.8020440595026,84.28996943148776,0.14073894990260846,0.021650875211267843,0.08788293310852494,0.1714445064226915,0.2884465773182876,0.23154413368710758,0.3334773291474021,9.38682831759219,6.652569628806808,10.8976881393468
Residual CNN,LS,80,intercept,batch_macro,500,856.0,81.19501166772461,1.5678546210851763,78.13398401366013,84.24795782366078,-0.035657249328819585,0.021270943066068037,-0.08525077109701731,0.0005571504529770163,0.08810364467309056,0.06367390591658711,0.11515164390688827,8.541830282501406,5.750546551758641,10.330446903248172
Residual CNN,LS,80,intercept,pooled,500,856.0,83.20181078950813,1.310397064103563,80.5818577283299,85.75485174565452,0.11461830983142542,0.018553021255497338,0.06728414724468963,0.14572421322477358,0.27596637332249335,0.2452229340345758,0.30341894987298296,8.008741713731812,5.858594440257818,9.387607513463912
Residual CNN,LS,80,shrunken_affine,batch_macro,500,856.0,79.47667138304564,1.5496331857369174,76.39999661935131,82.64816974277497,0.010486005505610211,0.019913185997315036,-0.03712967825744147,0.04000775863917669,0.07649531348944974,0.05894167703232138,0.09191106452727771,10.592790551314845,7.977128246718917,12.482126831372625
Residual CNN,LS,80,shrunken_affine,pooled,500,856.0,81.15466762855978,1.3251189439542395,78.56190541821371,83.7370218583388,0.15764101862718288,0.018871994166254166,0.11303775366340744,0.18735944572261215,0.2947560549087865,0.2569392283127536,0.3220900574131422,10.272078443424661,8.051445683201095,11.79871133151965
Residual CNN,LW,0,none,batch_macro,1,1256.0,774.4236446416037,,774.4236446416037,774.4236446416037,-1.1290100082293268,,-1.1290100082293268,-1.1290100082293268,0.05072620606735255,0.05072620606735255,0.05072620606735255,0.0,0.0,0.0
Residual CNN,LW,0,none,pooled,1,1256.0,789.8152498146408,,789.8152498146408,789.8152498146408,-0.22953674928863887,,-0.22953674928863887,-0.22953674928863887,-0.10712817632703248,-0.10712817632703248,-0.10712817632703248,0.0,0.0,0.0
Residual CNN,LW,5,intercept,batch_macro,500,1231.0,630.4436564743953,29.284067667429273,589.9323232653901,706.4129923252109,-0.16968848964071537,0.12647934723067503,-0.48853062606596115,-0.008445109855052738,0.07221316698878852,0.06079099781756304,0.08104206115079796,16.77408299508366,7.214987653826214,22.30973185157545
Residual CNN,LW,5,intercept,pooled,500,1231.0,667.250039467777,36.51277824630029,620.5889466393335,760.2565036101382,0.11992382920868135,0.10122207563368796,-0.14324492604834144,0.2430611982577419,0.37147879921612825,0.20681345604940923,0.47141427756220383,15.535254397810514,3.542238543571666,21.562917204780675
Residual CNN,LW,5,shrunken_affine,batch_macro,500,1231.0,629.904972297128,31.050322128350345,585.0857230022863,708.8194042928127,-0.1698170497733641,0.1343348619804965,-0.5052160460610549,0.008431390953476737,0.08067352581738894,0.03308072797457902,0.12143919383098947,16.8193850183344,6.4184255319789445,22.801609455846567
Residual CNN,LW,5,shrunken_affine,pooled,500,1231.0,666.2406007962684,39.186700189629654,613.7674090698723,763.1752166528388,0.1221445786907898,0.1085894200546622,-0.15445087720206618,0.2593020649649342,0.3793531531863863,0.20642976053906745,0.4854754011118773,15.66217129932729,3.1642563935530195,22.405598143953448
Residual CNN,LW,10,intercept,batch_macro,500,1206.0,607.8338660310227,16.24237251828381,583.5452480173425,646.2551348973041,-0.07693811232568612,0.06385278926169241,-0.2346009155136579,0.014549905196476543,0.07614253937984096,0.06627272805844826,0.08401883723400765,19.75084875090851,14.436784240663748,23.063908467300056
Residual CNN,LW,10,intercept,pooled,500,1206.0,642.5463728074772,20.12576695721527,614.0572635769652,689.7668117545795,0.18586487649840694,0.0532218436669938,0.05453788037204509,0.2568280317011231,0.39227179796089745,0.2927348379233929,0.46366041038702444,18.684599199983595,12.251858590250901,22.266013699531083
Residual CNN,LW,10,shrunken_affine,batch_macro,500,1206.0,604.4336916646081,17.794236646611857,576.260590519747,646.4116471699032,-0.0661988738980898,0.06799149912679377,-0.23478351240240056,0.0321794506120876,0.09004579718823541,0.038887942030904905,0.12871625680779195,20.166752613509292,14.079466186477696,23.88108680696752
Residual CNN,LW,10,shrunken_affine,pooled,500,1206.0,637.796976507251,22.346934536488934,605.4588058781935,692.6528802015856,0.19764622085563743,0.058701336133124116,0.0480026179654402,0.27605388212911935,0.4065299266898111,0.3067796967971554,0.484553671069081,19.28518200262974,11.908974448104443,23.30902000865726
Residual CNN,LW,20,intercept,batch_macro,500,1156.0,593.9745290431615,9.95632809551853,578.5679066026598,615.6586091891702,-0.026925492913350276,0.03807583815555223,-0.11497869969897058,0.021674595819493016,0.0790497009708744,0.06930234512828079,0.08746544583356304,21.564751326625025,17.890971321583738,23.443185730182975
Residual CNN,LW,20,intercept,pooled,500,1156.0,627.9723465970301,11.604067576474732,611.9980339069467,654.709864955712,0.22350396413588922,0.029548366637306665,0.15474701951166478,0.2603231816426257,0.40172854346496645,0.3307691174051893,0.45337020508861725,20.5702687799974,17.021148745575232,22.42995297832894
Residual CNN,LW,20,shrunken_affine,batch_macro,500,1156.0,586.9934510407462,10.97472059379525,569.8222298631574,609.9412828959323,-0.0039078220878428875,0.040619945005090925,-0.0979699044446815,0.051378424374081945,0.10316822865959081,0.059267281034589565,0.1361574146148008,22.428290865514548,18.935567367351506,24.672436596458535
Residual CNN,LW,20,shrunken_affine,pooled,500,1156.0,618.9740780410443,13.003304868910426,599.3947214394173,648.2122598207624,0.24552594889305954,0.03238291612496458,0.16703345239091746,0.2914838416579387,0.42557839601606084,0.34944505449697616,0.48287670393935433,21.708376139024917,17.81722071708023,24.156970865612863
Residual CNN,LW,40,intercept,batch_macro,500,1056.0,585.6996836574372,6.804797042110845,572.1128407758415,598.7502719774891,0.0017973413546834133,0.018171695495912386,-0.03982878844279921,0.027794794163586337,0.08100738891177771,0.06810389789370135,0.0924208168803102,22.663811597945816,20.749468670810195,23.982122104202016
Residual CNN,LW,40,intercept,pooled,500,1056.0,621.1313938333307,7.49916429725569,607.1550149740175,637.177008148658,0.2412971428042726,0.015800391169634397,0.20300196523360292,0.2648275441203522,0.406894199200866,0.36249758672635174,0.4375614517021099,21.50865309029822,19.580861430442795,22.799504035553003
Residual CNN,LW,40,shrunken_affine,batch_macro,500,1056.0,575.8374738077846,7.40289543124155,561.0186135280006,590.3995661928886,0.0340685120953833,0.01983866489838416,-0.012589177741522553,0.06312014473932386,0.11462152216960818,0.08114936165690281,0.14015563761298316,23.89524598866053,21.81332943719899,25.35034496785476
Residual CNN,LW,40,shrunken_affine,pooled,500,1056.0,608.5508208709584,8.339167807469309,593.0212811562278,626.5905017335823,0.27169444569807266,0.017705626740354738,0.22888926992625752,0.2975830713828062,0.43944829840106936,0.38675625628191684,0.4743753246042391,23.098423742892088,20.926197042154232,24.58135027702048
Residual CNN,LW,80,intercept,batch_macro,500,856.0,582.7589888569687,8.082185647388403,567.0822756491721,599.7751871507986,0.009689954082935038,0.016007240172328695,-0.024730438862184578,0.0393253801814276,0.08125265652087489,0.06001073824390601,0.100779847736777,23.10239932363241,20.94138504594579,24.66142805309609
Residual CNN,LW,80,intercept,pooled,500,856.0,623.2209273549587,7.894711825716162,608.1149084945607,639.4445122053612,0.2389600774671846,0.01454388060289238,0.20331278512207826,0.2643180818891511,0.3971492061750733,0.36926006088269675,0.4174458343416561,21.484496318180557,19.509899113923698,22.82595149132151
Residual CNN,LW,80,shrunken_affine,batch_macro,500,856.0,570.6796827462474,8.40374799455301,555.1150642608009,589.0156575317845,0.048883392197665354,0.016998302560147043,0.008628124206196804,0.07484127396907561,0.12427981833263582,0.10474560378714974,0.1407829195798418,24.62017814282541,22.542616504615257,26.144536193060564
Residual CNN,LW,80,shrunken_affine,pooled,500,856.0,607.4006793060768,8.24411370025902,591.7645841533237,624.7626858797661,0.2770958237521712,0.015236371649026241,0.24123859469917125,0.302562435369723,0.43945561759848767,0.40825585696923994,0.4612948496308991,23.47776777593867,21.527042712259735,24.949404589567393
Residual CNN,MFF,0,none,batch_macro,1,1256.0,52.70150660112754,,52.70150660112754,52.70150660112754,-0.6169073160697977,,-0.6169073160697977,-0.6169073160697977,0.08251851281586779,0.08251851281586779,0.08251851281586779,0.0,0.0,0.0
Residual CNN,MFF,0,none,pooled,1,1256.0,55.56285564664794,,55.56285564664794,55.56285564664794,-0.14338061832490823,,-0.14338061832490823,-0.14338061832490823,-0.010258360283900822,-0.010258360283900822,-0.010258360283900822,0.0,0.0,0.0
Residual CNN,MFF,5,intercept,batch_macro,500,1231.0,46.54974251692971,2.454810308150727,43.325586863851015,52.66438321185169,-0.17961737581867937,0.1410054641548895,-0.5489931859638635,-0.008715531176798389,0.0988787210320593,0.07955252591371892,0.11131021423986524,11.487339985497162,0.09986439557501102,17.515623877733127
Residual CNN,MFF,5,intercept,pooled,500,1231.0,50.05527995905791,3.380642316516678,46.138993661030625,57.86160766985299,0.06807854015920606,0.1384221099287263,-0.2525983281387399,0.21567681313748582,0.3308726173376014,0.14998429743543884,0.44280008105031216,9.945549589487753,-4.5284732824349065,17.167735154570675
Residual CNN,MFF,5,shrunken_affine,batch_macro,500,1231.0,46.66484652469003,2.547903044493533,43.30279316194688,53.338154342139674,-0.18339450107982624,0.14458018502355802,-0.5592951076488524,0.0019091779901686992,0.09877206059866457,0.05780062493881864,0.1296369130433355,11.302485922846436,-0.624163750180615,17.83050137188468
Residual CNN,MFF,5,shrunken_affine,pooled,500,1231.0,50.20125128294311,3.5334426765716587,46.0938563710228,58.99980904812873,0.062238963922979236,0.14531993979083824,-0.2937037150867066,0.21274313059996167,0.33208512427683556,0.15147886196280103,0.45085133528760374,9.682311943066289,-6.3955849593873735,16.991640018687438
Residual CNN,MFF,10,intercept,batch_macro,500,1206.0,44.4480440663876,1.1451470874294445,42.844414022210046,47.302963350959516,-0.06494394364701071,0.06216194227825012,-0.20646390971896225,0.017818916587874708,0.10499853135250856,0.09285329670095704,0.11486794560695725,15.41396442397789,9.803748437205286,18.511408163804763
Residual CNN,MFF,10,intercept,pooled,500,1206.0,47.58114280457082,1.571954299590649,45.76557392225304,51.32257062922215,0.16262221090861897,0.060796235027533486,0.026781677606831596,0.2268143414183601,0.36373493065271567,0.24885763045360715,0.4384308687361043,14.48269828022596,7.688744433288711,17.70831862181724
Residual CNN,MFF,10,shrunken_affine,batch_macro,500,1206.0,44.48023845212348,1.2182337942269605,42.71463022188583,47.4847135848569,-0.06370754424869063,0.06699794038754699,-0.22034878566626512,0.031292304670807805,0.10512329835200243,0.06425392885420353,0.13761543415352945,15.41142051382489,9.753742635582165,18.9126655662115
Residual CNN,MFF,10,shrunken_affine,pooled,500,1206.0,47.65480162068129,1.6720636124435775,45.68375628872574,51.628085313009294,0.15990765180835123,0.06437778817920745,0.008521997886699067,0.23309737844193013,0.3668691095893922,0.23934941097827261,0.44748480854021827,14.35011464811321,6.833739836538515,18.071356014041186
Residual CNN,MFF,20,intercept,batch_macro,500,1156.0,43.615808333305345,0.7330214474859795,42.52688042023142,45.427047514975726,-0.022690520237386654,0.03495729459344642,-0.109132202699601,0.027175169398508663,0.10824848890551608,0.09632554182425433,0.12017998546421216,17.037130361607705,13.437163156967472,18.948663811785185
Residual CNN,MFF,20,intercept,pooled,500,1156.0,46.75596744969334,0.9386901916963936,45.5512266045074,49.15093727020528,0.1939031526721905,0.03474701589333134,0.09923103371840743,0.23348863497793032,0.3718384635334479,0.28953435255403276,0.4303975201934881,16.064221032127204,11.331635624138125,18.043640367544803
Residual CNN,MFF,20,shrunken_affine,batch_macro,500,1156.0,43.50632248590004,0.7738860367214417,42.346680619048826,45.26843182412759,-0.012889729648399918,0.038506860906873774,-0.1088146191574747,0.044335855574137516,0.10899515029571895,0.07149216813879075,0.13821517703750585,17.33832203008,13.606198543388366,19.551051167020912
Residual CNN,MFF,20,shrunken_affine,pooled,500,1156.0,46.69550297244918,0.9855579912601801,45.35747757803461,49.251891227184466,0.1959443624130206,0.0363678572582262,0.10373885447590467,0.24137473770811177,0.37836478176532345,0.28341608297149035,0.44504551491333266,16.172516984223517,11.392676980384934,18.429000468320254
Residual CNN,MFF,40,intercept,batch_macro,500,1056.0,43.029356474230966,0.5214547032867428,42.09340632686125,44.13509835708823,0.004527394482241045,0.021116979808004935,-0.04680996028662266,0.03646622448999437,0.11066811894257737,0.09414636351834658,0.1284766963244498,18.128173647246793,16.313069885586106,19.46723147920105
Residual CNN,MFF,40,intercept,pooled,500,1056.0,46.27435212250075,0.5781825237203011,45.32508326921011,47.72810668524479,0.21536252349445442,0.016899726409590556,0.17504183626265143,0.23837703110921837,0.3769514711097868,0.31692079786473765,0.41717281009875856,17.186125151982438,14.839320732360173,18.363163984075015
Residual CNN,MFF,40,shrunken_affine,batch_macro,500,1056.0,42.79346768169788,0.5564342924702226,41.81055047367777,43.957667069813425,0.021254726291107754,0.022983520456744736,-0.035062285514745224,0.05349216086932163,0.11152745207938403,0.08206794959394709,0.1351685081411369,18.692495016281747,16.76205649092744,20.113736241364656
Residual CNN,MFF,40,shrunken_affine,pooled,500,1056.0,46.076539236946154,0.6219662821227163,45.06290902925957,47.65090358460515,0.22204391348436828,0.01825824607881865,0.17410872902070804,0.24743259535844048,0.3863715399559454,0.32155346521137773,0.4299941674830966,17.540236675039253,15.191137977183196,18.995312558514136
Residual CNN,MFF,80,intercept,batch_macro,500,856.0,42.706422089540695,0.7497890582038347,41.2269108011452,44.18500601881338,0.013438851763859363,0.021354235696921416,-0.028262243299715606,0.053563025596979556,0.11184009194441863,0.08401280295056526,0.14158878272217676,18.678192893340295,15.997047437902992,20.793084107866274
Residual CNN,MFF,80,intercept,pooled,500,856.0,46.38582140636892,0.7342377583117986,45.13599360436188,47.891932727450076,0.21959593504168454,0.017636864541870884,0.17878531547865487,0.2467504960006839,0.3758603369380106,0.34619733276169007,0.4035452134640873,17.495683880365753,15.501663018048847,18.860792286704015
Residual CNN,MFF,80,shrunken_affine,batch_macro,500,856.0,42.36595178361677,0.7543889932528128,40.837288505633545,43.96048403537655,0.03565941554775137,0.02006378275629471,-0.01044757828173906,0.06530245258079448,0.1144374224881362,0.09404931235499049,0.13221994142363655,19.450300693828254,16.8029616891986,21.5735543779564
Residual CNN,MFF,80,shrunken_affine,pooled,500,856.0,46.07950340637598,0.7410172440572764,44.7884122689444,47.56975693314435,0.2298501279418168,0.018518450808234155,0.1873309457660609,0.2572914300458799,0.38966994704554186,0.3550386728761726,0.4198378375538814,18.040189862511728,15.757554748749863,19.537909416446112
Residual CNN,PFD,0,none,batch_macro,1,1256.0,212.8376833858968,,212.8376833858968,212.8376833858968,-0.8617611143766266,,-0.8617611143766266,-0.8617611143766266,0.05023882623368951,0.05023882623368951,0.05023882623368951,0.0,0.0,0.0
Residual CNN,PFD,0,none,pooled,1,1256.0,214.76543793959345,,214.76543793959345,214.76543793959345,-0.21409248053783325,,-0.21409248053783325,-0.21409248053783325,-0.054503500073588174,-0.054503500073588174,-0.054503500073588174,0.0,0.0,0.0
Residual CNN,PFD,5,intercept,batch_macro,500,1231.0,177.95603280910532,8.357973073441187,166.02360314287193,197.88545276708217,-0.20713729463494104,0.1284244772846668,-0.5175306056483638,-0.03583080725092504,0.0673131913360045,0.05363690339735125,0.07643461406328751,15.04182653859008,5.078565514694253,20.884626251044608
Residual CNN,PFD,5,intercept,pooled,500,1231.0,182.79818400251355,10.140105625931174,169.66999413222845,208.41368182411347,0.11762045428561987,0.10212764020230497,-0.14345885013817217,0.2421212970750468,0.3839123188684248,0.19252854026921268,0.49006151930431335,14.881442822532241,2.9200659571386436,21.04224887149804
Residual CNN,PFD,5,shrunken_affine,batch_macro,500,1231.0,178.23464158548583,8.495958929716483,165.4689578222591,197.45680393882216,-0.20865644185623528,0.13023428868661183,-0.5245095166108852,-0.0246800434816511,0.06688563710108457,0.034780644179144206,0.09747594250652006,14.97811726494278,5.201095792691645,21.196505273398504
Residual CNN,PFD,5,shrunken_affine,pooled,500,1231.0,183.200178192954,10.099541661485398,169.43093321078325,207.59108545420392,0.11375904210546486,0.10141636091437639,-0.1345921891395953,0.24486761605809745,0.3824129450071014,0.18774993870375198,0.49171300889349695,14.694220210823365,3.3361016442844997,21.178439948791063
Residual CNN,PFD,10,intercept,batch_macro,500,1206.0,170.73686056107366,4.6436912380528295,164.37334622328962,182.01902829340668,-0.10249077706328258,0.06820924720484552,-0.27985110411196507,-0.01550321310522401,0.07111491684462157,0.061249132259561155,0.07853968837958498,18.498138860392274,12.866243644019576,21.60049580898046
Residual CNN,PFD,10,intercept,pooled,500,1206.0,174.99294014206183,5.33730315239751,168.10768966187277,188.30896794498102,0.19293243167572052,0.05193418355432089,0.06005605591357798,0.25664673366167556,0.41279871003036456,0.2802949265477247,0.4851961111627013,18.50137661992737,11.931212097078868,21.72697142540842
Residual CNN,PFD,10,shrunken_affine,batch_macro,500,1206.0,170.3070491669104,4.791081660961868,163.23378744983546,181.5340821855657,-0.0935120665089301,0.07098987487380558,-0.2611551957775757,0.0015741801028601415,0.06943858927035494,0.04105015193484545,0.09720131291238533,18.8197724264566,13.2989819217663,22.22840081729735
Residual CNN,PFD,10,shrunken_affine,pooled,500,1206.0,174.73170116007535,5.449387542573458,167.38787738561942,188.9281071858627,0.1953059233930501,0.05289107903302101,0.053941950350678086,0.26266497443795195,0.4126145544119981,0.28094791919191414,0.48675509675867573,18.623177679833642,11.728029031835492,22.08884056994666
Residual CNN,PFD,20,intercept,batch_macro,500,1156.0,167.06068567508356,2.55722347625125,163.199889581387,173.32216098870762,-0.05305897448789016,0.034869164136265486,-0.14653522048998324,-0.006115958034093742,0.073707083497424,0.06433466550947493,0.083414576825611,20.236615408310797,17.32910888352822,22.05877167392666
Residual CNN,PFD,20,intercept,pooled,500,1156.0,171.15990324399343,2.806349684876451,167.1150903873436,177.3219944139252,0.22849232848003795,0.02640492075067687,0.16412838552922593,0.26352560550855736,0.421938464198653,0.3460053548372897,0.47676302636356555,20.2871586501994,17.01007164895705,22.103877207526065
Residual CNN,PFD,20,shrunken_affine,batch_macro,500,1156.0,166.0701281155414,2.738312300255739,161.6998157057618,172.23955146164167,-0.03517813922400158,0.03758390027797926,-0.1292186141252371,0.016570814190553264,0.07288531672520307,0.04001052349212536,0.0992193665366503,20.870206599574466,17.572649333271865,22.766991266235564
Residual CNN,PFD,20,shrunken_affine,pooled,500,1156.0,170.49396778065704,3.035843637588446,165.83629520798326,177.77226099475658,0.23444263291854783,0.02844807780634888,0.16439576897574396,0.2716217888197869,0.42371647744727875,0.34075124375159105,0.4775611731417932,20.597192373975407,16.804387690504694,22.57585644813508
Residual CNN,PFD,40,intercept,batch_macro,500,1056.0,165.1770278441281,1.8980846081624299,161.66630097449868,168.9648295998156,-0.02972772347977489,0.020176607150032142,-0.07737173612862358,0.0007155002873878895,0.07447866261735714,0.06105086241380937,0.08867647526856881,21.144522120389645,19.118502858625604,22.435223545596262
Residual CNN,PFD,40,intercept,pooled,500,1056.0,169.3736654449747,1.9876306182903776,165.85001349257735,173.7010742837212,0.24465699367329213,0.01643934896612665,0.20907946378628453,0.26951092621813394,0.42780430007474285,0.38088517326985616,0.4654376927419743,21.13379906216271,19.138972104566996,22.372778165744553
Residual CNN,PFD,40,shrunken_affine,batch_macro,500,1056.0,163.56686790784775,1.99575232610244,159.9226043417452,167.87753704785646,-0.002871831405939984,0.02194886905624723,-0.05278347107138669,0.028880000997763795,0.0750059327054352,0.05050610481660213,0.09538956209635176,22.10080836175494,20.01843066670459,23.550306703235982
Residual CNN,PFD,40,shrunken_affine,pooled,500,1056.0,168.1916706465678,2.137655509348448,164.49470630288067,173.27996006015553,0.2551255329142458,0.01860697750246051,0.21020434063303278,0.2812376855857732,0.4316727080314777,0.38400489392849246,0.4670897825511917,21.683714734719043,19.40919660570083,23.146249080499093
Residual CNN,PFD,80,intercept,batch_macro,500,856.0,164.00992529691842,2.5301779541110916,158.99151420621257,168.58615403707958,-0.01894155812654955,0.0182436132087719,-0.05891659038400874,0.012992994692741214,0.07616417292134321,0.0534084405865096,0.10015387412282643,21.613541718869772,19.240942954405764,23.323097624951522
Residual CNN,PFD,80,intercept,pooled,500,856.0,168.71180567632925,2.414999062802339,163.81138887463072,173.07982915897497,0.2506162405284366,0.016346861618288102,0.21441246007569598,0.27924782107082413,0.42748280174928194,0.3923537204076983,0.45278574276567557,21.428322302419556,19.534139949969788,22.861347189260183
Residual CNN,PFD,80,shrunken_affine,batch_macro,500,856.0,161.89276093769814,2.5919154080108746,156.8527424731379,166.8222610057678,0.014569435401236487,0.01706503651360529,-0.023084949791975073,0.04228837006310629,0.07636143731296055,0.05880380139867297,0.09230884790054873,22.828060190449097,20.58042807676276,24.590209159094346
Residual CNN,PFD,80,shrunken_affine,pooled,500,856.0,167.03014781149665,2.511029799755995,162.004409587193,171.58625707206153,0.2654809964214593,0.016728826076409103,0.2290672034175285,0.2939428186694721,0.4318466078181511,0.3991462509110137,0.45521579948969754,22.21154521312691,20.092601798412613,23.826004656733172
Residual CNN,PRW,0,none,batch_macro,1,1256.0,599.5731032120395,,599.5731032120395,599.5731032120395,-0.5117756101445197,,-0.5117756101445197,-0.5117756101445197,0.10039511251066627,0.10039511251066627,0.10039511251066627,0.0,0.0,0.0
Residual CNN,PRW,0,none,pooled,1,1256.0,636.1420527985533,,636.1420527985533,636.1420527985533,-0.1486086870608032,,-0.1486086870608032,-0.1486086870608032,0.030191614922349317,0.030191614922349317,0.030191614922349317,0.0,0.0,0.0
Residual CNN,PRW,5,intercept,batch_macro,500,1231.0,543.1945750123002,25.61515787535366,508.16879262695795,615.2702695277977,-0.15903064918439413,0.1303139932635803,-0.47931767829215643,0.0014682079010462491,0.11999413955571706,0.09942631175757236,0.13380591845747963,8.805174417226835,-2.624637057666411,14.864702131594104
Residual CNN,PRW,5,intercept,pooled,500,1231.0,585.2110397266247,33.429875083003026,544.5071283789256,674.1160232726612,0.0256685680774666,0.11957303944623464,-0.30318928907349846,0.16216606731250277,0.27299975393579334,0.11898083572279229,0.37416876440942964,8.088986039638778,-6.524076956899939,14.605662598830145
Residual CNN,PRW,5,shrunken_affine,batch_macro,500,1231.0,543.3427697595865,26.946029013947218,505.9692530406912,614.0571810595331,-0.15762604154777662,0.1361630023454001,-0.5052883015164278,0.008119853925051788,0.1222316335578667,0.07759469823453898,0.15665352369403854,8.762933504882264,-4.405921546458359,15.095500710764851
Residual CNN,PRW,5,shrunken_affine,pooled,500,1231.0,585.9454942960265,35.277997830341306,541.6055393435923,691.2083898542952,0.02284856769963834,0.12649188703611836,-0.364935792092566,0.16853428047036043,0.2784978377221569,0.11994832070241415,0.38135499453073374,7.973010659500701,-9.00310382892377,14.869120910841046
Residual CNN,PRW,10,intercept,batch_macro,500,1206.0,524.3268524124834,14.55644958322747,504.5635689523392,559.8447985716871,-0.06836265994217547,0.06648172112097622,-0.24393992229284195,0.018016965731753654,0.12697379219710178,0.11286280657192897,0.13849486054321491,12.022032258260824,6.174475773066379,15.491067599197926
Residual CNN,PRW,10,intercept,pooled,500,1206.0,565.3102459410738,18.750163285668453,541.1533108697279,609.8096374033407,0.09296016356666563,0.06309417753207397,-0.06187424455770152,0.1707652969471944,0.29309761036954535,0.1832058940914321,0.3676510982472985,11.23439792908951,4.005232847393162,15.085413953074069
Residual CNN,PRW,10,shrunken_affine,batch_macro,500,1206.0,521.9434838938503,15.398695805861362,497.81550132197276,557.5027694032157,-0.05559420995579041,0.07071088375404402,-0.23313312590779567,0.04502611746982786,0.13122934919441043,0.08694323735142175,0.16760175720583298,12.396726479706437,6.705041590475426,16.437110298494293
Residual CNN,PRW,10,shrunken_affine,pooled,500,1206.0,563.1275507803036,19.60522234603623,534.9224197852805,608.4722381256618,0.09984186441074697,0.06556209792448027,-0.05243633573177192,0.1891055228887743,0.30380708283681246,0.18472252535393674,0.37959712069246204,11.576819939201345,4.343849750472398,16.03150703698495
Residual CNN,PRW,20,intercept,batch_macro,500,1156.0,512.4879530559055,8.245325891892554,499.87144405019893,533.0612802280468,-0.018929721548061093,0.033263949701415385,-0.10669693721112256,0.03054401230570421,0.13085909867679815,0.11808540798703843,0.14450066763108435,13.97839713207266,10.34647419246157,15.91564742793563
Residual CNN,PRW,20,intercept,pooled,500,1156.0,552.6470567808233,10.050341823715094,538.8364202511979,578.0753889698067,0.13546590915606255,0.03278593997495971,0.043737902803976526,0.17496333207892997,0.3029988100161703,0.22875799762630486,0.3583045017643872,13.3463478581516,9.029609983120753,15.339630965519978
Residual CNN,PRW,20,shrunken_affine,batch_macro,500,1156.0,507.5867561231492,9.135292104546487,493.6441469978205,529.9128265785102,0.005167332320797935,0.03850603185802921,-0.09080895943553902,0.06304700382565548,0.13870791398253268,0.09904207542958604,0.17230666881889423,14.77886579217457,11.090999028165983,17.008345699436152
Residual CNN,PRW,20,shrunken_affine,pooled,500,1156.0,547.8157401500589,11.181354139710526,531.34437417471,578.4536157052503,0.15043022182747867,0.036298920974792676,0.047460593837602684,0.1998724776930623,0.3204584758448165,0.25331566349359413,0.37919552440241516,14.103633010305844,9.136498520515596,16.587917200093653
Residual CNN,PRW,40,intercept,batch_macro,500,1056.0,506.23102359760003,6.545704624966988,494.61805443844,519.8784187115212,0.006744781183880264,0.021167057639393284,-0.039894799266183924,0.04229930103310181,0.13291609970940388,0.11389691989887261,0.15286468958167104,15.037681642676214,13.060296698976327,16.376208789227743
Residual CNN,PRW,40,intercept,pooled,500,1056.0,548.0637991625722,7.078988179101955,535.3072387044712,563.0309174595582,0.1541440351169391,0.01778459589396783,0.11081925795648774,0.17841663552114553,0.3046389837195872,0.25123311220636013,0.34060348686903535,14.399669329537,12.114147572301034,15.651687010321584
Residual CNN,PRW,40,shrunken_affine,batch_macro,500,1056.0,499.0642999347801,6.8090867780098625,486.46093838015,512.9467772136597,0.04055420878009525,0.024197830321522465,-0.017819731968521813,0.07672247086026589,0.14408926821078788,0.11489631251726945,0.16724528086048498,16.20778157710456,14.044708943600915,17.786598837737408
Residual CNN,PRW,40,shrunken_affine,pooled,500,1056.0,540.7210618963921,7.562679447536802,527.5167288636695,556.6017704147081,0.17661357615328652,0.020330051976129263,0.12943855535355442,0.20447368392841536,0.32955017074877013,0.27511058161894186,0.37044246112984736,15.54606030301355,13.107515756025716,17.056236051654235
Residual CNN,PRW,80,intercept,batch_macro,500,856.0,503.64144003714296,8.17265188883754,489.18803482522503,520.2858255235552,0.015766324798022917,0.023505877401297826,-0.03182218125842918,0.05900719500615694,0.13312401401110738,0.10244606117597725,0.16550689735698437,15.581447635759861,13.451835372433017,17.315147404781992
Residual CNN,PRW,80,intercept,pooled,500,856.0,551.7201266880998,7.524094470921707,537.8999187376776,567.9421574126972,0.15537451473649697,0.016821292575539798,0.117434388775098,0.1838799340586317,0.29288697296099575,0.2657387488326846,0.3150076043643652,14.749749863388736,12.646671891482423,15.993408895930177
Residual CNN,PRW,80,shrunken_affine,batch_macro,500,856.0,494.79660642114635,8.14679052145276,480.3659429200883,512.3307099767109,0.05684826077157999,0.020813703822299703,0.010348575117400288,0.08998857130780315,0.14678614079548563,0.1265249885295266,0.1659465517236866,17.02721349080355,14.913602556508282,18.800542096965366
Residual CNN,PRW,80,shrunken_affine,pooled,500,856.0,542.494504497479,7.664950699794858,528.3674802910306,559.2029554018644,0.1833687892923519,0.01763686309894653,0.14369013697235758,0.20949221204434082,0.32387760330176163,0.2967043061048198,0.35083293508352376,16.175007416013347,14.02525078169411,17.563158335852638
Residual CNN,RD,0,none,batch_macro,1,1256.0,0.4290220937535635,,0.4290220937535635,0.4290220937535635,-0.3921106184847287,,-0.3921106184847287,-0.3921106184847287,0.11371174781627955,0.11371174781627955,0.11371174781627955,0.0,0.0,0.0
Residual CNN,RD,0,none,pooled,1,1256.0,0.42249370611723075,,0.42249370611723075,0.42249370611723075,-0.24011153865173895,,-0.24011153865173895,-0.24011153865173895,0.1635942778610788,0.1635942778610788,0.1635942778610788,0.0,0.0,0.0
Residual CNN,RD,5,intercept,batch_macro,500,1231.0,0.4172824194590477,0.019439410319805932,0.3889727939799976,0.4629987028957746,-0.31606113954851106,0.14149984205932742,-0.6577516021978506,-0.12641500552932328,0.12355910518923775,0.09927957542510503,0.13864932881689157,1.4271170528963948,-10.13986866123992,8.404830567181477
Residual CNN,RD,5,intercept,pooled,500,1231.0,0.41465635285632413,0.021101014504436078,0.38508274804664205,0.46485514480376766,-0.19884181426063202,0.1273293323946578,-0.5140782803657535,-0.027045950238260626,0.21133109131796882,0.09326040402918076,0.29473352831097127,1.8185420954417229,-10.474614435399657,8.982275028451605
Residual CNN,RD,5,shrunken_affine,batch_macro,500,1231.0,0.4120566374093994,0.02034548378194038,0.38067872998801255,0.4595322399452346,-0.2826240382381527,0.1473401044016893,-0.6427860992241927,-0.07773407486450182,0.1144962719639436,0.08658604682758142,0.13748218732800782,2.6358817785378332,-9.31761288359321,10.141034352632461
Residual CNN,RD,5,shrunken_affine,pooled,500,1231.0,0.4096021649493739,0.022088603965803578,0.3768102006070856,0.46469637590553486,-0.17025422545401056,0.13226663013141818,-0.5144646877276943,0.013388641572467969,0.2078661551587071,0.08616995048782192,0.2983867431874008,3.0156895224332354,-10.658291999407227,10.825161033126335
Residual CNN,RD,10,intercept,batch_macro,500,1206.0,0.4016185832303122,0.010919781585481111,0.38651870353268436,0.4288227094411699,-0.21093291590877025,0.0759023413199459,-0.4248453877981316,-0.11287627393341322,0.12943817594742482,0.11150552854731519,0.14342310220114193,5.085620412594602,-2.1428275587924377,8.708246649538415
Residual CNN,RD,10,intercept,pooled,500,1206.0,0.39792181633227897,0.0116070131868574,0.3826983989102523,0.4285728447943768,-0.10350237082276946,0.0686459841344657,-0.2866281381399844,-0.018494711076026463,0.2219655689516236,0.13286423436128436,0.2811829874686888,5.715050683043478,-1.8957410882773829,9.363433411006712
Residual CNN,RD,10,shrunken_affine,batch_macro,500,1206.0,0.39191082265979904,0.012304336593880161,0.37318578506507527,0.42181288711054193,-0.15062753523350816,0.08464223249299212,-0.37240509291369744,-0.03138157319877776,0.1135046116440522,0.08813297698803779,0.13520143474112586,7.325172101187649,-0.40874579827314117,11.778558093526966
Residual CNN,RD,10,shrunken_affine,pooled,500,1206.0,0.38830003720591033,0.01294707152720165,0.3693649149383626,0.4212239246850897,-0.051150056747754295,0.07528416311703642,-0.2531889192146384,0.056198358111021654,0.21534563707235713,0.11323842015875255,0.2829906053934382,7.995754627449292,0.046476562364450996,12.486326174889939
Residual CNN,RD,20,intercept,batch_macro,500,1156.0,0.3931607407708877,0.006191903293772505,0.38284999842576845,0.40858118434594387,-0.15729487686260937,0.038611176697210196,-0.2540043099016042,-0.10104233818902901,0.13365176035333917,0.11690081900828489,0.15092724624457787,7.07512163993347,3.4736442709626347,9.211548530193985
Residual CNN,RD,20,intercept,pooled,500,1156.0,0.3889602736947764,0.0062002503627762795,0.37881124388226967,0.40373415585067796,-0.05522356409222219,0.0348007832835896,-0.14072061044419812,-0.004667913657371274,0.2318884371739425,0.17517166821137276,0.27731471797805735,7.717468123319117,3.857936452135785,9.852611242680467
Residual CNN,RD,20,shrunken_affine,batch_macro,500,1156.0,0.37849336797593164,0.00761883710388643,0.3648334174736136,0.3946973403194552,-0.0679976312872332,0.05011332900928611,-0.17552362608849711,0.013990483896467546,0.10634832046058836,0.0784189552400576,0.12813300133072192,10.459683495903823,6.63725500674279,13.375208418380907
Residual CNN,RD,20,shrunken_affine,pooled,500,1156.0,0.3744034354800553,0.007654627654888697,0.36148495415599236,0.3910345468004808,0.022008415043918754,0.043605977946928796,-0.08244010905748916,0.09360355693366117,0.21938859937302346,0.15199510356304619,0.2710833322669287,11.172363918764345,7.312845980921674,14.087982522978866
Residual CNN,RD,40,intercept,batch_macro,500,1056.0,0.388634717408147,0.005374816970916423,0.3781640229062783,0.400255693498522,-0.12860998023164877,0.028614058866411232,-0.1954524773589603,-0.08134816792115715,0.1364910856953747,0.10971758165844227,0.159021475230652,8.202229531093625,6.02744907825821,9.548019359787551
Residual CNN,RD,40,intercept,pooled,500,1056.0,0.3839022082410575,0.004843049782310177,0.3750875293823945,0.39483097219136776,-0.03080911738224213,0.025686277638819754,-0.0861265743161144,0.010825695146420766,0.2373792952340511,0.1937715308605471,0.27146249766259023,8.737734442067255,6.372566433854185,10.019558496814215
Residual CNN,RD,40,shrunken_affine,batch_macro,500,1056.0,0.3698888699308625,0.005770458024405182,0.358945060987781,0.3817571495734645,-0.016049061983345974,0.03217351308255621,-0.08963231998016688,0.031912451061421716,0.09887393803912177,0.07545519781528245,0.11668704739297539,12.521534062537533,10.208936631171452,14.179822242982132
Residual CNN,RD,40,shrunken_affine,pooled,500,1056.0,0.36532413085407045,0.005396240986354806,0.3558600397778832,0.3762882570334417,0.06646010936506755,0.028385699859885236,0.0010149439694751364,0.108072576987126,0.21833812740035013,0.1768677408438194,0.25426218916595283,13.155161855118463,10.925613664102523,14.772504961099258
Residual CNN,RD,80,intercept,batch_macro,500,856.0,0.38593493686921787,0.007152054719743333,0.3715391818802731,0.3993526095801184,-0.11766727311678674,0.03372996199515581,-0.19143364074337163,-0.05460602121919807,0.13776736867620423,0.09469498459826813,0.1762555724372491,8.743141195025121,6.729622689687694,10.155468064883957
Residual CNN,RD,80,intercept,pooled,500,856.0,0.38011502146851295,0.00563782711699001,0.3687443521123373,0.3911416444742446,-0.020954105741527975,0.026101492303928015,-0.0734641718362594,0.026785193903881697,0.23434648361152766,0.20199414667587098,0.26451860803044475,8.967461894684401,6.92702634651716,10.385699417863506
Residual CNN,RD,80,shrunken_affine,batch_macro,500,856.0,0.36496607468705017,0.0072295955192435545,0.35036573274706206,0.37931846357227533,0.00869150696989937,0.024266630308873854,-0.04900779914724936,0.04563615571173734,0.09209486981681801,0.07130947610416827,0.10815572320948891,13.582406726423468,11.538825361584545,15.266875933334543
Residual CNN,RD,80,shrunken_affine,pooled,500,856.0,0.35944685000899185,0.005703556735651899,0.34818995912627526,0.3706800766129839,0.08714858800451651,0.020599399750524473,0.04053334312395776,0.12100107762617325,0.20903871556371825,0.1823285282454591,0.23155813472294212,13.917042578386507,11.753907283109623,15.607015438044682
Residual CNN,SRF,0,none,batch_macro,1,1256.0,216.65995262343395,,216.65995262343395,216.65995262343395,-0.8523138864891143,,-0.8523138864891143,-0.8523138864891143,0.04263300863185545,0.04263300863185545,0.04263300863185545,0.0,0.0,0.0
Residual CNN,SRF,0,none,pooled,1,1256.0,217.9407910709756,,217.9407910709756,217.9407910709756,-0.1406177972696112,,-0.1406177972696112,-0.1406177972696112,0.03630242989415844,0.03630242989415844,0.03630242989415844,0.0,0.0,0.0
Residual CNN,SRF,5,intercept,batch_macro,500,1231.0,186.82333657414034,9.67862616567944,173.8931849095031,210.82005316573174,-0.2651484474180817,0.1460987954944633,-0.646946409403335,-0.08525888300184861,0.05838719621577469,0.04325861686875549,0.06947715081300433,12.239999713614322,1.3858021379502252,18.242312846358033
Residual CNN,SRF,5,intercept,pooled,500,1231.0,191.45282226922274,11.160604445663486,177.56661002833897,224.02901331408776,0.11649119719499333,0.10808754502041809,-0.202752220252398,0.24196626738829377,0.41144098059963735,0.22960431410108179,0.5130175573518636,12.147737067567585,-2.652661487758336,18.52404667605172
Residual CNN,SRF,5,shrunken_affine,batch_macro,500,1231.0,185.7162681143166,9.759759082544655,172.7719327051422,209.3843497860928,-0.2451986271882089,0.14743569618127478,-0.6083541899565965,-0.060264090001366434,0.05635377864788463,0.0243676205740892,0.08590639052534656,12.910918310322419,1.7802104626026174,19.103118149251493
Residual CNN,SRF,5,shrunken_affine,pooled,500,1231.0,190.0072351729585,11.29256540994025,175.55697468448002,221.93737893755147,0.12966553459275174,0.10842847098266199,-0.187946216787571,0.26379940902931864,0.41635592248303005,0.23786842023841448,0.5211867050320799,12.81131461528327,-2.119894595828633,19.632476922115806
Residual CNN,SRF,10,intercept,batch_macro,500,1206.0,179.97738982317767,5.000980309568148,172.99397776193237,192.3777671229385,-0.16683952374292463,0.07189503578651169,-0.3320193149365988,-0.0727450977165753,0.06163854510635141,0.049901935713726905,0.07044242301189618,15.460787300593267,9.449441517593948,18.770513877672155
Residual CNN,SRF,10,intercept,pooled,500,1206.0,184.22172553884374,6.120209784070287,176.83411218064703,199.03502682495915,0.18366488974365877,0.05686745631562791,0.039852154734257204,0.2502922314293704,0.43016413515541935,0.30849638805487317,0.5044615822381584,15.465083154161997,8.451458390970513,18.905260165803295
Residual CNN,SRF,10,shrunken_affine,batch_macro,500,1206.0,177.35203512456513,5.391475462441243,169.33765445364205,190.11982354891884,-0.12542560442122536,0.07654281947416691,-0.2985507117799785,-0.019889079977748747,0.061873493573412104,0.030973121702544282,0.08833183372288568,16.922532791493243,10.862777750610631,20.66533647544779
Residual CNN,SRF,10,shrunken_affine,pooled,500,1206.0,180.9717699002142,6.594269257262653,172.36057456666373,196.36119036979608,0.2120305894508518,0.060189145151126576,0.06498904683804496,0.2849212054092113,0.4423135289066088,0.32184540825890834,0.5143732668534559,16.95653959244848,9.542810680863465,20.90269673554813
Residual CNN,SRF,20,intercept,batch_macro,500,1156.0,175.76309117774366,2.720257973239601,171.36052135733885,181.8732448451196,-0.11057182639454873,0.03556428432048404,-0.2010789290896855,-0.06017665739151856,0.0642560132013101,0.05307383374989102,0.07576835227180748,17.404640341263608,14.142107714844302,19.168635296326425
Residual CNN,SRF,20,intercept,pooled,500,1156.0,179.70918355638454,2.97273155761195,175.184028698393,186.35406633982296,0.22313815267832196,0.02635011795665184,0.16389965825971184,0.259148222679828,0.4450773993847075,0.3661001242337561,0.4960036448581659,17.51931138638314,14.596817876440852,19.33120849850235
Residual CNN,SRF,20,shrunken_affine,batch_macro,500,1156.0,171.53317356143776,3.052509601679863,166.5243646139593,178.17714170600692,-0.04753687633240957,0.03904929052520135,-0.1405290304759875,0.010036298266396574,0.06528149280600296,0.03507150899369017,0.09034797071165708,19.713506308086046,16.613032354139012,21.915249259598273
Residual CNN,SRF,20,shrunken_affine,pooled,500,1156.0,174.5423838239223,3.415035092744118,168.90872907809,181.7846008570432,0.2670952783083182,0.029065608363473643,0.20253863377831996,0.3103976355888084,0.4649262677296108,0.3848833179941957,0.5195357636618623,19.891193123779125,16.70911491673779,22.22846644319936
Residual CNN,SRF,40,intercept,batch_macro,500,1056.0,173.85525461620637,2.040897955280433,170.41926184694535,177.7544229252568,-0.08781959530630251,0.022239943991794936,-0.13620357658152105,-0.05588857668228499,0.06512180252174801,0.049359673049476256,0.08093377426083126,18.290147308172372,16.119449111799778,19.553319614841435
Residual CNN,SRF,40,intercept,pooled,500,1056.0,177.91416828456977,2.101535509899726,174.25739953898128,182.43816018212496,0.23806565242995112,0.01661146482608419,0.2009200456893984,0.26207811156691213,0.44645352825888296,0.39418418069893113,0.48251729701989216,18.35437753996132,16.503927146114016,19.60064302092622
Residual CNN,SRF,40,shrunken_affine,batch_macro,500,1056.0,168.59596646131763,2.2972681504840384,164.4167990448022,173.33201809378664,-0.01169009445788733,0.025605704367689826,-0.0697933073140772,0.025420585970639172,0.06938916934432157,0.04514671939073442,0.08982328745988316,21.124595097943896,18.669600350214203,22.667553141055535
Residual CNN,SRF,40,shrunken_affine,pooled,500,1056.0,171.41164962767914,2.468587358213133,167.15735179438258,176.56044690290537,0.29269807362830214,0.019297529672014785,0.2483912271040796,0.32243244776924695,0.47386754598033515,0.42416972943829667,0.5083595532155631,21.33872058172382,19.020758828073816,22.968711813205843
Residual CNN,SRF,80,intercept,batch_macro,500,856.0,172.81097612107587,2.6506978685709814,167.78259542170463,178.1518783817818,-0.07625835408370041,0.020845868391116896,-0.1217098837002728,-0.03767486779391942,0.0649409482624212,0.03938447291454803,0.08917826572250016,18.76312403121924,16.56113173739139,20.38197516959517
Residual CNN,SRF,80,intercept,pooled,500,856.0,177.31876415703346,2.374812813445311,172.99136851822277,182.2867984106268,0.2412337840796296,0.016910890966009836,0.2024967833841287,0.2675146890554839,0.44490146337359743,0.412894362493845,0.4700573496522121,18.706341936172123,17.020543765121463,20.09207074393345
Residual CNN,SRF,80,shrunken_affine,batch_macro,500,856.0,166.66631706020127,2.676996856646683,161.5318045137608,172.18513928288232,0.010957891273907503,0.018167524850563336,-0.03190611749323148,0.037753748189008174,0.07231312621261478,0.052306029779011776,0.08706770530831269,22.039749004964605,19.68026069301609,23.73766861893581
Residual CNN,SRF,80,shrunken_affine,pooled,500,856.0,169.49570138819374,2.448014942546889,164.83769531361864,174.63438220623846,0.3067055854651855,0.016468492827304348,0.2676505671017162,0.3340547077075895,0.47902175682982756,0.4499646829462848,0.5047983080507931,22.29302578199597,20.40044557064297,23.854804317759047
