target,trait,model,outer_fold,n,rmse,mae,bias,r2,pearson_r,ccc,rpd,rpiq,y_mean,y_sd
adhesive_force_g_mean,AF,global_pls,1,971,36.054570597474246,26.732048014307722,0.10996264224038392,0.373184280988741,0.6111539581935371,0.5508844213905292,1.2637285825955695,1.515673124443772,86.72437698214874,45.56319139723803
adhesive_force_g_mean,AF,global_pls,2,971,35.18231555526606,26.02548819239326,0.26323438441888924,0.3984515175061766,0.6313106725519502,0.5730866465824034,1.2899961972227383,1.6070640026471217,86.70029422583052,45.385053275783605
adhesive_force_g_mean,AF,global_pls,3,971,35.79425964083344,26.176198256399207,-2.116861208637583,0.40285485124614384,0.636417795255206,0.5720977974907135,1.2947436615993273,1.6482927582253581,88.5190211888608,46.344390791609705
adhesive_force_g_mean,AF,global_pls,4,970,36.56538474493074,27.0378226953987,-0.8280561964964513,0.3954188043289978,0.629153501456257,0.5629551187072881,1.2867573600538464,1.68437539906371,88.63490441317558,47.050777943740265
adhesive_force_g_mean,AF,global_pls,5,970,34.396202020277876,26.098372437154886,2.459986001199376,0.35195265457590563,0.6004909616755998,0.5551692078615782,1.2428554201148132,1.5897364038912143,85.15778581760055,42.749506112266445
adhesive_force_g_mean,AF,cultivar_aware_pls,1,971,31.686807694624786,23.078084235774753,0.09455378193358656,0.5158541649139068,0.7207520508661964,0.6992702623480184,1.4379230573285922,1.72459605885835,86.72437698214874,45.56319139723803
adhesive_force_g_mean,AF,cultivar_aware_pls,2,971,30.74041680491689,22.616256588036865,0.4596415174158681,0.5407583168883096,0.7368203639160626,0.7150509227011475,1.4763968089243449,1.8392799686956887,86.70029422583052,45.385053275783605
adhesive_force_g_mean,AF,cultivar_aware_pls,3,971,31.718631700256473,23.254617995458283,-1.549223116944947,0.5310980609129502,0.7312586765306717,0.7090882588416221,1.4611093955618195,1.860087140882149,88.5190211888608,46.344390791609705
adhesive_force_g_mean,AF,cultivar_aware_pls,4,970,31.949018841921756,23.27212523973315,-1.100424254986642,0.53843869654278,0.7352927709898476,0.7120558407904872,1.4726830321938653,1.9277535509430415,88.63490441317558,47.050777943740265
adhesive_force_g_mean,AF,cultivar_aware_pls,5,970,31.299942122088066,23.384151780857394,2.2008316642577856,0.4633726259171571,0.697070796191621,0.6852664771891657,1.3658014428754657,1.7469966651677764,85.15778581760055,42.749506112266445
adhesive_force_g_mean,AF,nested_rbf_svr,1,971,30.899855837899366,21.879143354049948,-0.23203999543472484,0.5396033760421197,0.7350266302468274,0.7082336696325584,1.4745438178178731,1.7685177547309667,86.72437698214874,45.56319139723803
adhesive_force_g_mean,AF,nested_rbf_svr,2,971,30.001495481275693,21.447507693329488,0.023803879231721503,0.5625709681677462,0.750132135286444,0.7230990481226819,1.5127596990659675,1.8845804834604802,86.70029422583052,45.385053275783605
adhesive_force_g_mean,AF,nested_rbf_svr,3,971,30.97956850497734,21.8900331337915,-1.699836857802722,0.5526948799858205,0.7449895348089126,0.7039617251840077,1.495966310317194,1.9044622568756828,88.5190211888608,46.344390791609705
adhesive_force_g_mean,AF,nested_rbf_svr,4,970,31.52014813652288,22.11575883328069,-1.0561409782561038,0.5507471509331798,0.7434080783519098,0.7002687501788125,1.4927207112082637,1.95398302872491,88.63490441317558,47.050777943740265
adhesive_force_g_mean,AF,nested_rbf_svr,5,970,30.05886044958413,22.38823503328231,2.461482646765657,0.5050848158988654,0.7187868487730906,0.7016436751489845,1.4221931727574153,1.8191273284942107,85.15778581760055,42.749506112266445
adhesive_force_g_mean,AF,residual_cnn,1,971,30.735685131629403,21.657097135070057,-2.4050814066155604,0.5444825477545538,0.7400220718634435,0.7008419528216125,1.4824199038384205,1.7779640646993875,86.72437698214874,45.56319139723803
adhesive_force_g_mean,AF,residual_cnn,2,971,29.98146019689811,21.055904676000733,-2.1483572142281266,0.5631550116336386,0.7535453926401439,0.7084150907694718,1.5137706094941685,1.8858398652807988,86.70029422583052,45.385053275783605
adhesive_force_g_mean,AF,residual_cnn,3,971,30.269235082044585,20.874707824452003,-5.042119067616329,0.5729723141453424,0.7711123561247611,0.7082423138256801,1.5310724128308333,1.9491546050670387,88.5190211888608,46.344390791609705
adhesive_force_g_mean,AF,residual_cnn,4,970,31.090950854173034,22.03219931120966,-2.5067630099852622,0.5628984477794428,0.7531719795157469,0.7110555170007526,1.5133270823534526,1.9809569289320788,88.63490441317558,47.050777943740265
adhesive_force_g_mean,AF,residual_cnn,5,970,29.091144335946765,21.052396421241053,-0.39078298777235004,0.5364384951097362,0.7328506629181859,0.7051156736240056,1.4695023894073012,1.8796405488822683,85.15778581760055,42.749506112266445
adhesive_force_g_mean,AF,no_neural_b50,1,971,30.882725735089792,22.044470131962314,-0.06874310675056908,0.5401136991624027,0.7354276767584322,0.7092177136876482,1.4753617212443102,1.76949872031085,86.72437698214874,45.56319139723803
adhesive_force_g_mean,AF,no_neural_b50,2,971,29.948708436461157,21.625044461707738,0.24172269832379506,0.5641089096482734,0.7511946914159817,0.724686291931,1.5154260615970143,1.8879022104941547,86.70029422583052,45.385053275783605
adhesive_force_g_mean,AF,no_neural_b50,3,971,30.914392329521135,22.137210916507396,-1.6245299873738344,0.554575020416409,0.7455444764967719,0.7123923906341237,1.4991202252212468,1.908477395354899,88.5190211888608,46.344390791609705
adhesive_force_g_mean,AF,no_neural_b50,4,970,31.369541260776973,22.281971605191583,-1.078282616621373,0.555030057393909,0.7454318952757573,0.7111459009370884,1.4998873446252905,1.9633642076452642,88.63490441317558,47.050777943740265
adhesive_force_g_mean,AF,no_neural_b50,5,970,30.208473109305736,22.519319749846908,2.331157155511722,0.5001458494643891,0.7160746590368778,0.6999668507342842,1.4151495164148975,1.8101177874623458,85.15778581760055,42.749506112266445
adhesive_force_g_mean,AF,cultivar_mean_null,1,971,32.23264484727371,22.83153905743375,0.4694833276513452,0.49903070323281307,0.7064984249872803,0.6664013742607942,1.413572842474695,1.6953912385062768,86.72437698214874,45.56319139723803
adhesive_force_g_mean,AF,cultivar_mean_null,2,971,31.745202879023253,22.386874661309633,0.5112106562722858,0.5102459790052613,0.7144124350200107,0.6746999019168428,1.4296665057942772,1.781063837396386,86.70029422583052,45.385053275783605
adhesive_force_g_mean,AF,cultivar_mean_null,3,971,32.37257011886115,23.114015155058887,-1.6949831794827923,0.5115641857212583,0.7165976151810534,0.6699966227140394,1.4315944214947638,1.8225126622754393,88.5190211888608,46.344390791609705
adhesive_force_g_mean,AF,cultivar_mean_null,4,970,33.404280757544434,23.47435371889185,-1.822191380070264,0.4954332933631683,0.7053291407295417,0.6558977134133636,1.408525400838446,1.8437707121639073,88.63490441317558,47.050777943740265
adhesive_force_g_mean,AF,cultivar_mean_null,5,970,30.466858368081784,22.304340936524934,2.5396306972218468,0.49155837132602265,0.7063441328293263,0.680972165560416,1.4031478269204292,1.7947664260821197,85.15778581760055,42.749506112266445
adhesive_force_g_mean,AF,plumspectra_corrected,1,971,30.512318638625466,21.430856017441794,-1.3185607010251426,0.5510792850281065,0.7429526013180741,0.7087347308004726,1.4932720104580877,1.7909797126585758,86.72437698214874,45.56319139723803
adhesive_force_g_mean,AF,plumspectra_corrected,2,971,29.643309146897273,20.861475622402782,-1.0622766674982027,0.5729535037779612,0.7579367864670463,0.7206769055192783,1.5310386924374129,1.9073522655131083,86.70029422583052,45.385053275783605
adhesive_force_g_mean,AF,plumspectra_corrected,3,971,30.132285649632355,20.94671159739798,-3.370977962709525,0.5768276414138576,0.7675150276521335,0.7127744565218155,1.5380310451880757,1.9580133959318091,88.5190211888608,46.344390791609705
adhesive_force_g_mean,AF,plumspectra_corrected,4,970,31.0219306124137,21.731992927807212,-1.7814519941206828,0.5648369776320659,0.7541447393133613,0.7094629294275834,1.5166940617458695,1.9853643311617455,88.63490441317558,47.050777943740265
adhesive_force_g_mean,AF,plumspectra_corrected,5,970,29.185256930193663,21.342209586884106,1.0353498294966532,0.5334343132182806,0.7320850092085962,0.7088942151480893,1.4647637406282301,1.8735793430916157,85.15778581760055,42.749506112266445
adhesive_force_g_mean,AF,plumspectra_fixed_gate_sensitivity,1,971,30.58364606331688,21.576145935319232,-0.9019548293389669,0.5489779838963398,0.7411986505516815,0.709607744342691,1.4897893894962428,1.7868027754054427,86.72437698214874,45.56319139723803
adhesive_force_g_mean,AF,plumspectra_fixed_gate_sensitivity,2,971,29.67492902837293,21.036724018365657,-0.627610214053049,0.5720419752240193,0.75668995020028,0.7229965435416372,1.5294073064973412,1.9053199016779603,86.70029422583052,45.385053275783605
adhesive_force_g_mean,AF,plumspectra_fixed_gate_sensitivity,3,971,30.338470034065438,21.361618462352755,-2.4977540151992677,0.5710165955014094,0.7592364465097885,0.7150941231679651,1.5275783762191066,1.944706469567407,88.5190211888608,46.344390791609705
adhesive_force_g_mean,AF,plumspectra_fixed_gate_sensitivity,4,970,31.0219306124137,21.731992927807212,-1.7814519941206828,0.5648369776320659,0.7541447393133613,0.7094629294275834,1.5166940617458695,1.9853643311617455,88.63490441317558,47.050777943740265
adhesive_force_g_mean,AF,plumspectra_fixed_gate_sensitivity,5,970,29.456236029569123,21.676187841518896,1.4672855905290971,0.5247301591948135,0.7276653465932763,0.7068824259469622,1.4512888228269596,1.8563435753414597,85.15778581760055,42.749506112266445
flesh_force_mean_g_mean,MFF,global_pls,1,971,48.35952553087037,37.80517256959646,0.4365113852061648,0.3548354990306004,0.5957880029699538,0.5275007938744065,1.2456284424545025,1.740825088277067,95.7930390626459,60.23800046485681
flesh_force_mean_g_mean,MFF,global_pls,2,971,48.13085249405024,37.16295071565642,-1.322450147833976,0.3600562322238605,0.6005929971353494,0.5353124212351097,1.2506991101190221,1.7522774513154755,97.19293366889376,60.197214383578554
flesh_force_mean_g_mean,MFF,global_pls,3,971,48.28536317450797,37.44165040681398,-2.6719754327453393,0.36601688655281517,0.606596007217133,0.5374781595862038,1.2565648374697642,1.894656725141856,98.1071670432079,60.67368952954415
flesh_force_mean_g_mean,MFF,global_pls,4,970,49.079251499875646,37.78450220963756,0.1934866878860356,0.3555389180251185,0.5962810025884365,0.525185861465028,1.2463087111476083,1.8697852479147852,98.34819190937041,61.16789868089934
flesh_force_mean_g_mean,MFF,global_pls,5,970,48.13184839849867,38.18437417684514,3.223044693897008,0.31584439378282503,0.5679180939781538,0.510459124900944,1.209613244880059,1.7373232948728907,94.6354031278075,58.220921323383045
flesh_force_mean_g_mean,MFF,cultivar_aware_pls,1,971,40.47028665836381,30.278888853678122,1.306086091943906,0.5481659439855592,0.7407897781155055,0.7115565826007558,1.4884500565406225,2.0801798616347646,95.7930390626459,60.23800046485681
flesh_force_mean_g_mean,MFF,cultivar_aware_pls,2,971,40.225676631032215,29.491818693077704,-0.48289613987512414,0.5530062794754798,0.7437321194699515,0.7144581961152726,1.496487304259271,2.0966361439114287,97.19293366889376,60.197214383578554
flesh_force_mean_g_mean,MFF,cultivar_aware_pls,3,971,40.63249604674899,29.817670544142437,-1.5072171669988292,0.5510544311845609,0.7427962176929934,0.7131746496309911,1.4932306757561022,2.251503032431061,98.1071670432079,60.67368952954415
flesh_force_mean_g_mean,MFF,cultivar_aware_pls,4,970,40.60007807511384,29.751119715227606,-1.7947714517474027,0.5589837703162059,0.7482398899809124,0.7162990610343761,1.506595592445245,2.26028285619029,98.34819190937041,61.16789868089934
flesh_force_mean_g_mean,MFF,cultivar_aware_pls,5,970,39.92592879391524,30.492740892557062,2.47807015405758,0.5292396624327689,0.7311693100081802,0.7106881318950075,1.4582233421268833,2.0943928913870637,94.6354031278075,58.220921323383045
flesh_force_mean_g_mean,MFF,nested_rbf_svr,1,971,39.852446493602805,30.218345017503342,0.8079486694053757,0.5618564977822508,0.7499249960518733,0.724613831252357,1.511525784860569,2.112429291256388,95.7930390626459,60.23800046485681
flesh_force_mean_g_mean,MFF,nested_rbf_svr,2,971,39.74676335312724,28.71334486751923,-0.8724228773261987,0.5635864320528565,0.7508702688666438,0.7217899668143533,1.5145186502045653,2.121898751569158,97.19293366889376,60.197214383578554
flesh_force_mean_g_mean,MFF,nested_rbf_svr,3,971,39.80909541686662,29.304961865912578,-1.3075053848755267,0.5690654605708184,0.7547131046231904,0.7275943853393234,1.5241162577092233,2.2980725160044138,98.1071670432079,60.67368952954415
flesh_force_mean_g_mean,MFF,nested_rbf_svr,4,970,40.50720069114433,30.489911149799774,-0.11294530884182567,0.5609992138705665,0.7496980991162983,0.7275920532645428,1.5100500068441376,2.265465370783553,98.34819190937041,61.16789868089934
flesh_force_mean_g_mean,MFF,nested_rbf_svr,5,970,39.15321490724695,29.686740291025163,3.0601306135905513,0.547285227462764,0.7424860004337535,0.7183674906045494,1.48700231797841,2.135727082593278,94.6354031278075,58.220921323383045
flesh_force_mean_g_mean,MFF,residual_cnn,1,971,39.31243306122108,29.00187719191209,-1.3543753470178477,0.5736500197044645,0.7577456850674344,0.728010587724679,1.5322887894282309,2.141446579259361,95.7930390626459,60.23800046485681
flesh_force_mean_g_mean,MFF,residual_cnn,2,971,39.21800319579946,28.420910404350323,-1.9567015819706934,0.5751206136535585,0.759152953592254,0.7276184920736529,1.5349382803361626,2.1505074370270014,97.19293366889376,60.197214383578554
flesh_force_mean_g_mean,MFF,residual_cnn,3,971,39.82505880641066,28.941702051563148,-2.6325590644307186,0.568719783025593,0.755420274572405,0.7237767327016297,1.5235053342790663,2.2971513616389734,98.1071670432079,60.67368952954415
flesh_force_mean_g_mean,MFF,residual_cnn,4,970,39.499803212870695,28.858872414965283,-2.5643765602398556,0.5825632326457766,0.7647862795427494,0.730780023087958,1.5485621118478958,2.3232434839894425,98.34819190937041,61.16789868089934
flesh_force_mean_g_mean,MFF,residual_cnn,5,970,37.50732345331086,28.043993607138944,-0.5315216850609562,0.5845469446168327,0.7647070867591786,0.7409121254610267,1.5522547588834614,2.2294467786295953,94.6354031278075,58.220921323383045
flesh_force_mean_g_mean,MFF,no_neural_b50,1,971,39.690252088631574,29.618911396494603,1.057017380674641,0.565415617448645,0.7521477056472969,0.7229001396764478,1.5177026422089845,2.121061743657396,95.7930390626459,60.23800046485681
flesh_force_mean_g_mean,MFF,no_neural_b50,2,971,39.69609756353829,28.795691237366118,-0.6776595086006617,0.5646983286392177,0.7515540599438185,0.7210737309757742,1.5164516937017753,2.124607019693096,97.19293366889376,60.197214383578554
flesh_force_mean_g_mean,MFF,no_neural_b50,3,971,39.56305473117225,28.74896121940846,-1.4073612759371779,0.5743757936210139,0.7583083069932743,0.7270371271050701,1.5335946615299791,2.312364115615593,98.1071670432079,60.67368952954415
flesh_force_mean_g_mean,MFF,no_neural_b50,4,970,39.44325447286266,29.0537362287664,-0.9538583802946141,0.5837575994136677,0.7643821121953438,0.7330526235977556,1.5507822439698389,2.3265742560950216,98.34819190937041,61.16789868089934
flesh_force_mean_g_mean,MFF,no_neural_b50,5,970,39.24453237497334,29.77880211575458,2.769100383824065,0.5451710216951077,0.7409120585516152,0.717569604780591,1.4835422363322937,2.130757493783463,94.6354031278075,58.220921323383045
flesh_force_mean_g_mean,MFF,cultivar_mean_null,1,971,40.303073270270914,30.352776420608592,1.2002876621745933,0.551891967539327,0.7431635186833102,0.710952885677575,1.4946254857763082,2.0888103181802,95.7930390626459,60.23800046485681
flesh_force_mean_g_mean,MFF,cultivar_mean_null,2,971,40.2882565496563,29.23119250573708,-0.5691975212280682,0.5516144028455944,0.7427677966469782,0.7109669873492271,1.4941628042251953,2.093379430156427,97.19293366889376,60.197214383578554
flesh_force_mean_g_mean,MFF,cultivar_mean_null,3,971,40.65518961800646,29.542830059219057,-1.5835702816525405,0.550552811823836,0.7424919197862234,0.7082605636782388,1.492397160107485,2.2502462520548536,98.1071670432079,60.67368952954415
flesh_force_mean_g_mean,MFF,cultivar_mean_null,4,970,40.8015934805886,29.9020578992571,-1.8556707109559631,0.5545950044713502,0.7455645347769881,0.7087399547378823,1.499154652133869,2.249119522178114,98.34819190937041,61.16789868089934
flesh_force_mean_g_mean,MFF,cultivar_mean_null,5,970,39.420606268495916,30.07744177011367,2.8130037014874647,0.5410806093529265,0.738105606177103,0.7137846994863567,1.4769159288631217,2.1212403705427003,94.6354031278075,58.220921323383045
flesh_force_mean_g_mean,MFF,plumspectra_corrected,1,971,39.202981785362056,29.177843547633817,-0.27321333880623627,0.5760207500501917,0.7589812595920347,0.7301217728018756,1.5365668049094416,2.147425309692856,95.7930390626459,60.23800046485681
flesh_force_mean_g_mean,MFF,plumspectra_corrected,2,971,39.19861703181453,28.31017819692385,-1.4145622296484461,0.5755405608712607,0.7591100305326361,0.7275737903243199,1.5356974031691237,2.151570997248812,97.19293366889376,60.197214383578554
flesh_force_mean_g_mean,MFF,plumspectra_corrected,3,971,39.277020716181845,28.464125571892094,-1.970032224653123,0.5805079242704749,0.7627524621715964,0.7311012816695172,1.544763029965433,2.3292038549860687,98.1071670432079,60.67368952954415
flesh_force_mean_g_mean,MFF,plumspectra_corrected,4,970,39.07532042314413,28.787176726247623,-1.338660934540841,0.5914869538695163,0.7696736962167855,0.7383579578624008,1.565384442623019,2.348481328864895,98.34819190937041,61.16789868089934
flesh_force_mean_g_mean,MFF,plumspectra_corrected,5,970,37.840265439493244,28.557609252283203,1.2643044642647974,0.5771384881137782,0.7600795263148304,0.734761945998414,1.5385970644544913,2.2098307312804626,94.6354031278075,58.220921323383045
flesh_force_mean_g_mean,MFF,plumspectra_fixed_gate_sensitivity,1,971,39.41590424074956,29.367530167651463,0.39190204231408926,0.5714027412915825,0.755941710528125,0.7268310112272348,1.5282663591053842,2.1358250412603894,95.7930390626459,60.23800046485681
flesh_force_mean_g_mean,MFF,plumspectra_fixed_gate_sensitivity,2,971,39.19861703181453,28.31017819692385,-1.4145622296484461,0.5755405608712607,0.7591100305326361,0.7275737903243199,1.5356974031691237,2.151570997248812,97.19293366889376,60.197214383578554
flesh_force_mean_g_mean,MFF,plumspectra_fixed_gate_sensitivity,3,971,39.277020716181845,28.464125571892094,-1.970032224653123,0.5805079242704749,0.7627524621715964,0.7311012816695172,1.544763029965433,2.3292038549860687,98.1071670432079,60.67368952954415
flesh_force_mean_g_mean,MFF,plumspectra_fixed_gate_sensitivity,4,970,39.07532042314413,28.787176726247623,-1.338660934540841,0.5914869538695163,0.7696736962167855,0.7383579578624008,1.565384442623019,2.348481328864895,98.34819190937041,61.16789868089934
flesh_force_mean_g_mean,MFF,plumspectra_fixed_gate_sensitivity,5,970,38.68803289615702,29.325910979916156,2.2675016748771686,0.5579787923946369,0.7484823107865348,0.7242329845243131,1.504881922522514,2.1614069051390934,94.6354031278075,58.220921323383045
force_at_6_rawpos_g_mean,F6,global_pls,1,971,51.4001780408996,40.14117060084033,1.064908451644438,0.3247331230081255,0.5703194085878076,0.48377187578643605,1.2175478108076982,1.7178026805843705,94.46840497498776,62.58217424882323
force_at_6_rawpos_g_mean,F6,global_pls,2,971,55.595232628578465,40.71804673051533,-1.4583827669616725,0.2857425721491904,0.5350231288775806,0.446738260526886,1.1838491456834637,1.6448104007673656,96.6171342168636,65.81636865141604
force_at_6_rawpos_g_mean,F6,global_pls,3,971,54.33354551312115,41.21342761671281,-2.419594614013023,0.2698586753154306,0.522724350990275,0.44795006433693285,1.1709012863323498,1.7078070480556582,97.16808364200335,63.61921833231083
force_at_6_rawpos_g_mean,F6,global_pls,4,970,57.911083824315064,41.649564096135755,-0.42724565287092625,0.256829716286921,0.5073954166222697,0.42053391800409823,1.1605926363526367,1.5907011094100278,98.04744777393199,67.21117744970036
force_at_6_rawpos_g_mean,F6,global_pls,5,970,55.91365601385108,41.36257511453626,3.1716276020594845,0.23534063157408147,0.4913267497459202,0.4146957948369122,1.144168459561289,1.5641929834852888,94.18420442711746,63.9746416698078
force_at_6_rawpos_g_mean,F6,cultivar_aware_pls,1,971,44.12050249939855,32.69011003888909,1.8406737671542357,0.5024610321432663,0.7099722323797668,0.6777845096759192,1.4184374769910282,2.0012320490315103,94.46840497498776,62.58217424882323
force_at_6_rawpos_g_mean,F6,cultivar_aware_pls,2,971,48.06613080674963,31.367806130807253,-0.7885683377158824,0.4661023738241836,0.6830193013905898,0.6415219083252911,1.3692878446162315,1.9024542921546372,96.6171342168636,65.81636865141604
force_at_6_rawpos_g_mean,F6,cultivar_aware_pls,3,971,46.75100810044692,32.7855774821722,-1.0448196983292546,0.45942893172883636,0.6809134193108437,0.6520040964159961,1.3608095507934654,1.984795959346899,97.16808364200335,63.61921833231083
force_at_6_rawpos_g_mean,F6,cultivar_aware_pls,4,970,48.447019073840366,32.02072655471123,-2.1205698630194525,0.4798853696612615,0.6934609057604154,0.6482014147312025,1.3873129603136296,1.9014425871294964,98.04744777393199,67.21117744970036
force_at_6_rawpos_g_mean,F6,cultivar_aware_pls,5,970,46.97250784462225,32.392855472215174,2.1778888982330176,0.4603406220795856,0.6810402208748796,0.6479320262129238,1.3619592524509436,1.8619348302027887,94.18420442711746,63.9746416698078
force_at_6_rawpos_g_mean,F6,nested_rbf_svr,1,971,43.2833915637861,32.01185346740614,1.9046569194691558,0.5211618240690448,0.7225645501394056,0.6865664085014611,1.4458703901841148,2.0399363458164235,94.46840497498776,62.58217424882323
force_at_6_rawpos_g_mean,F6,nested_rbf_svr,2,971,47.621940434533805,30.95186738288633,-0.7980125247940952,0.475924524760431,0.6899806844704911,0.6445610443569167,1.3820597827569465,1.9201993036439833,96.6171342168636,65.81636865141604
force_at_6_rawpos_g_mean,F6,nested_rbf_svr,3,971,45.90013043840436,32.07637225930142,-1.1916136750732653,0.47892687133830625,0.6927541474169776,0.6562099618925505,1.3860356762533514,2.021589287152076,97.16808364200335,63.61921833231083
force_at_6_rawpos_g_mean,F6,nested_rbf_svr,4,970,48.36230805591317,31.78276205388021,-2.3641788362630822,0.48170265051825667,0.6954357174025567,0.6423153476014033,1.3897429661958116,1.904773138204512,98.04744777393199,67.21117744970036
force_at_6_rawpos_g_mean,F6,nested_rbf_svr,5,970,45.85519229418916,31.634609909734074,2.532163363448426,0.48570858925228566,0.6981807154694999,0.6589377378348978,1.3951449872758415,1.9073030564732563,94.18420442711746,63.9746416698078
force_at_6_rawpos_g_mean,F6,residual_cnn,1,971,42.65998539074152,30.984143191760467,-1.3332646068953184,0.5348558048318571,0.7316790023132476,0.6990451757492139,1.46699942992492,2.0697466914823166,94.46840497498776,62.58217424882323
force_at_6_rawpos_g_mean,F6,residual_cnn,2,971,46.746015749020074,29.719790021889377,-4.029469429003647,0.49502617888576295,0.7063142633180277,0.6607494294704414,1.407956755176418,1.956179909567672,96.6171342168636,65.81636865141604
force_at_6_rawpos_g_mean,F6,residual_cnn,3,971,45.38460335519622,31.29806108855547,-3.866888253689763,0.4905660002238712,0.7035843535014001,0.6688675141446471,1.4017797585318519,2.0445526701411008,97.16808364200335,63.61921833231083
force_at_6_rawpos_g_mean,F6,residual_cnn,4,970,47.70968696785577,31.237423507875658,-3.124017374584223,0.4955965087148084,0.7057044244794988,0.6586569320422777,1.40875326838727,1.930828541141762,98.04744777393199,67.21117744970036
force_at_6_rawpos_g_mean,F6,residual_cnn,5,970,45.20571255889924,30.189186818509654,-0.4314830566236866,0.5001739676790673,0.7074565498971697,0.6720926861928674,1.4151893211826763,1.934705670304902,94.18420442711746,63.9746416698078
force_at_6_rawpos_g_mean,F6,no_neural_b50,1,971,43.40969885771448,32.020863525624804,1.8726653433116953,0.5183631062280811,0.720624429952555,0.6850742974337203,1.4416634046218808,2.0340008326383483,94.46840497498776,62.58217424882323
force_at_6_rawpos_g_mean,F6,no_neural_b50,2,971,47.62009435271524,30.908075286887428,-0.7932904312549894,0.47596515592518795,0.6900078482455817,0.6451897181542182,1.3821133608834033,1.920273743753157,96.6171342168636,65.81636865141604
force_at_6_rawpos_g_mean,F6,no_neural_b50,3,971,45.97823179016785,31.983535545952726,-1.1182166867012597,0.477152099070842,0.6918033793950416,0.6574978870274268,1.383681273839578,2.0181552956763333,97.16808364200335,63.61921833231083
force_at_6_rawpos_g_mean,F6,no_neural_b50,4,970,48.19683603871676,31.66740927241752,-2.242374349641267,0.4852432998696845,0.6977040206799934,0.6472553925189899,1.3945143078626423,1.9113127096657392,98.04744777393199,67.21117744970036
force_at_6_rawpos_g_mean,F6,no_neural_b50,5,970,46.13461004363673,31.65594037450625,2.3550261308407214,0.47942184332425064,0.6937381893565774,0.6561506672773446,1.3866951863101684,1.895751331487391,94.18420442711746,63.9746416698078
force_at_6_rawpos_g_mean,F6,cultivar_mean_null,1,971,43.32611995446799,32.079667935759296,1.9336573643097443,0.5202159608761032,0.721928849346903,0.685723262149519,1.444444467092638,2.0379245525323295,94.46840497498776,62.58217424882323
force_at_6_rawpos_g_mean,F6,cultivar_mean_null,2,971,47.646559519186205,30.980802763043158,-0.783339566400542,0.47538252275851156,0.6895836448770526,0.6441120868484996,1.3813456693533823,1.9192071323375355,96.6171342168636,65.81636865141604
force_at_6_rawpos_g_mean,F6,cultivar_mean_null,3,971,45.67292291991201,32.06007232369613,-1.2667791161244506,0.4840727700290063,0.6963468104739071,0.6593591414541571,1.392930740252115,2.031646017835811,97.16808364200335,63.61921833231083
force_at_6_rawpos_g_mean,F6,cultivar_mean_null,4,970,48.36879207183784,31.830174617312466,-2.361115357053876,0.4815636632082322,0.6953143453408663,0.6423475514051249,1.3895566659981422,1.904517796302596,98.04744777393199,67.21117744970036
force_at_6_rawpos_g_mean,F6,cultivar_mean_null,5,970,45.848284550639775,31.692396962383476,2.4789630752225635,0.4858635259306203,0.6982515706372837,0.6591578060997378,1.3953551871531273,1.907590420777378,94.18420442711746,63.9746416698078
force_at_6_rawpos_g_mean,F6,plumspectra_corrected,1,971,42.681300655397855,31.14984158249352,0.2856961562869191,0.5343908656862406,0.7310403171272459,0.6957315658592668,1.4662668027411327,2.0687130491653516,94.46840497498776,62.58217424882323
force_at_6_rawpos_g_mean,F6,plumspectra_corrected,2,971,46.89803623122998,30.007488688149333,-2.4137409768988705,0.49173643593474126,0.7023372780944208,0.6554637847460607,1.4033928484107425,1.9498389316283062,96.6171342168636,65.81636865141604
force_at_6_rawpos_g_mean,F6,plumspectra_corrected,3,971,45.381443169815924,31.340276383516535,-2.5292509643815135,0.49063694277748837,0.7018402006201159,0.6651517147384562,1.4018773729660763,2.0446950447551746,97.16808364200335,63.61921833231083
force_at_6_rawpos_g_mean,F6,plumspectra_corrected,4,970,47.83733161603564,31.294922173445777,-2.744098105423652,0.49289389049384924,0.7037862130946788,0.6524585463992316,1.4049942833176416,1.925676499388934,98.04744777393199,67.21117744970036
force_at_6_rawpos_g_mean,F6,plumspectra_corrected,5,970,45.20101917215545,30.583376038819363,1.0503401534123695,0.5002777490360544,0.7075158146775444,0.6687870303289598,1.4153362654534394,1.934906557853733,94.18420442711746,63.9746416698078
force_at_6_rawpos_g_mean,F6,plumspectra_fixed_gate_sensitivity,1,971,42.4228914053211,30.83279389212951,-0.5077884656127976,0.5400117572808658,0.7349156105990022,0.6999612798035689,1.4751982284963618,2.0813141371617196,94.46840497498776,62.58217424882323
force_at_6_rawpos_g_mean,F6,plumspectra_fixed_gate_sensitivity,2,971,46.66338741163607,29.731652574785432,-3.2239662299598946,0.49680978631721173,0.706772023368462,0.659352170812376,1.4104498687766491,1.9596437792633226,96.6171342168636,65.81636865141604
force_at_6_rawpos_g_mean,F6,plumspectra_fixed_gate_sensitivity,3,971,45.182094218533315,31.12860888593718,-3.234768135638969,0.49510211455416675,0.7056150123858433,0.6679971748179652,1.4080626281863393,2.053716490527325,97.16808364200335,63.61921833231083
force_at_6_rawpos_g_mean,F6,plumspectra_fixed_gate_sensitivity,4,970,47.326317008547726,30.760484638393773,-3.7475456401237306,0.5036701824572024,0.7127137200417182,0.6608186742071229,1.4201649673597287,1.9464693453715656,98.04744777393199,67.21117744970036
force_at_6_rawpos_g_mean,F6,plumspectra_fixed_gate_sensitivity,5,970,44.88545381299106,30.17293708957447,0.3979971685328096,0.5072308916972785,0.7122305038492887,0.6735839774597158,1.4252867295571783,1.9485098397860618,94.18420442711746,63.9746416698078
fruit_weight_g,FW,global_pls,1,969,24.998980591612135,20.115327184943975,0.5185163044979052,0.28517319017351783,0.5344430416714667,0.4384942860366548,1.1833788242767809,1.952879631275065,61.04290712074303,29.583264260620034
fruit_weight_g,FW,global_pls,2,969,25.57402372892444,20.654621360337995,0.40956555997284,0.22748516525232698,0.4800229697496292,0.39816597111552565,1.1383368523498065,1.807302616511018,61.01660474716202,29.111853673503113
fruit_weight_g,FW,global_pls,3,969,24.395211528468227,19.644309129386496,-0.20301170757673642,0.28227282790640196,0.53152477673253,0.43391531988339255,1.1809853648352195,1.9667794207895788,61.10687306501548,28.810387787180403
fruit_weight_g,FW,global_pls,4,968,24.979214131484916,20.077639134149866,-0.3754962349354828,0.2813097833455286,0.5308918062932908,0.4304474710513759,1.1801944694186948,1.8913725528478615,61.12025826446281,29.480330368403802
fruit_weight_g,FW,global_pls,5,968,25.326843324301965,20.088968307247303,-0.2934846682071063,0.2629267114334014,0.5137559573071,0.431323766990841,1.1653841450510252,1.8980849442801582,61.18218181818182,29.51550165433291
fruit_weight_g,FW,cultivar_aware_pls,1,969,12.555473859397559,9.214339677890106,-0.23315085207116332,0.8196889052795202,0.905403240602167,0.9007220053805672,2.3562045201884168,3.8883438846443115,61.04290712074303,29.583264260620034
fruit_weight_g,FW,cultivar_aware_pls,2,969,12.549735350456361,9.653002347405403,0.1468178848055445,0.8139722062812724,0.902567801605382,0.9000188393808988,2.3197185327453527,3.6829461904405223,61.01660474716202,29.111853673503113
fruit_weight_g,FW,cultivar_aware_pls,3,969,11.787555000712208,8.896125332390433,0.07325763697178231,0.8324294572748047,0.9124414408982886,0.9095243712001019,2.444136021884069,4.070394581157927,61.10687306501548,28.810387787180403
fruit_weight_g,FW,cultivar_aware_pls,4,968,12.562521276259918,9.33271872512389,0.2501122181594723,0.8182234687935848,0.9046390726837428,0.9009028934203375,2.3466889902200117,3.76078965050443,61.12025826446281,29.480330368403802
fruit_weight_g,FW,cultivar_aware_pls,5,968,12.489098469696234,9.280768004023527,-0.21556104221591282,0.8207699917527705,0.9059997659704568,0.9012275315015558,2.3633012203362664,3.849156936078608,61.18218181818182,29.51550165433291
fruit_weight_g,FW,nested_rbf_svr,1,969,12.605519609827567,9.20389201443514,-0.23767260302077442,0.818248611037107,0.9046122081813,0.899732762879203,2.346850044765803,3.8729065925960526,61.04290712074303,29.583264260620034
fruit_weight_g,FW,nested_rbf_svr,2,969,12.633958568342738,9.659133516105372,0.08490318642398828,0.8114669049852696,0.9010988850592687,0.8982520231346826,2.304254325041836,3.6583941406785003,61.01660474716202,29.111853673503113
fruit_weight_g,FW,nested_rbf_svr,3,969,11.853533218078711,8.924532066080278,0.1076809673850716,0.830548329685939,0.9113928632621844,0.9082295522564435,2.4305316614998405,4.047738266496111,61.10687306501548,28.810387787180403
fruit_weight_g,FW,nested_rbf_svr,4,968,12.60760508529362,9.313350231515907,0.2128167060791328,0.8169164248519609,0.9038906371840498,0.8999468771662401,2.338297414057781,3.747341361057528,61.12025826446281,29.480330368403802
fruit_weight_g,FW,nested_rbf_svr,5,968,12.542962389267421,9.315176754491278,-0.2085004373446333,0.8192206646999016,0.905154548311174,0.900056290448449,2.3531523685017426,3.8326272939424553,61.18218181818182,29.51550165433291
fruit_weight_g,FW,residual_cnn,1,969,12.359053733052285,9.043091964831907,-0.3065619201502687,0.8252864152610659,0.9085668396065842,0.9033422520134393,2.393651237351966,3.9501406057843114,61.04290712074303,29.583264260620034
fruit_weight_g,FW,residual_cnn,2,969,12.158702626015614,9.218407496717077,-0.1968228680086084,0.8253843463964807,0.9085425402526108,0.9047651692289397,2.394322368836733,3.8013924200353784,61.01660474716202,29.111853673503113
fruit_weight_g,FW,residual_cnn,3,969,11.168772040795664,8.360962029723806,-0.48490180670046346,0.8495607825295779,0.9219748567134074,0.9175620674593534,2.5795483766654037,4.2959064635526305,61.10687306501548,28.810387787180403
fruit_weight_g,FW,residual_cnn,4,968,12.278928088629183,9.080933470686604,0.0820572098818694,0.8263378782053291,0.9090407526573729,0.9046222090381265,2.400887940349114,3.8476485617462743,61.12025826446281,29.480330368403802
fruit_weight_g,FW,residual_cnn,5,968,12.085647191297035,8.896443105011933,-0.3718002391767895,0.8321627445190123,0.9124388182535206,0.9070501114116305,2.442194545906258,3.977652105765371,61.18218181818182,29.51550165433291
fruit_weight_g,FW,no_neural_b50,1,969,12.562962111754421,9.18415844558144,-0.23541172754596879,0.8194737612493925,0.9052883438265749,0.9004784928561066,2.3548000859559006,3.8860262066954747,61.04290712074303,29.583264260620034
fruit_weight_g,FW,no_neural_b50,2,969,12.564718458410592,9.631614817369067,0.11586053561476634,0.813527744577647,0.9022577823343386,0.8995287909121238,2.316952327253793,3.678554370556643,61.01660474716202,29.111853673503113
fruit_weight_g,FW,no_neural_b50,3,969,11.810018883393216,8.90051112273478,0.09046930217842677,0.8317901606835327,0.912078359760823,0.9090260369981418,2.4394870212860065,4.062652267852644,61.10687306501548,28.810387787180403
fruit_weight_g,FW,no_neural_b50,4,968,12.56531772665658,9.307863079634132,0.2314644621193025,0.8181425319148625,0.904575637746944,0.9007069656825224,2.34616672731347,3.759952675114018,61.12025826446281,29.480330368403802
fruit_weight_g,FW,no_neural_b50,5,968,12.49677161136289,9.284508258478844,-0.21203073978027312,0.8205496908691277,0.9058858931685969,0.9009185158004047,2.361850129956401,3.846793515557994,61.18218181818182,29.51550165433291
fruit_weight_g,FW,cultivar_mean_null,1,969,12.910562509332003,9.307759004661518,-0.11251514158059282,0.8093457182116515,0.8996653435681328,0.8939882799428389,2.291400102763662,3.7813999169061745,61.04290712074303,29.583264260620034
fruit_weight_g,FW,cultivar_mean_null,2,969,12.742872057821744,9.614547479242054,0.15625262776971338,0.8082023216895273,0.8991239515248965,0.8953988361502084,2.2845598340315965,3.6271257994487636,61.01660474716202,29.111853673503113
fruit_weight_g,FW,cultivar_mean_null,3,969,11.787219683344913,8.753284031671168,0.1614264900119283,0.832438990806401,0.9124387304034296,0.9093456327260413,2.444205551533824,4.070510373858112,61.10687306501548,28.810387787180403
fruit_weight_g,FW,cultivar_mean_null,4,968,12.662848753031286,9.14941096472614,-0.0329173769685632,0.8153084482046922,0.9029588662855887,0.8977530458203377,2.328096224109656,3.7309929954498036,61.12025826446281,29.480330368403802
fruit_weight_g,FW,cultivar_mean_null,5,968,12.626588311384891,9.35094072127296,-0.17227986383169436,0.8168020598027623,0.9038291270464249,0.898324389655582,2.33756743519704,3.8072437949572597,61.18218181818182,29.51550165433291
fruit_weight_g,FW,plumspectra_corrected,1,969,12.456895754890136,9.092660276487727,-0.2721172615855215,0.8225091807793494,0.9069997863917987,0.9019044975923869,2.374850431658039,3.9191144375463693,61.04290712074303,29.583264260620034
fruit_weight_g,FW,plumspectra_corrected,2,969,12.338526513586862,9.390126536097272,-0.05595984079231021,0.8201811161131485,0.9057149031200686,0.9023508413905268,2.359427087298139,3.745990248438803,61.01660474716202,29.111853673503113
fruit_weight_g,FW,plumspectra_corrected,3,969,11.33104256419972,8.502606397417013,-0.18861041965769587,0.8451575787145305,0.9193830900948843,0.915413133854262,2.5426069687714743,4.234385294041007,61.10687306501548,28.810387787180403
fruit_weight_g,FW,plumspectra_corrected,4,968,12.414705896084966,9.171546263272166,0.14743695798050124,0.822476005192665,0.9069190665839698,0.9026985211303589,2.3746297830301852,3.805567396880415,61.12025826446281,29.480330368403802
fruit_weight_g,FW,plumspectra_corrected,5,968,12.248786794251622,9.05328552924286,-0.2901503382607113,0.8276010185249199,0.9098650350161255,0.9045057571694468,2.4096673531932638,3.9246744030650045,61.18218181818182,29.51550165433291
fruit_weight_g,FW,plumspectra_fixed_gate_sensitivity,1,969,12.456895754890136,9.092660276487727,-0.2721172615855215,0.8225091807793494,0.9069997863917987,0.9019044975923869,2.374850431658039,3.9191144375463693,61.04290712074303,29.583264260620034
fruit_weight_g,FW,plumspectra_fixed_gate_sensitivity,2,969,12.338526513586862,9.390126536097272,-0.05595984079231021,0.8201811161131485,0.9057149031200686,0.9023508413905268,2.359427087298139,3.745990248438803,61.01660474716202,29.111853673503113
fruit_weight_g,FW,plumspectra_fixed_gate_sensitivity,3,969,11.33104256419972,8.502606397417013,-0.18861041965769587,0.8451575787145305,0.9193830900948843,0.915413133854262,2.5426069687714743,4.234385294041007,61.10687306501548,28.810387787180403
fruit_weight_g,FW,plumspectra_fixed_gate_sensitivity,4,968,12.414705896084966,9.171546263272166,0.14743695798050124,0.822476005192665,0.9069190665839698,0.9026985211303589,2.3746297830301852,3.805567396880415,61.12025826446281,29.480330368403802
fruit_weight_g,FW,plumspectra_fixed_gate_sensitivity,5,968,12.248786794251622,9.05328552924286,-0.2901503382607113,0.8276010185249199,0.9098650350161255,0.9045057571694468,2.4096673531932638,3.9246744030650045,61.18218181818182,29.51550165433291
loading_stiffness_g_per_rawpos_mean,LS,global_pls,1,971,101.33768161810953,80.66295166423292,-0.18710410003068947,0.4302322609990278,0.656066449215404,0.6066911222238418,1.325485008634124,1.914277441640421,300.0002085794559,134.32157779454204
loading_stiffness_g_per_rawpos_mean,LS,global_pls,2,971,98.06049597663852,76.30474418839775,0.6319414942055848,0.4495964571893136,0.6706310922950903,0.6242968509461544,1.3485999445376495,1.8978374272160596,299.7470523197124,132.24437943542912
loading_stiffness_g_per_rawpos_mean,LS,global_pls,3,971,98.22346193361487,76.99192286324362,-5.77366960033456,0.46154093797857076,0.6809025818775483,0.6274161619761889,1.3634757010830902,1.9025277978434059,304.8430204687022,133.92530362274377
loading_stiffness_g_per_rawpos_mean,LS,global_pls,4,970,98.6581353993572,77.32010467693404,0.2877818154266747,0.4620595756224418,0.6797941398522527,0.6295210917773048,1.364133542869174,2.0293158508569458,304.0711864333871,134.58287177519182
loading_stiffness_g_per_rawpos_mean,LS,global_pls,5,970,99.83936093943247,78.50372106374559,4.565784962412535,0.4083729988372714,0.6427511447466836,0.6040350110343184,1.300768422331737,1.8689678644842445,298.47224903200316,129.86788801579442
loading_stiffness_g_per_rawpos_mean,LS,cultivar_aware_pls,1,971,74.5774910816902,56.462771953363465,0.8052854307592706,0.6914173784791219,0.8318142163955329,0.8214378677276518,1.8011007858578905,2.6011660501852556,300.0002085794559,134.32157779454204
loading_stiffness_g_per_rawpos_mean,LS,cultivar_aware_pls,2,971,75.50259892000896,55.942063395525174,0.9676141463663651,0.6737001669087539,0.8224630562739406,0.8150785932743321,1.7515208923541175,2.464853952815593,299.7470523197124,132.24437943542912
loading_stiffness_g_per_rawpos_mean,LS,cultivar_aware_pls,3,971,74.84548736044185,55.40135417227394,-3.6095450261278126,0.6873535817296766,0.8295268973712715,0.8159354491788489,1.7893570921354895,2.496782014781615,304.8430204687022,133.92530362274377
loading_stiffness_g_per_rawpos_mean,LS,cultivar_aware_pls,4,970,74.39460744408561,55.160678161270056,-3.2210686292088035,0.6941198547071832,0.833487163101303,0.820056956525361,1.8090406872076479,2.691169761630659,304.0711864333871,134.58287177519182
loading_stiffness_g_per_rawpos_mean,LS,cultivar_aware_pls,5,970,75.07024697488939,57.555373853795984,5.146643011559857,0.6655123472893147,0.8188449056108671,0.8111636628947648,1.7299515220621902,2.4856259933293994,298.47224903200316,129.86788801579442
loading_stiffness_g_per_rawpos_mean,LS,nested_rbf_svr,1,971,71.90843906432782,54.00764498590512,1.2319728847781972,0.7131098420834038,0.8447162545175504,0.8294662518614521,1.8679529070903722,2.697714488505975,300.0002085794559,134.32157779454204
loading_stiffness_g_per_rawpos_mean,LS,nested_rbf_svr,2,971,73.93651845611883,54.234635824991436,1.2763050190845797,0.6870960520594015,0.8295359567644742,0.8201749485424412,1.788620592324967,2.5170630600666715,299.7470523197124,132.24437943542912
loading_stiffness_g_per_rawpos_mean,LS,nested_rbf_svr,3,971,72.77777664676856,53.660615411861315,-3.859024774573867,0.7043895490340961,0.839850377776,0.8248033934076576,1.8401950402079266,2.567718819387887,304.8430204687022,133.92530362274377
loading_stiffness_g_per_rawpos_mean,LS,nested_rbf_svr,4,970,73.25688640151621,54.02932766306768,-3.190138076048042,0.703404001759837,0.8392594028381384,0.8226275859529102,1.8371361162901723,2.7329651561298482,304.0711864333871,134.58287177519182
loading_stiffness_g_per_rawpos_mean,LS,nested_rbf_svr,5,970,72.2266208859376,54.74789396457579,4.056788640624069,0.6903728784621141,0.8318524365410336,0.821571684300836,1.7980612469865591,2.583487292048752,298.47224903200316,129.86788801579442
loading_stiffness_g_per_rawpos_mean,LS,residual_cnn,1,971,68.65429165549156,52.07805814144673,-3.1593699357446483,0.7384881892576871,0.8598597719958888,0.8470350156614808,1.956492078726412,2.825583561230572,300.0002085794559,134.32157779454204
loading_stiffness_g_per_rawpos_mean,LS,residual_cnn,2,971,70.04204054338172,51.18995197031481,-1.4818743099281895,0.7191912543562332,0.8481708264307677,0.8381004173722384,1.8880714840613666,2.657016813788691,299.7470523197124,132.24437943542912
loading_stiffness_g_per_rawpos_mean,LS,residual_cnn,3,971,67.55019125461672,49.44228503500794,-8.04782623745992,0.7453314108623099,0.8655203799888922,0.8527703200626382,1.9826043588528055,2.7664298687880335,304.8430204687022,133.92530362274377
loading_stiffness_g_per_rawpos_mean,LS,residual_cnn,4,970,71.2654475191549,52.7173731922169,-3.3817418380201283,0.7193103440436269,0.8486072468546823,0.8346402945102508,1.8884729761785093,2.8093350277228493,304.0711864333871,134.58287177519182
loading_stiffness_g_per_rawpos_mean,LS,residual_cnn,5,970,70.26801731923848,53.49386685305766,2.533434279167805,0.7069378031439679,0.8415398994482046,0.8334025133697311,1.848179199731572,2.6554976833728743,298.47224903200316,129.86788801579442
loading_stiffness_g_per_rawpos_mean,LS,no_neural_b50,1,971,72.68551785008296,54.751803507183034,1.0186291577687343,0.7068757800131158,0.8408019049789179,0.827636624087437,1.8479826761582154,2.6688733003154193,300.0002085794559,134.32157779454204
loading_stiffness_g_per_rawpos_mean,LS,no_neural_b50,2,971,74.59482536490647,54.999088428270404,1.1219595827254727,0.6814992548289716,0.826547687408619,0.818123078769142,1.7728358339671668,2.4948497229593016,299.7470523197124,132.24437943542912
loading_stiffness_g_per_rawpos_mean,LS,no_neural_b50,3,971,73.69081887049249,54.39493157882074,-3.7342849003508403,0.6969257902467796,0.8352962481475025,0.8208658413195996,1.8173946995772978,2.535904331006751,304.8430204687022,133.92530362274377
loading_stiffness_g_per_rawpos_mean,LS,no_neural_b50,4,970,73.22126300343463,53.915761574377775,-3.205603352628423,0.7036923893469302,0.8393255350012658,0.8237405928691969,1.8380299144645849,2.734294790469744,304.0711864333871,134.58287177519182
loading_stiffness_g_per_rawpos_mean,LS,no_neural_b50,5,970,73.03240229689375,55.61300853323244,4.601715826091965,0.6834257590318353,0.8282300454594997,0.8188751198647461,1.7782228700057157,2.5549831490943467,298.47224903200316,129.86788801579442
loading_stiffness_g_per_rawpos_mean,LS,cultivar_mean_null,1,971,74.0254023656136,56.258105813776794,1.699063091518167,0.6959692716716508,0.8344981700509462,0.8179467318890551,1.8145335722881164,2.6205658018793563,300.0002085794559,134.32157779454204
loading_stiffness_g_per_rawpos_mean,LS,cultivar_mean_null,2,971,75.87468443076483,56.09175626440821,2.123686977703185,0.6704761559056311,0.8192552227943236,0.8068938894448882,1.7429315248895867,2.4527664370802373,299.7470523197124,132.24437943542912
loading_stiffness_g_per_rawpos_mean,LS,cultivar_mean_null,3,971,73.04258062253456,55.21090865721827,-4.307604285281785,0.702234461694256,0.8388159907889998,0.8221186721363835,1.8335237128988584,2.5584099731474064,304.8430204687022,133.92530362274377
loading_stiffness_g_per_rawpos_mean,LS,cultivar_mean_null,4,970,75.05433554743827,56.08784379258198,-3.259696407712092,0.6886707367736384,0.8303100769157803,0.8135040622965225,1.7931392076628059,2.6675143617168398,304.0711864333871,134.58287177519182
loading_stiffness_g_per_rawpos_mean,LS,cultivar_mean_null,5,970,73.5090445278189,56.37266031328365,3.749153282611285,0.6792800635791545,0.8252731786385631,0.8150458701546863,1.7666926410211599,2.5384163051640107,298.47224903200316,129.86788801579442
loading_stiffness_g_per_rawpos_mean,LS,plumspectra_corrected,1,971,69.35341181309543,52.177166104306295,-0.9636985254832261,0.7331350187110721,0.8566849512745648,0.8419633345120147,1.9367695731614922,2.7971001402566467,300.0002085794559,134.32157779454204
loading_stiffness_g_per_rawpos_mean,LS,plumspectra_corrected,2,971,71.58979047875926,52.46239037040143,-0.1027846454218046,0.7066438263076532,0.8407703762272235,0.8307971460714332,1.847251941248049,2.599572902103286,299.7470523197124,132.24437943542912
loading_stiffness_g_per_rawpos_mean,LS,plumspectra_corrected,3,971,69.16564218490306,50.60978650941128,-5.953425506016894,0.7330050521680798,0.8575909751786294,0.8429789957890836,1.936298129998075,2.7018164051674933,304.8430204687022,133.92530362274377
loading_stiffness_g_per_rawpos_mean,LS,plumspectra_corrected,4,970,71.73647917534669,52.74735471209064,-3.2859399570340853,0.7155876241591584,0.8465614445128401,0.8307650103268268,1.8760730011049,2.7908885448996354,304.0711864333871,134.58287177519182
loading_stiffness_g_per_rawpos_mean,LS,plumspectra_corrected,5,970,70.62600492070227,53.519749125073844,3.2951114598959386,0.7039441260483418,0.8396680025130122,0.8300399210142434,1.838811188054711,2.6420375528242093,298.47224903200316,129.86788801579442
loading_stiffness_g_per_rawpos_mean,LS,plumspectra_fixed_gate_sensitivity,1,971,69.35341181309543,52.177166104306295,-0.9636985254832261,0.7331350187110721,0.8566849512745648,0.8419633345120147,1.9367695731614922,2.7971001402566467,300.0002085794559,134.32157779454204
loading_stiffness_g_per_rawpos_mean,LS,plumspectra_fixed_gate_sensitivity,2,971,70.47052238228655,51.446156660747626,-0.7151567112938099,0.71574505319732,0.8460672082319832,0.8355489854133284,1.8765914451156394,2.640861357409395,299.7470523197124,132.24437943542912
loading_stiffness_g_per_rawpos_mean,LS,plumspectra_fixed_gate_sensitivity,3,971,70.08280423110642,51.393163340112174,-5.3986403390145785,0.7258772005651835,0.8531648350149665,0.8384054808284257,1.9109581172167294,2.666458181565913,304.8430204687022,133.92530362274377
loading_stiffness_g_per_rawpos_mean,LS,plumspectra_fixed_gate_sensitivity,4,970,69.55820296295737,51.17973463750584,-3.446613270223537,0.7325977348775825,0.856784431340301,0.8414298290736856,1.934823874717735,2.878287670665179,304.0711864333871,134.58287177519182
loading_stiffness_g_per_rawpos_mean,LS,plumspectra_fixed_gate_sensitivity,5,970,69.7363119646885,52.68453891163482,2.641809178522038,0.7113561204379562,0.8438401782460534,0.8342848045405239,1.862270664407289,2.6757445575975876,298.47224903200316,129.86788801579442
loading_work_g_rawpos_mean,LW,global_pls,1,971,657.7974964121108,521.7879546893142,4.984440551701424,0.31793446617110266,0.5639561441460713,0.4787536151713764,1.2114645092287086,1.5721249064620513,2017.5857158880544,796.898321162771
loading_work_g_rawpos_mean,LW,global_pls,2,971,666.0497977784632,525.3588909728522,4.69895181523468,0.30395759154863045,0.5515070666750899,0.4721557363007939,1.1992394243494549,1.6421728286179265,2019.1503923427179,798.7531760759151
loading_work_g_rawpos_mean,LW,global_pls,3,971,663.0111758564791,522.7852534495362,-29.195418995566627,0.3168438729400803,0.5644084639364979,0.49113732935429516,1.2104971295474047,1.655470328375024,2040.602863835991,802.5731252321175
loading_work_g_rawpos_mean,LW,global_pls,4,970,672.690397624877,528.9197884242466,-1.2115996291524744,0.31312942583180103,0.5596416328408527,0.48060236972714965,1.207220281094061,1.6407349458293075,2046.7119904899896,812.0854909099797
loading_work_g_rawpos_mean,LW,global_pls,5,970,654.0257353236491,525.2342976547649,17.953148473666925,0.2677095402213354,0.5218971861942787,0.4551427220429692,1.169182457365212,1.5005199626718302,2012.0064444022555,764.6754164057938
loading_work_g_rawpos_mean,LW,cultivar_aware_pls,1,971,557.2483560733115,431.41148270034637,7.2478742147149635,0.5105151396067349,0.7152222334303938,0.6855304263443489,1.4300595281754969,1.855797000111401,2017.5857158880544,796.898321162771
loading_work_g_rawpos_mean,LW,cultivar_aware_pls,2,971,546.156602686468,417.1285042771452,3.916496911891636,0.5319883366722105,0.7294560078047982,0.6973429478425247,1.4624984338685276,2.002665307053253,2019.1503923427179,798.7531760759151
loading_work_g_rawpos_mean,LW,cultivar_aware_pls,3,971,559.9616363357605,428.05044249656584,-13.75640938887459,0.5127017882267999,0.7163360570785722,0.6816319599474855,1.4332644830526995,1.960125940401573,2040.602863835991,802.5731252321175
loading_work_g_rawpos_mean,LW,cultivar_aware_pls,4,970,551.6980869001192,419.75589478520965,-21.76362619515429,0.537994218136296,0.7341101834869974,0.6958169184878668,1.4719744552186598,2.000562752190159,2046.7119904899896,812.0854909099797
loading_work_g_rawpos_mean,LW,cultivar_aware_pls,5,970,553.037733481247,431.3052476796586,24.116222094466448,0.4763956707471022,0.6960582433796451,0.6747693651572093,1.382682175395765,1.774523893291516,2012.0064444022555,764.6754164057938
loading_work_g_rawpos_mean,LW,nested_rbf_svr,1,971,547.351603539294,418.7185268521042,6.491977697413447,0.5277472872053803,0.7265167425879762,0.6919653602347974,1.4559166649185895,1.8893519646802697,2017.5857158880544,796.898321162771
loading_work_g_rawpos_mean,LW,nested_rbf_svr,2,971,536.1629668294271,406.17253830324063,6.008130762944247,0.5489590982214434,0.741089948574873,0.7049287586449293,1.48975819945063,2.0399933380072937,2019.1503923427179,798.7531760759151
loading_work_g_rawpos_mean,LW,nested_rbf_svr,3,971,546.645731638205,416.8451629724183,-14.732705859740742,0.53560215855237,0.7321023393787142,0.6960276123835463,1.4681777955659532,2.0078732266364328,2040.602863835991,802.5731252321175
loading_work_g_rawpos_mean,LW,nested_rbf_svr,4,970,542.9031177690647,412.7833778773418,-19.55762422967409,0.5526070603859157,0.744547817692244,0.7027874436155548,1.495820274982133,2.0329716426060993,2046.7119904899896,812.0854909099797
loading_work_g_rawpos_mean,LW,nested_rbf_svr,5,970,543.6999776915852,421.32179032589426,18.64076213161621,0.49392797461648263,0.7066374267480022,0.6842571784709902,1.4064290008846705,1.8050003903273046,2012.0064444022555,764.6754164057938
loading_work_g_rawpos_mean,LW,residual_cnn,1,971,530.3907381217471,404.2423337034611,-35.67932215152252,0.5565613584347517,0.7473768266646663,0.7152986290939047,1.5024740514602448,1.94976977007559,2017.5857158880544,796.898321162771
loading_work_g_rawpos_mean,LW,residual_cnn,2,971,536.1674935550999,407.49598702416915,-9.428175096556577,0.548951482077939,0.7411002179798905,0.7055932436957184,1.4897456218013527,2.0399761148627977,2019.1503923427179,798.7531760759151
loading_work_g_rawpos_mean,LW,residual_cnn,3,971,529.0153851696798,399.4227425631138,-53.6636912388195,0.5650744963850476,0.7552422483532445,0.7160887006746074,1.51710734268096,2.074789051096097,2040.602863835991,802.5731252321175
loading_work_g_rawpos_mean,LW,residual_cnn,4,970,530.3749491408535,402.25313633414675,-31.384105011592595,0.5730171212309944,0.7591571794190978,0.7181766599557325,1.5311535588652236,2.080993163223161,2046.7119904899896,812.0854909099797
loading_work_g_rawpos_mean,LW,residual_cnn,5,970,535.2037532326133,416.80875131546395,8.516410471554988,0.5096208444697639,0.7158876638079288,0.6916735195687657,1.428755706190734,1.833654315812927,2012.0064444022555,764.6754164057938
loading_work_g_rawpos_mean,LW,no_neural_b50,1,971,550.1359103576897,423.1465141299794,6.869925956064211,0.5229304901272156,0.7232937078302264,0.6904214880030439,1.4485480881345127,1.8797897174999536,2017.5857158880544,796.898321162771
loading_work_g_rawpos_mean,LW,no_neural_b50,2,971,538.8661037664772,409.2585960122009,4.962313837417934,0.5443996681948288,0.737898628613278,0.7029088416684212,1.4822850620829966,2.0297600327302314,2019.1503923427179,798.7531760759151
loading_work_g_rawpos_mean,LW,no_neural_b50,3,971,551.3904410507653,420.5505842042402,-14.244557624307667,0.5275055240191818,0.7265145437176779,0.690337007366133,1.4555441398343472,1.9905954969400406,2040.602863835991,802.5731252321175
loading_work_g_rawpos_mean,LW,no_neural_b50,4,970,545.0643315916851,414.0313042398977,-20.660625212414182,0.5490379655064499,0.7419937022888975,0.7010192550634586,1.4898892549775642,2.024910784170976,2046.7119904899896,812.0854909099797
loading_work_g_rawpos_mean,LW,no_neural_b50,5,970,546.1919489542664,424.8100844336746,21.37849211304133,0.4892783256529264,0.7037187890361385,0.6812484871459974,1.4000122445411978,1.7967651735496941,2012.0064444022555,764.6754164057938
loading_work_g_rawpos_mean,LW,cultivar_mean_null,1,971,551.4152092016649,424.66080625800845,11.306036244813372,0.5207091332562745,0.7217596629403072,0.6864468889192445,1.4451874156980815,1.8754285523155623,2017.5857158880544,796.898321162771
loading_work_g_rawpos_mean,LW,cultivar_mean_null,2,971,539.5136191472889,410.1291902402581,8.497791491430414,0.5433040881796067,0.737332187384897,0.6997600614340226,1.480506047907297,2.0273239480904643,2019.1503923427179,798.7531760759151
loading_work_g_rawpos_mean,LW,cultivar_mean_null,3,971,549.4436238723903,420.0910699052756,-16.171703710067394,0.5308361456605155,0.7289280018558717,0.6908805084109038,1.4607014994108243,1.9976486782679557,2040.602863835991,802.5731252321175
loading_work_g_rawpos_mean,LW,cultivar_mean_null,4,970,546.6140928150056,414.86010223184803,-23.623949933652103,0.5464699125687318,0.7406150578196424,0.6975209043264626,1.4856651183796306,2.0191697536061937,2046.7119904899896,812.0854909099797
loading_work_g_rawpos_mean,LW,cultivar_mean_null,5,970,543.1675874761556,423.35033910965063,19.952010510415747,0.4949185793397377,0.706818676763165,0.6830543090787475,1.4078075239336,1.8067695764290048,2012.0064444022555,764.6754164057938
loading_work_g_rawpos_mean,LW,plumspectra_corrected,1,971,535.0735382966604,408.0231193246197,-14.59367222705453,0.5486965854601529,0.7410021671108727,0.7067161761947145,1.489324857475847,1.9327059805833713,2017.5857158880544,796.898321162771
loading_work_g_rawpos_mean,LW,plumspectra_corrected,2,971,534.3884897445029,405.0329962866976,-1.7100221668061701,0.5519396745061271,0.7431227653552834,0.7066394447081837,1.4947050533551125,2.046767288983339,2019.1503923427179,798.7531760759151
loading_work_g_rawpos_mean,LW,plumspectra_corrected,3,971,533.940171248646,404.37439169465625,-34.19819854928013,0.5569390619997752,0.7479472662960175,0.7091314078011257,1.5031143346177902,2.0556522773790444,2040.602863835991,802.5731252321175
loading_work_g_rawpos_mean,LW,plumspectra_corrected,4,970,533.8565240328752,405.33770526431493,-25.470864620633343,0.567392979004386,0.7552428316324261,0.7126687178235657,1.521168056119833,2.0674218510420994,2046.7119904899896,812.0854909099797
loading_work_g_rawpos_mean,LW,plumspectra_corrected,5,970,537.4574989204059,417.3064593970687,13.578586301585604,0.505482170626055,0.7134259852661435,0.6895523256634567,1.4227644380100788,1.8259651673398536,2012.0064444022555,764.6754164057938
loading_work_g_rawpos_mean,LW,plumspectra_fixed_gate_sensitivity,1,971,535.0735382966604,408.0231193246197,-14.59367222705453,0.5486965854601529,0.7410021671108727,0.7067161761947145,1.489324857475847,1.9327059805833713,2017.5857158880544,796.898321162771
loading_work_g_rawpos_mean,LW,plumspectra_fixed_gate_sensitivity,2,971,528.1939810391514,399.0508902993817,-15.054693480381303,0.5622670939081482,0.7506829109551987,0.7119587381046033,1.5122345288836396,2.0707711933150246,2019.1503923427179,798.7531760759151
loading_work_g_rawpos_mean,LW,plumspectra_fixed_gate_sensitivity,3,971,533.940171248646,404.37439169465625,-34.19819854928013,0.5569390619997752,0.7479472662960175,0.7091314078011257,1.5031143346177902,2.0556522773790444,2040.602863835991,802.5731252321175
loading_work_g_rawpos_mean,LW,plumspectra_fixed_gate_sensitivity,4,970,529.6750105046591,401.9686591126077,-27.875984008738364,0.5741433607321869,0.7600887497403988,0.7173518294388523,1.5331769005606817,2.0837430900418883,2046.7119904899896,812.0854909099797
loading_work_g_rawpos_mean,LW,plumspectra_fixed_gate_sensitivity,5,970,524.8207363098795,404.9390715916654,-2.0212223107304754,0.5284631118075233,0.7278563516819829,0.7022503806700884,1.4570221096490603,1.8699312051854688,2012.0064444022555,764.6754164057938
ph,pH,global_pls,1,969,0.451726321046488,0.3712361166824469,0.0029670955343169716,0.30422687598795484,0.5516436774356499,0.46326151605220406,1.1994727483016612,1.903807593074691,4.4979876160990715,0.5418334117858296
ph,pH,global_pls,2,969,0.43905336367248166,0.3571256897994842,-0.013714771930138887,0.31735272394720093,0.5643338838714689,0.491941520477615,1.210949491203712,1.9359833458287101,4.5095975232198136,0.53167144735047
ph,pH,global_pls,3,969,0.44421506891600815,0.36321508268234043,0.014375554165834414,0.3130318868840397,0.5601385235794294,0.4782538525705081,1.2071352174628835,1.8684643049714638,4.488049535603715,0.5362276538162153
ph,pH,global_pls,4,968,0.44439586910386397,0.3604996518182578,0.007126051683651132,0.2984870849120881,0.5488121406466537,0.4838334512341528,1.194556253429743,1.9802164267965499,4.487247933884298,0.5308558644363662
ph,pH,global_pls,5,968,0.44956226994333354,0.3725274546302928,-0.012497422498169508,0.2902763916038552,0.5411979575576168,0.47223205298918375,1.1876263250459846,1.9129719229071462,4.504915289256198,0.5339119865321321
ph,pH,cultivar_aware_pls,1,969,0.3766655894573402,0.29986507153678477,-0.0026255089579661395,0.516241343752377,0.7186487066237918,0.6851637334925967,1.4384998973929253,2.2831923702905703,4.4979876160990715,0.5418334117858296
ph,pH,cultivar_aware_pls,2,969,0.3698443205550919,0.2901966470688051,-0.01668095331851722,0.5156049995577091,0.7194127234742695,0.690320990222277,1.4375547164074198,2.2982643040840878,4.5095975232198136,0.53167144735047
ph,pH,cultivar_aware_pls,3,969,0.36847404485405194,0.2931901401820365,0.012058735792224553,0.5273237201622347,0.7267415758684614,0.6960515351454777,1.4552657407080287,2.2525331474263077,4.488049535603715,0.5362276538162153
ph,pH,cultivar_aware_pls,4,968,0.3551060097828987,0.2840538938601797,0.013716610663146224,0.552068412848439,0.7435706598721978,0.7151598264787903,1.4949222198771455,2.4781332215075906,4.487247933884298,0.5308558644363662
ph,pH,cultivar_aware_pls,5,968,0.37351490357172934,0.30075700248059295,-0.006738652270321458,0.5100797263650432,0.71505118284655,0.6857583038802938,1.4294261927077303,2.3024516338605667,4.504915289256198,0.5339119865321321
ph,pH,nested_rbf_svr,1,969,0.3683162376984126,0.2918793001136307,0.0009565027873164446,0.5374501044983918,0.7331475993397352,0.6970797027930311,1.4711092162857549,2.3349500021342826,4.4979876160990715,0.5418334117858296
ph,pH,nested_rbf_svr,2,969,0.362711382291591,0.2883761077106402,-0.013304501958305891,0.5341092229565414,0.7314900961586737,0.7019423461875018,1.4658250976062521,2.34346105884449,4.5095975232198136,0.53167144735047
ph,pH,nested_rbf_svr,3,969,0.36591965661334164,0.29094034878863884,0.011190188151776803,0.533854512205702,0.730957372072492,0.6970989783639633,1.4654245655429055,2.26825748494031,4.488049535603715,0.5362276538162153
ph,pH,nested_rbf_svr,4,968,0.35074156515144894,0.2801506810608304,0.011130518711565732,0.5630113916924966,0.7506644560350854,0.7187682590760702,1.5135242502756825,2.508969815482291,4.487247933884298,0.5308558644363662
ph,pH,nested_rbf_svr,5,968,0.36741281839110707,0.29571083393154224,-0.011532025800043649,0.5259565511220186,0.7257073568122676,0.6940160845205849,1.4531664650953697,2.340691333976648,4.504915289256198,0.5339119865321321
ph,pH,residual_cnn,1,969,0.37127590017790213,0.2951018605266685,0.003032099425608159,0.5299864534160262,0.7280710857489671,0.6952605942614728,1.4593821239843534,2.3163367177560357,4.4979876160990715,0.5418334117858296
ph,pH,residual_cnn,2,969,0.36461450852397437,0.2858640141285364,-0.0108377732236565,0.5292073913557651,0.728308408979734,0.7007248746713399,1.458174139868357,2.3312292301284296,4.5095975232198136,0.53167144735047
ph,pH,residual_cnn,3,969,0.36229379744015955,0.2876932992728502,0.031606806645821495,0.5430467158251426,0.7402282760682776,0.7159109028028714,1.480090627013245,2.290958348899396,4.488049535603715,0.5362276538162153
ph,pH,residual_cnn,4,968,0.34914253144018753,0.27881403525604687,0.017950727815470417,0.5669867784739204,0.753876459233395,0.7278197030444593,1.5204560219192558,2.520460616385133,4.487247933884298,0.5308558644363662
ph,pH,residual_cnn,5,968,0.36620975846500237,0.2938424753098448,0.0016583432264564478,0.5290558930388027,0.7280558044028891,0.7013886885267768,1.457940358471241,2.3483808940667212,4.504915289256198,0.5339119865321321
ph,pH,no_neural_b50,1,969,0.3708680019983578,0.29490629691925246,-0.0008345030853248502,0.5310186365211909,0.7287157358701319,0.6929909974585039,1.4609872215080686,2.3188843344964756,4.4979876160990715,0.5418334117858296
ph,pH,no_neural_b50,2,969,0.36437477009666,0.28750715497568685,-0.014992727638411555,0.5298262914336191,0.7286666305483731,0.6983489614634736,1.4591335377293828,2.332763049907423,4.5095975232198136,0.53167144735047
ph,pH,no_neural_b50,3,969,0.36548144582894004,0.2909738181050725,0.011624461972000663,0.5349703181667766,0.7317524650212222,0.6985508215413346,1.4671816037063379,2.270977116546905,4.488049535603715,0.5362276538162153
ph,pH,no_neural_b50,4,968,0.35205923378061915,0.2814913903492009,0.012423564687355983,0.559721859830014,0.7485119507615803,0.7179553705801269,1.5078595119796283,2.4995793763169996,4.487247933884298,0.5308558644363662
ph,pH,no_neural_b50,5,968,0.3687150336511896,0.2969598367023694,-0.009135339035182549,0.5225903072840403,0.723326066791731,0.6919096963044364,1.4480342210218136,2.332424559649429,4.504915289256198,0.5339119865321321
ph,pH,cultivar_mean_null,1,969,0.37140063945720364,0.29381067976533587,0.00035135440793049934,0.5296705751164215,0.7278222410604329,0.6903815721417431,1.4588919733086911,2.315558748786422,4.4979876160990715,0.5418334117858296
ph,pH,cultivar_mean_null,2,969,0.3647263164255428,0.28871886662202106,-0.015058267596624807,0.5289186129165858,0.727890782559365,0.6951982145316015,1.4577271323908108,2.3305145851013034,4.5095975232198136,0.53167144735047
ph,pH,cultivar_mean_null,3,969,0.3669745316522155,0.29110139172164906,0.012386941253852746,0.5311630251283438,0.7291783926579551,0.6945950261898075,1.4612121756841758,2.261737337092911,4.488049535603715,0.5362276538162153
ph,pH,cultivar_mean_null,4,968,0.35273460961935266,0.2823045050660646,0.011941936089140251,0.5580310168997474,0.7474436510244769,0.7133759438084283,1.5049724352516187,2.4947934679549513,4.487247933884298,0.5308558644363662
ph,pH,cultivar_mean_null,5,968,0.3691032713871385,0.2970392071667511,-0.009684719034991518,0.5215844028731323,0.7225602938303225,0.6897373015607058,1.4465111201144896,2.3299712212465837,4.504915289256198,0.5339119865321321
ph,pH,plumspectra_corrected,1,969,0.36848476441182076,0.2927489036696327,0.0019943011064623138,0.5370267191596498,0.7328407695741872,0.6976696397222633,1.470436403661654,2.333882111442899,4.4979876160990715,0.5418334117858296
ph,pH,plumspectra_corrected,2,969,0.36198482705259544,0.28565524290685995,-0.012071137590981188,0.5359738259304337,0.7326718915396991,0.7032671053238067,1.4687672178956261,2.348164719833679,4.5095975232198136,0.53167144735047
ph,pH,plumspectra_corrected,3,969,0.36130932543070654,0.2874457216492148,0.021398497398799156,0.5455267279865901,0.7397722052883582,0.709904837437883,1.4841234811113542,2.297200602311,4.488049535603715,0.5362276538162153
ph,pH,plumspectra_corrected,4,968,0.349104684248487,0.27883090310258446,0.01454062326351809,0.5670806510026285,0.7535469253491548,0.7243061907016626,1.5206208578356162,2.520733864956195,4.487247933884298,0.5308558644363662
ph,pH,plumspectra_corrected,5,968,0.3649094638654777,0.29346976312835105,-0.004936841286793607,0.5323943017297454,0.7299152515883625,0.6999239206009609,1.4631354881192025,2.356748961482226,4.504915289256198,0.5339119865321321
ph,pH,plumspectra_fixed_gate_sensitivity,1,969,0.36848476441182076,0.2927489036696327,0.0019943011064623138,0.5370267191596498,0.7328407695741872,0.6976696397222633,1.470436403661654,2.333882111442899,4.4979876160990715,0.5418334117858296
ph,pH,plumspectra_fixed_gate_sensitivity,2,969,0.36198482705259544,0.28565524290685995,-0.012071137590981188,0.5359738259304337,0.7326718915396991,0.7032671053238067,1.4687672178956261,2.348164719833679,4.5095975232198136,0.53167144735047
ph,pH,plumspectra_fixed_gate_sensitivity,3,969,0.36130932543070654,0.2874457216492148,0.021398497398799156,0.5455267279865901,0.7397722052883582,0.709904837437883,1.4841234811113542,2.297200602311,4.488049535603715,0.5362276538162153
ph,pH,plumspectra_fixed_gate_sensitivity,4,968,0.349104684248487,0.27883090310258446,0.01454062326351809,0.5670806510026285,0.7535469253491548,0.7243061907016626,1.5206208578356162,2.520733864956195,4.487247933884298,0.5308558644363662
ph,pH,plumspectra_fixed_gate_sensitivity,5,968,0.3649094638654777,0.29346976312835105,-0.004936841286793607,0.5323943017297454,0.7299152515883625,0.6999239206009609,1.4631354881192025,2.356748961482226,4.504915289256198,0.5339119865321321
post_break_work_g_rawpos_mean,PRW,global_pls,1,971,526.0376124594607,405.7349198242025,10.038728631443046,0.31422527213905094,0.5613138192223006,0.48951472676565416,1.208183803932423,1.512281719667448,938.3436480321834,635.5501236328009
post_break_work_g_rawpos_mean,PRW,global_pls,2,971,523.5232856785182,402.91665248603323,-9.47422202275789,0.33341807437688986,0.5777649021987552,0.5060643739500081,1.2254539077129547,1.664257782938257,956.4460695599867,641.5536562134656
post_break_work_g_rawpos_mean,PRW,global_pls,3,971,523.686682839924,403.32888128389925,-22.965756004381753,0.3355802522279636,0.5805547785551208,0.5094123883300433,1.2274462455090491,1.6411579139454326,965.2944176755971,642.7972526749528
post_break_work_g_rawpos_mean,PRW,global_pls,4,970,545.9198906570074,415.2649707360684,-8.867096058363046,0.321947802767247,0.5675945072122233,0.4899060786843586,1.2150451459605756,1.6372750389846211,970.4658934122957,663.317313226125
post_break_work_g_rawpos_mean,PRW,global_pls,5,970,521.4449858345532,404.5608817293219,28.611927017490586,0.2909382752264199,0.543834410382807,0.4774437192225015,1.1881792322563465,1.561781241809431,931.2627459294899,619.5701029328209
post_break_work_g_rawpos_mean,PRW,cultivar_aware_pls,1,971,442.4899756529727,329.6772430917519,3.804015253647423,0.5147620564748292,0.7227846617426117,0.7070276898627286,1.4363040037120245,1.7978194059786885,938.3436480321834,635.5501236328009
post_break_work_g_rawpos_mean,PRW,cultivar_aware_pls,2,971,420.07496733306954,309.0313767116275,-10.3426276436694,0.5708242927593452,0.756742341645888,0.737434787297905,1.5272361033234094,2.0741005070389322,956.4460695599867,641.5536562134656
post_break_work_g_rawpos_mean,PRW,cultivar_aware_pls,3,971,441.4432618551401,324.0963849024623,-16.587810779773967,0.5278834159493622,0.7309242034670455,0.714039553208293,1.4561265472116032,1.9469150811335814,965.2944176755971,642.7972526749528
post_break_work_g_rawpos_mean,PRW,cultivar_aware_pls,4,970,441.64000375997676,326.40705714286327,-4.013981181655382,0.5562461836086368,0.7470721360932375,0.7267480868771805,1.5019411909674418,2.0238678621688155,970.4658934122957,663.317313226125
post_break_work_g_rawpos_mean,PRW,cultivar_aware_pls,5,970,435.967632711028,327.77501501666893,26.660147559829042,0.5043495027884666,0.7181428202502664,0.7027213774093536,1.4211378470462965,1.8679895854832564,931.2627459294899,619.5701029328209
post_break_work_g_rawpos_mean,PRW,nested_rbf_svr,1,971,427.9629164374128,313.6588251186854,5.643545072273329,0.5461000264374092,0.7407348702010406,0.7207604147046919,1.4850588666033324,1.8588457892619574,938.3436480321834,635.5501236328009
post_break_work_g_rawpos_mean,PRW,nested_rbf_svr,2,971,411.7319573642608,293.2218045131142,-10.324315669274588,0.5877025196576875,0.7668731319680937,0.7375276010775785,1.558182804950165,2.1161284353962833,956.4460695599867,641.5536562134656
post_break_work_g_rawpos_mean,PRW,nested_rbf_svr,3,971,426.3183720870984,301.1767512234137,-15.123714678382688,0.5596808543645684,0.7485014966015744,0.719083659759136,1.5077868906471312,2.015987581682226,965.2944176755971,642.7972526749528
post_break_work_g_rawpos_mean,PRW,nested_rbf_svr,4,970,434.4819249140382,307.3385544965283,-13.602974012824074,0.5705142893634823,0.7560899992853072,0.7196171320974357,1.5266856345229127,2.0572110345781898,970.4658934122957,663.317313226125
post_break_work_g_rawpos_mean,PRW,nested_rbf_svr,5,970,416.334952791767,306.0827127483846,28.120890549385724,0.5479850516894897,0.7428814618069053,0.720848095637526,1.4881529854225413,1.9560764525079626,931.2627459294899,619.5701029328209
post_break_work_g_rawpos_mean,PRW,residual_cnn,1,971,424.18884131031325,307.00858190270077,-11.198821802214752,0.5540703392346848,0.7447713701341638,0.7179868819311128,1.498271669923225,1.8753842338770885,938.3436480321834,635.5501236328009
post_break_work_g_rawpos_mean,PRW,residual_cnn,2,971,405.53348039556136,290.0331469503329,-31.815231957885036,0.6000230570670138,0.7767995095053798,0.7435003834965759,1.5819992361362811,2.1484729248249232,956.4460695599867,641.5536562134656
post_break_work_g_rawpos_mean,PRW,residual_cnn,3,971,415.0514005082135,293.2262445731353,-46.49503669488114,0.5826472888109169,0.7674833265779768,0.729597739725263,1.5487172236688609,2.070713513839993,965.2944176755971,642.7972526749528
post_break_work_g_rawpos_mean,PRW,residual_cnn,4,970,425.8371320054104,306.29253953359733,-17.189715366644357,0.5874350323266668,0.7675364013557362,0.7324705118774418,1.5576784253227058,2.0989738636662048,970.4658934122957,663.317313226125
post_break_work_g_rawpos_mean,PRW,residual_cnn,5,970,400.2340552065004,287.496946098392,-2.372105721549177,0.5822705157147274,0.7631885776441099,0.7326783167536933,1.548019452300615,2.0347668743275973,931.2627459294899,619.5701029328209
post_break_work_g_rawpos_mean,PRW,no_neural_b50,1,971,429.50190184499047,315.0748391857419,4.723780162960376,0.5428296428656922,0.7387796761895429,0.7192645037638393,1.4797376237513713,1.8521851981625406,938.3436480321834,635.5501236328009
post_break_work_g_rawpos_mean,PRW,no_neural_b50,2,971,409.2481037860542,295.0492411603102,-10.333471656471996,0.5926620451561628,0.77001830085625,0.743697670939557,1.567639899313634,2.1289718747123803,956.4460695599867,641.5536562134656
post_break_work_g_rawpos_mean,PRW,no_neural_b50,3,971,426.8204278573453,305.12922956127863,-15.855762729078329,0.5586431560092369,0.7481664950073031,0.7231746303221603,1.5060133272013698,2.0136162373601874,965.2944176755971,642.7972526749528
post_break_work_g_rawpos_mean,PRW,no_neural_b50,4,970,431.57246892777994,310.5557932574686,-8.808477597239722,0.5762470294547055,0.7592647734235216,0.7292332953571918,1.5369778217644499,2.0710797713268994,970.4658934122957,663.317313226125
post_break_work_g_rawpos_mean,PRW,no_neural_b50,5,970,420.20811618443383,311.37179819755687,27.39051905460739,0.5395357430371299,0.7378805411552014,0.7174892142039838,1.4744363068439281,1.9380468062034013,931.2627459294899,619.5701029328209
post_break_work_g_rawpos_mean,PRW,cultivar_mean_null,1,971,434.09003844542286,314.7644093351743,15.858205069089133,0.5330100654011913,0.7307750309164491,0.7014594304967611,1.4640974621506022,1.8326084331003838,938.3436480321834,635.5501236328009
post_break_work_g_rawpos_mean,PRW,cultivar_mean_null,2,971,422.56378068462163,300.2695698022855,-6.004559089394846,0.5657237630595232,0.7523635164589162,0.71856814750693,1.5182409982560383,2.061884483635279,956.4460695599867,641.5536562134656
post_break_work_g_rawpos_mean,PRW,cultivar_mean_null,3,971,429.08620775238245,305.18403196063804,-15.10670325010732,0.5539448252881983,0.7446719876081651,0.7114533239137533,1.4980608583110155,2.0029833829255748,965.2944176755971,642.7972526749528
post_break_work_g_rawpos_mean,PRW,cultivar_mean_null,4,970,446.0309414459307,316.10364543534075,-21.774175590620114,0.5473784105517379,0.7412153699716775,0.6994336263040234,1.4871553777767106,2.003943958148661,970.4658934122957,663.317313226125
post_break_work_g_rawpos_mean,PRW,cultivar_mean_null,5,970,422.1212499494091,307.2267149444339,27.09262662329475,0.5353333726272764,0.7341310979423987,0.7101483763627899,1.4677538811587332,1.9292632095863282,931.2627459294899,619.5701029328209
post_break_work_g_rawpos_mean,PRW,plumspectra_corrected,1,971,421.5380670332162,305.17401660328295,-2.7776383649707155,0.5596261926238968,0.7484226659333834,0.7236992496361007,1.5076933101340078,1.8871772857402862,938.3436480321834,635.5501236328009
post_break_work_g_rawpos_mean,PRW,plumspectra_corrected,2,971,403.0592495111981,286.10785664734635,-21.069773813579808,0.6048888271385666,0.7792544342822169,0.7457568957300489,1.5917105412950991,2.1616616013563927,956.4460695599867,641.5536562134656
post_break_work_g_rawpos_mean,PRW,plumspectra_corrected,3,971,415.19986065595145,291.9001164804991,-30.809375686631917,0.5823486688019401,0.7651724717580701,0.7295460443527918,1.5481634595431528,2.0699731031045414,965.2944176755971,642.7972526749528
post_break_work_g_rawpos_mean,PRW,plumspectra_corrected,4,970,425.6854744854393,302.1300590161219,-15.396344689734214,0.5877288415487572,0.7681200420497942,0.7302246598458717,1.5582333741312895,2.099721657964407,970.4658934122957,663.317313226125
post_break_work_g_rawpos_mean,PRW,plumspectra_corrected,5,970,401.5278400754094,291.30856807202366,12.874392413918278,0.5795654704852916,0.7615801875902496,0.7333127410670852,1.543031493946875,2.0282105404174304,931.2627459294899,619.5701029328209
post_break_work_g_rawpos_mean,PRW,plumspectra_fixed_gate_sensitivity,1,971,425.0980461783254,309.46959809307907,0.9730710814267074,0.5521566824399472,0.7440026460113003,0.7218741637117503,1.4950671482648794,1.871373139283351,938.3436480321834,635.5501236328009
post_break_work_g_rawpos_mean,PRW,plumspectra_fixed_gate_sensitivity,2,971,405.49900261321665,290.152131711038,-15.701622763261774,0.600091064925467,0.7753130942489704,0.745339660498576,1.5821337465172722,2.148655599952108,956.4460695599867,641.5536562134656
post_break_work_g_rawpos_mean,PRW,plumspectra_fixed_gate_sensitivity,3,971,421.9197912252464,299.3926600750419,-20.840300268290747,0.5687200515440967,0.7548388589718344,0.7262547434545089,1.5235058085525754,2.0370045725391086,965.2944176755971,642.7972526749528
post_break_work_g_rawpos_mean,PRW,plumspectra_fixed_gate_sensitivity,4,970,428.0731755335055,305.8203122881092,-12.10241172320823,0.5830909524645624,0.7642612390968676,0.7302438779798226,1.5495418800756104,2.0880098575295385,970.4658934122957,663.317313226125
post_break_work_g_rawpos_mean,PRW,plumspectra_fixed_gate_sensitivity,5,970,412.44084159320477,303.47950525615863,22.551810354772073,0.5564011821438757,0.7474873030970512,0.7242295947168128,1.5022035658241386,1.9745449901763736,931.2627459294899,619.5701029328209
skin_break_displacement_raw_mean,RD,global_pls,1,971,0.5831137660115775,0.45091503571951685,-0.01221943601133194,0.4951217739952214,0.7044214712872899,0.6718927494480886,1.408090042177818,1.6501925629052905,2.4977883625128734,0.8210766873777084
skin_break_displacement_raw_mean,RD,global_pls,2,971,0.5737364432466169,0.44247450328003046,0.02530062493261274,0.508283025529803,0.7142536130001214,0.6838520926399756,1.4268100097099354,1.5860941216328501,2.4687672502574665,0.8186129001596493
skin_break_displacement_raw_mean,RD,global_pls,3,971,0.5847102243665955,0.4535524848215765,0.013622568319946815,0.5333906388979857,0.7333112053698287,0.6777947268546642,1.464694410228697,1.5875385127830701,2.4693269824922766,0.8564217972333196
skin_break_displacement_raw_mean,RD,global_pls,4,970,0.611753313075021,0.4631986594507659,-0.0013369366676715887,0.49676356893140383,0.7052950057200775,0.6556638172371803,1.4103858487063905,1.5807025141217599,2.47349587628866,0.8628082156602597
skin_break_displacement_raw_mean,RD,global_pls,5,970,0.5748063705155848,0.446764960342173,-0.024089259283682114,0.4756941598609157,0.6923682164111369,0.6629959112266157,1.3817568650232883,1.6696926986719578,2.4916,0.7942426485190291
skin_break_displacement_raw_mean,RD,cultivar_aware_pls,1,971,0.517461681727338,0.3933463866613673,-0.011890732824354829,0.6024090925688494,0.7803942847858977,0.771558224541556,1.5867391081729447,1.8595579807724425,2.4977883625128734,0.8210766873777084
skin_break_displacement_raw_mean,RD,cultivar_aware_pls,2,971,0.5209400702549837,0.3996244220762485,0.023489409023060886,0.5946166981036909,0.7782811773154523,0.7715702757652033,1.5714147306022441,1.746842011125353,2.4687672502574665,0.8186129001596493
skin_break_displacement_raw_mean,RD,cultivar_aware_pls,3,971,0.5098783448997564,0.39505796538274274,0.0100850700169112,0.6451823575105342,0.8034054461825607,0.7818902224808607,1.679659090839982,1.820532307922387,2.4693269824922766,0.8564217972333196
skin_break_displacement_raw_mean,RD,cultivar_aware_pls,4,970,0.5497412007501179,0.41568810570190623,-0.0004005135998433227,0.5936165742823458,0.7716315754739809,0.7555826283582757,1.5694807201697163,1.7590095097120924,2.47349587628866,0.8628082156602597
skin_break_displacement_raw_mean,RD,cultivar_aware_pls,5,970,0.5067659749935042,0.38778528554545055,-0.020576417484837014,0.5924729452032352,0.77686969926874,0.7701342716269831,1.5672769832844635,1.8938722158927548,2.4916,0.7942426485190291
skin_break_displacement_raw_mean,RD,nested_rbf_svr,1,971,0.5039129438797525,0.3819977589243561,-0.016895324246319985,0.622956827599641,0.7915441157468754,0.7806790279606117,1.6294018586941477,1.9095560288477533,2.4977883625128734,0.8210766873777084
skin_break_displacement_raw_mean,RD,nested_rbf_svr,2,971,0.5123179055712914,0.39253986896477217,0.02920771482659479,0.6079247782342034,0.7857358018677794,0.7783608581003847,1.5978611937187808,1.7762408654939499,2.4687672502574665,0.8186129001596493
skin_break_displacement_raw_mean,RD,nested_rbf_svr,3,971,0.49687056093447285,0.3815855982911189,0.013244412539079552,0.6630553203738803,0.8149121861584248,0.7919300750821986,1.723631594559824,1.86819279100421,2.4693269824922766,0.8564217972333196
skin_break_displacement_raw_mean,RD,nested_rbf_svr,4,970,0.537340396401032,0.40135198648997344,-0.008157315824443838,0.6117438029384115,0.7823497086138004,0.7627559345847807,1.6057013793102612,1.799604136366295,2.47349587628866,0.8628082156602597
skin_break_displacement_raw_mean,RD,nested_rbf_svr,5,970,0.49035142690374567,0.36898363426537506,-0.012697381852717297,0.6184456258844835,0.7899218929838108,0.7812504013590104,1.6197416892088219,1.9572697199235352,2.4916,0.7942426485190291
skin_break_displacement_raw_mean,RD,residual_cnn,1,971,0.49856305524589334,0.3679678924394187,-0.0690546229332318,0.6309202321320737,0.7990164568227693,0.7711744080940208,1.6468863441410637,1.9300467410795517,2.4977883625128734,0.8210766873777084
skin_break_displacement_raw_mean,RD,residual_cnn,2,971,0.49119213535776135,0.3728396107689402,-0.0013682785931751218,0.6395930673475592,0.8000176712909735,0.7846691082452308,1.6665838909725417,1.8526355258868243,2.4687672502574665,0.8186129001596493
skin_break_displacement_raw_mean,RD,residual_cnn,3,971,0.49444565838212456,0.37701541485100215,-0.027088189451751562,0.666336111440669,0.8241609915463519,0.779367676976928,1.7320847755759794,1.8773549413646926,2.4693269824922766,0.8564217972333196
skin_break_displacement_raw_mean,RD,residual_cnn,4,970,0.5337026224483614,0.3941445035511544,-0.01295722113682762,0.616982967470667,0.785754852768549,0.75993995041682,1.6166460110353702,1.8118704299482138,2.47349587628866,0.8628082156602597
skin_break_displacement_raw_mean,RD,residual_cnn,5,970,0.4793672211260724,0.3574746477136752,-0.029147012693552785,0.635348320984334,0.7984162274055228,0.7834554988073077,1.6568564005133453,2.002118538154256,2.4916,0.7942426485190291
skin_break_displacement_raw_mean,RD,no_neural_b50,1,971,0.5043904408191497,0.383209672982254,-0.0143930285353374,0.6222419332410716,0.7911019687416334,0.7804031063936373,1.6278593346143673,1.9077482880866445,2.4977883625128734,0.8210766873777084
skin_break_displacement_raw_mean,RD,no_neural_b50,2,971,0.5083366196483974,0.3893310852670494,0.02634856192482784,0.6139948309245364,0.7885289918581619,0.7805656745336381,1.610375622212426,1.7901523613022816,2.4687672502574665,0.8186129001596493
skin_break_displacement_raw_mean,RD,no_neural_b50,3,971,0.4963482515152239,0.38128029882622905,0.011664741277995374,0.6637633392983566,0.8154733393055289,0.7916024709251693,1.7254453795674378,1.8701586983862462,2.4693269824922766,0.8564217972333196
skin_break_displacement_raw_mean,RD,no_neural_b50,4,970,0.535345532844284,0.40079255421414445,-0.004278914712143567,0.6146212357657632,0.784125596761887,0.7646761907694498,1.6116847208496736,1.8063100197406023,2.47349587628866,0.8628082156602597
skin_break_displacement_raw_mean,RD,no_neural_b50,5,970,0.49291434377188115,0.37386479197985173,-0.016636899668777162,0.6144466665290512,0.787972882715439,0.7796314726529,1.6113198135832736,1.9470928613190626,2.4916,0.7942426485190291
skin_break_displacement_raw_mean,RD,cultivar_mean_null,1,971,0.5313683889629883,0.39440725686226796,-0.02089968152652623,0.5807515341259426,0.762582993247827,0.7320657747643553,1.5452117672639711,1.8108905610247452,2.4977883625128734,0.8210766873777084
skin_break_displacement_raw_mean,RD,cultivar_mean_null,2,971,0.5552869717768365,0.41049266906139215,0.014073238790907215,0.5393985557112612,0.7351336432554126,0.7086808571471702,1.4742159311611591,1.6387922754393687,2.4687672502574665,0.8186129001596493
skin_break_displacement_raw_mean,RD,cultivar_mean_null,3,971,0.5488701555744431,0.4120336691504475,0.01296444211097727,0.5888395760913334,0.7697272172711395,0.727023210736702,1.5603358800534444,1.691201444590299,2.4693269824922766,0.8564217972333196
skin_break_displacement_raw_mean,RD,cultivar_mean_null,4,970,0.6020979016251374,0.435539050011063,0.008073386472091543,0.5125235487180203,0.7159716358300446,0.6783687958116852,1.433003193220625,1.606051104629244,2.47349587628866,0.8628082156602597
skin_break_displacement_raw_mean,RD,cultivar_mean_null,5,970,0.5377948330919973,0.3973464970861253,-0.014339608242891419,0.541040038353017,0.737616837698337,0.7173798604865899,1.4768506494430431,1.7846024932631168,2.4916,0.7942426485190291
skin_break_displacement_raw_mean,RD,plumspectra_corrected,1,971,0.492538766862806,0.3669913496319942,-0.04297497358977588,0.6397857494119332,0.8015934863523068,0.7821092405644526,1.6670295672511295,1.9536533258670996,2.4977883625128734,0.8210766873777084
skin_break_displacement_raw_mean,RD,plumspectra_corrected,2,971,0.49496650110894236,0.37732940046231467,0.013919718116709834,0.6340329866810672,0.7977338236468281,0.7861197422882311,1.6538753598993,1.8385082585613344,2.4687672502574665,0.8186129001596493
skin_break_displacement_raw_mean,RD,plumspectra_corrected,3,971,0.487553829763788,0.3715905130288518,-0.006921888456336011,0.675572831931203,0.825957436723268,0.791360810260028,1.7565687006258204,1.903892336256947,2.4693269824922766,0.8564217972333196
skin_break_displacement_raw_mean,RD,plumspectra_corrected,4,970,0.5286679334670661,0.3909412094896422,-0.010557268480635726,0.6241752723091049,0.7902296203346155,0.7660168011268418,1.632041894430522,1.8291255035241174,2.47349587628866,0.8628082156602597
skin_break_displacement_raw_mean,RD,plumspectra_corrected,5,970,0.4802436563667876,0.3591806269450666,-0.020922197273135042,0.6340137043181637,0.7978233943820453,0.7855952442986451,1.6538326701236503,1.9984647111444362,2.4916,0.7942426485190291
skin_break_displacement_raw_mean,RD,plumspectra_fixed_gate_sensitivity,1,971,0.4957717139307349,0.37315717485070066,-0.028684001001851554,0.6350414504559747,0.7981306828437553,0.7831091646403622,1.6561588011300348,1.9409134748144155,2.4977883625128734,0.8210766873777084
skin_break_displacement_raw_mean,RD,plumspectra_fixed_gate_sensitivity,2,971,0.49814558860406494,0.38046846553925,0.018062665515812534,0.6293167990297724,0.7955543822034494,0.7851265395156337,1.6433205851598889,1.826775185443392,2.4687672502574665,0.8186129001596493
skin_break_displacement_raw_mean,RD,plumspectra_fixed_gate_sensitivity,3,971,0.4901703450515543,0.3751013962011933,0.0023714267673307023,0.6720813347054777,0.8219449261205596,0.792691393326901,1.7471921871227118,1.8937294133988671,2.4693269824922766,0.8564217972333196
skin_break_displacement_raw_mean,RD,plumspectra_fixed_gate_sensitivity,4,970,0.5286679334670661,0.3909412094896422,-0.010557268480635726,0.6241752723091049,0.7902296203346155,0.7660168011268418,1.632041894430522,1.8291255035241174,2.47349587628866,0.8628082156602597
skin_break_displacement_raw_mean,RD,plumspectra_fixed_gate_sensitivity,5,970,0.4802436563667876,0.3591806269450666,-0.020922197273135042,0.6340137043181637,0.7978233943820453,0.7855952442986451,1.6538326701236503,1.9984647111444362,2.4916,0.7942426485190291
skin_break_drop_g_mean,PFD,global_pls,1,971,220.935127230454,176.41461987152428,-4.076951033883312,0.3248190961187353,0.5701595324764696,0.4930632199120469,1.2176253256189296,1.6965033875184001,726.9296880923542,269.0162062346412
skin_break_drop_g_mean,PFD,global_pls,2,971,223.5140370401727,173.07735979681135,8.178246863546583,0.2952032732659091,0.5452971486344856,0.4729733582099501,1.1917682429761804,1.7090979559289223,717.7780835667803,266.3769312038795
skin_break_drop_g_mean,PFD,global_pls,3,971,217.561928167601,170.98780966047053,-7.922406044477299,0.337562224409822,0.5817596734111713,0.5062189332073385,1.2292810950983364,1.7858892476199146,728.7264100562244,267.44476530957417
skin_break_drop_g_mean,PFD,global_pls,4,970,218.6151156947801,171.60050331531812,2.4190810480384095,0.3466300734367119,0.5892663126181346,0.5053388168355794,1.2377826993338337,1.7498649794861876,729.1607395856404,270.59800801986324
skin_break_drop_g_mean,PFD,global_pls,5,970,218.99965379942168,172.80479317682594,0.23799420921212605,0.27700058168752806,0.5310622881764953,0.4692998701336034,1.1766708770365342,1.6051774660467493,725.1472354911947,257.69051470686287
skin_break_drop_g_mean,PFD,cultivar_aware_pls,1,971,160.9471057549056,125.29364411251088,-2.6266934728829026,0.6416916321347088,0.8012325777341993,0.7788721071363184,1.6714572466081246,2.3288221929200463,726.9296880923542,269.0162062346412
skin_break_drop_g_mean,PFD,cultivar_aware_pls,2,971,168.09362486908063,128.5739048362576,11.063219591541667,0.6013821353651134,0.7772638714513644,0.7594040175615041,1.5846938360175564,2.2725869831429137,717.7780835667803,266.3769312038795
skin_break_drop_g_mean,PFD,cultivar_aware_pls,3,971,163.04794404859453,126.33408817908877,-5.194299951547679,0.6279426008935292,0.7931778838409769,0.777941769390276,1.640282966278099,2.3829893131935145,728.7264100562244,267.44476530957417
skin_break_drop_g_mean,PFD,cultivar_aware_pls,4,970,159.36739907666396,121.51602417814384,-1.7164360823240474,0.6527855935087528,0.8080273152169296,0.7880735809554171,1.697950833028853,2.400408974213051,729.1607395856404,270.59800801986324
skin_break_drop_g_mean,PFD,cultivar_aware_pls,5,970,166.49944611538245,129.47637659166006,-0.8438946405480632,0.5820958561928078,0.767347101555176,0.7572170747187643,1.5476959276386175,2.1113181908560943,725.1472354911947,257.69051470686287
skin_break_drop_g_mean,PFD,nested_rbf_svr,1,971,157.57882029895023,122.23322822800186,-2.9163317815339154,0.6565319869680089,0.8106694394754766,0.7880252773597474,1.7071850501499999,2.378601331430141,726.9296880923542,269.0162062346412
skin_break_drop_g_mean,PFD,nested_rbf_svr,2,971,163.60470079706565,124.03403654534465,9.79409889184343,0.6223879636949561,0.7898324164746259,0.7698328629042999,1.6281740677750571,2.3349413676115605,717.7780835667803,266.3769312038795
skin_break_drop_g_mean,PFD,nested_rbf_svr,3,971,159.8580677030175,123.45693405212323,-4.834885669573753,0.6423580862950555,0.8016819552972358,0.7816988177581715,1.6730138750734183,2.4305405025150364,728.7264100562244,267.44476530957417
skin_break_drop_g_mean,PFD,nested_rbf_svr,4,970,157.01263681991247,119.49339354592954,-2.3226402976266534,0.6629704497611024,0.8148800039690913,0.7911750194450419,1.7234154747062103,2.4364085763325134,729.1607395856404,270.59800801986324
skin_break_drop_g_mean,PFD,nested_rbf_svr,5,970,162.90235039392329,126.04518093284452,0.5694651366347261,0.5999578136064667,0.7767305402979856,0.7642017167815297,1.5818710662168287,2.1579388418939853,725.1472354911947,257.69051470686287
skin_break_drop_g_mean,PFD,residual_cnn,1,971,157.642535409219,121.79381901502431,-10.687597632739594,0.6562541764529912,0.811578279686531,0.7870802688469053,1.706495049298154,2.3776399611646597,726.9296880923542,269.0162062346412
skin_break_drop_g_mean,PFD,residual_cnn,2,971,162.49361143223598,122.42577904543167,-1.2646039930092177,0.6274995042950438,0.7921893998736137,0.7725735100840372,1.6393071017131375,2.3509070938834262,717.7780835667803,266.3769312038795
skin_break_drop_g_mean,PFD,residual_cnn,3,971,158.30329867597632,121.21183077732809,-13.259907768951708,0.6492810589364552,0.8073073912328891,0.7883679507139101,1.6894453087613446,2.454411951334397,728.7264100562244,267.44476530957417
skin_break_drop_g_mean,PFD,residual_cnn,4,970,155.89247619057159,118.01740822187293,-10.449621114486357,0.6677621730521018,0.8189888184741788,0.7937109129136747,1.7357990239956755,2.4539153157909324,729.1607395856404,270.59800801986324
skin_break_drop_g_mean,PFD,residual_cnn,5,970,160.50611761267368,123.39185662704733,-10.899520296717425,0.611640197772658,0.7842999571027383,0.7692728103603418,1.6054871835396973,2.190155207661155,725.1472354911947,257.69051470686287
skin_break_drop_g_mean,PFD,no_neural_b50,1,971,158.5967061129362,123.18665768509352,-2.7715126272084105,0.6520803686578011,0.8078863480076923,0.7848865865399479,1.6962282056669928,2.3633352857994905,726.9296880923542,269.0162062346412
skin_break_drop_g_mean,PFD,no_neural_b50,2,971,165.10725930472407,125.67043945887893,10.428659241692548,0.615420075540863,0.7856403222609378,0.7662357431227433,1.6133568707130608,2.3136922351896283,717.7780835667803,266.3769312038795
skin_break_drop_g_mean,PFD,no_neural_b50,3,971,160.59142711652515,124.20745201521113,-5.014592810560717,0.6390691477836457,0.7996798448621304,0.7816479199969486,1.6653738627997634,2.4194411568685363,728.7264100562244,267.44476530957417
skin_break_drop_g_mean,PFD,no_neural_b50,4,970,157.2780200447741,119.65462671557943,-2.0195381899753486,0.6618301902471331,0.8139536772428988,0.7915363812799137,1.720507467876497,2.4322974998776874,729.1607395856404,270.59800801986324
skin_break_drop_g_mean,PFD,no_neural_b50,5,970,163.88126036251646,126.84646504341859,-0.13721475195667415,0.5951355148858252,0.7742111151691144,0.7625173725465695,1.572422094733919,2.1450488516701394,725.1472354911947,257.69051470686287
skin_break_drop_g_mean,PFD,cultivar_mean_null,1,971,159.80744142303774,124.14008158572324,-1.3934990182335085,0.6467480200677771,0.8045338552316641,0.7808375591119429,1.6833772184770113,2.345430152880481,726.9296880923542,269.0162062346412
skin_break_drop_g_mean,PFD,cultivar_mean_null,2,971,164.101940094817,124.37494419267136,9.612026589602394,0.6200891437326541,0.788327745731821,0.767757992897118,1.6232405969726422,2.327866347016125,717.7780835667803,266.3769312038795
skin_break_drop_g_mean,PFD,cultivar_mean_null,3,971,162.51128981470012,125.30943625144619,-4.317649965260856,0.6303877416783296,0.7941444612381992,0.7724673650464852,1.6456996040984113,2.3908585591130356,728.7264100562244,267.44476530957417
skin_break_drop_g_mean,PFD,cultivar_mean_null,4,970,159.38480687065115,121.97162239774923,-4.541709487979457,0.6527097365016064,0.8087554731408992,0.7832103048413664,1.6977653851252412,2.4001468047771524,729.1607395856404,270.59800801986324
skin_break_drop_g_mean,PFD,cultivar_mean_null,5,970,163.378437159696,127.72995097214692,0.5922740648413423,0.5976161273752889,0.7752391381806556,0.7625270259578806,1.5772614745664417,2.1516505816937217,725.1472354911947,257.69051470686287
skin_break_drop_g_mean,PFD,plumspectra_corrected,1,971,156.96948098118253,121.43487170129148,-6.801964707136754,0.6591831543880979,0.8128222053040068,0.7889145539195004,1.7138121662445376,2.3878348162035836,726.9296880923542,269.0162062346412
skin_break_drop_g_mean,PFD,plumspectra_corrected,2,971,162.23270199669224,122.50116930041177,4.264747449417105,0.628694761967949,0.7930743419027079,0.7729708165384431,1.6419435041481998,2.3546879212710725,717.7780835667803,266.3769312038795
skin_break_drop_g_mean,PFD,plumspectra_corrected,3,971,158.29666961189022,121.58902719687399,-9.047396719262732,0.649310431535469,0.8065215139829629,0.7867192328166907,1.689516058457148,2.4545147358980834,728.7264100562244,267.44476530957417
skin_break_drop_g_mean,PFD,plumspectra_corrected,4,970,155.52226999563248,117.95379246741187,-6.386130706056505,0.6693382652606303,0.819442901763215,0.7943987352004417,1.7399309309686801,2.4597566313259183,729.1607395856404,270.59800801986324
skin_break_drop_g_mean,PFD,plumspectra_corrected,5,970,160.17854790241435,123.52528711289948,-5.165027580041348,0.6132237522962206,0.7844372217294733,0.7701108687686885,1.6087704507338634,2.194634137681382,725.1472354911947,257.69051470686287
skin_break_drop_g_mean,PFD,plumspectra_fixed_gate_sensitivity,1,971,156.45922584740057,120.83742337599965,-8.817190850126785,0.6613953155422191,0.8145240590110188,0.790277688409928,1.7194013633751508,2.3956221804001796,726.9296880923542,269.0162062346412
skin_break_drop_g_mean,PFD,plumspectra_fixed_gate_sensitivity,2,971,162.23270199669224,122.50116930041177,4.264747449417105,0.628694761967949,0.7930743419027079,0.7729708165384431,1.6419435041481998,2.3546879212710725,717.7780835667803,266.3769312038795
skin_break_drop_g_mean,PFD,plumspectra_fixed_gate_sensitivity,3,971,157.63986686423235,120.740109208065,-11.063798763369894,0.6522145485122822,0.8087020541353475,0.7882097416251876,1.6965553868420322,2.464741413037395,728.7264100562244,267.44476530957417
skin_break_drop_g_mean,PFD,plumspectra_fixed_gate_sensitivity,4,970,155.52226999563248,117.95379246741187,-6.386130706056505,0.6693382652606303,0.819442901763215,0.7943987352004417,1.7399309309686801,2.4597566313259183,729.1607395856404,270.59800801986324
skin_break_drop_g_mean,PFD,plumspectra_fixed_gate_sensitivity,5,970,160.77418905598532,124.09520667346047,-3.9080742975291605,0.6103418658076589,0.7827223516109305,0.7689407628710706,1.6028102285568302,2.1865033897229544,725.1472354911947,257.69051470686287
skin_break_force_g_mean,SRF,global_pls,1,971,232.6657184673008,186.16587066426683,-4.04230609025984,0.37403637935714706,0.6117401055871454,0.5442383053684242,1.2645884207866902,1.759888687729224,812.8590024633473,294.2263734877646
skin_break_force_g_mean,SRF,global_pls,2,971,231.74559296215574,180.47985737118668,6.78737023867821,0.35487502620738187,0.5966747698205651,0.5346127671553478,1.245666602054185,1.7478309744631517,805.0180639749587,288.67774532620075
skin_break_force_g_mean,SRF,global_pls,3,971,228.3667153088443,180.65133919804316,-10.88400840384021,0.38681076177788154,0.6230600874488783,0.5585294307904703,1.2776929125502563,1.72790016849506,817.2558878214309,291.7825336124925
skin_break_force_g_mean,SRF,global_pls,4,970,229.1207358992343,180.22414779103343,4.496474608481537,0.388599967948165,0.6236316729478127,0.5563154129021897,1.2795617523819647,1.7565098599972342,815.4492607627318,293.17413033426953
skin_break_force_g_mean,SRF,global_pls,5,970,227.79983652422862,179.96461200063857,2.264619242919933,0.3336899867697384,0.5812637416907938,0.52963783340727,1.2257045794029586,1.5890147524207012,810.3965054740158,279.21530281499236
skin_break_force_g_mean,SRF,cultivar_aware_pls,1,971,171.55539418948146,134.19299787897657,-5.005636351035614,0.6596756262490847,0.8125928318633918,0.7987416305365401,1.7150517177139535,2.3867845595151826,812.8590024633473,294.2263734877646
skin_break_force_g_mean,SRF,cultivar_aware_pls,2,971,176.95224104597477,135.67590705670057,8.69163639864096,0.6238742898057743,0.7932812999024885,0.7839978345456818,1.6313879022939193,2.289047729377709,805.0180639749587,288.67774532620075
skin_break_force_g_mean,SRF,cultivar_aware_pls,3,971,170.30882590678942,132.6594436312324,-6.09539552504834,0.6589616460435572,0.81231269092997,0.7988373155516618,1.7132555054556364,2.316937385715867,817.2558878214309,291.7825336124925
skin_break_force_g_mean,SRF,cultivar_aware_pls,4,970,168.12106401084176,130.65286512399967,0.13524026002561448,0.6708143265281855,0.8193144882812102,0.8071494868307983,1.7438274737266912,2.3938275319913154,815.4492607627318,293.17413033426953
skin_break_force_g_mean,SRF,cultivar_aware_pls,5,970,176.21089881881574,135.75416278615845,3.330763864105342,0.6013102627155286,0.7823093595458424,0.7764505826209327,1.5845518335508193,2.0542276514247684,810.3965054740158,279.21530281499236
skin_break_force_g_mean,SRF,nested_rbf_svr,1,971,165.65052487255576,129.13651125056134,-2.5855264283926847,0.6827001034457827,0.8265922478622643,0.8074274791830836,1.7761873903757892,2.4718651888849736,812.8590024633473,294.2263734877646
skin_break_force_g_mean,SRF,nested_rbf_svr,2,971,167.47838999980314,128.04598813386994,8.580115908537852,0.663070962812581,0.8148775908158141,0.7992840323079209,1.7236716051936019,2.4185336721654758,805.0180639749587,288.67774532620075
skin_break_force_g_mean,SRF,nested_rbf_svr,3,971,166.44108217938668,129.7811933408866,-6.853860061432817,0.6742758381201729,0.8215903991734081,0.8030141117822308,1.7530679913389138,2.370778179845823,817.2558878214309,291.7825336124925
skin_break_force_g_mean,SRF,nested_rbf_svr,4,970,162.85544863360428,124.81606208926854,-1.8188699889531939,0.6911118463891834,0.8316674288180526,0.8132802431067137,1.8002107561894294,2.471227306875525,815.4492607627318,293.17413033426953
skin_break_force_g_mean,SRF,nested_rbf_svr,5,970,168.63408955498275,130.09540575806824,2.874267850543848,0.6348592795125333,0.7990422879385333,0.7897460637549044,1.6557464955741044,2.1465250697012923,810.3965054740158,279.21530281499236
skin_break_force_g_mean,SRF,residual_cnn,1,971,162.49827094302694,125.87920614885326,-15.12361607903089,0.694661346284545,0.8356616126454495,0.8147793012995833,1.8106431027252128,2.519816140668701,812.8590024633473,294.2263734877646
skin_break_force_g_mean,SRF,residual_cnn,2,971,168.70082104824272,129.12909309014358,-2.1019326130540734,0.6581344972464993,0.8113037656875569,0.7948729381451695,1.7111816263398547,2.401008620217411,805.0180639749587,288.67774532620075
skin_break_force_g_mean,SRF,residual_cnn,3,971,163.3390867618145,126.9271596432131,-15.933310848652981,0.686303870861685,0.8303356090754551,0.8122773561085688,1.7863607504918753,2.4158019594919398,817.2558878214309,291.7825336124925
skin_break_force_g_mean,SRF,residual_cnn,4,970,160.29103667869026,123.9650658985966,-4.022592402654261,0.7007631037271691,0.8376347562618984,0.8196065686176328,1.8290113808543687,2.5107631722637116,815.4492607627318,293.17413033426953
skin_break_force_g_mean,SRF,residual_cnn,5,970,164.24011086786584,127.03128156540609,-6.47528310314899,0.6536397992114139,0.8099865652536369,0.7996911461668808,1.7000433167000608,2.2039518782792387,810.3965054740158,279.21530281499236
skin_break_force_g_mean,SRF,no_neural_b50,1,971,167.13040303937026,130.4781573019532,-3.795581389714148,0.6770054317810998,0.8229483555661524,0.8058365471426843,1.7604599051822714,2.449977732995347,812.8590024633473,294.2263734877646
skin_break_force_g_mean,SRF,no_neural_b50,2,971,170.25789020677365,129.97480699339147,8.635876153589406,0.6517946967917807,0.808402527605472,0.7953717847415687,1.6955322597713935,2.379050539641133,805.0180639749587,288.67774532620075
skin_break_force_g_mean,SRF,no_neural_b50,3,971,166.42224451718624,129.57606478505465,-6.474627793240579,0.6743495643231594,0.821504959151869,0.8046145261937265,1.7532664245635772,2.3710465329054378,817.2558878214309,291.7825336124925
skin_break_force_g_mean,SRF,no_neural_b50,4,970,164.12062688270655,126.61948595577648,-0.8418148644637927,0.6862938734096653,0.8284606911546457,0.8127448031491674,1.7863332349065102,2.452177032107315,815.4492607627318,293.17413033426953
skin_break_force_g_mean,SRF,no_neural_b50,5,970,171.08318864611027,131.54054140873143,3.102515857324593,0.6241762724206268,0.7936404832337598,0.7857293473171976,1.63204406595762,2.115797020739321,810.3965054740158,279.21530281499236
skin_break_force_g_mean,SRF,cultivar_mean_null,1,971,168.32076169829034,131.69587657194043,-0.5631760911375137,0.6723880962221156,0.8203356394258738,0.7995925740383061,1.7480099930581119,2.432651574420448,812.8590024633473,294.2263734877646
skin_break_force_g_mean,SRF,cultivar_mean_null,2,971,168.81737453284498,129.79597213867743,8.78744563811354,0.6576619520649692,0.811573500768503,0.7953043346867459,1.7100002065843989,2.3993509358586724,805.0180639749587,288.67774532620075
skin_break_force_g_mean,SRF,cultivar_mean_null,3,971,168.91887767557856,131.92236640820556,-6.599399355375797,0.6645055902527768,0.8155453679585254,0.7966322881160843,1.7273530207374623,2.3360022946556906,817.2558878214309,291.7825336124925
skin_break_force_g_mean,SRF,cultivar_mean_null,4,970,165.2951428638726,127.7026818303697,-4.059942787583255,0.6817877821568619,0.8262703432350356,0.8058041361557816,1.773640321516952,2.4347529199225404,815.4492607627318,293.17413033426953
skin_break_force_g_mean,SRF,cultivar_mean_null,5,970,169.19127519078424,132.25180352751437,2.396265637111494,0.6324423627718452,0.7975155591072285,0.7880516252352308,1.6502937429849283,2.139456070815997,810.3965054740158,279.21530281499236
skin_break_force_g_mean,SRF,plumspectra_corrected,1,971,162.78997217623095,126.59144681240463,-8.854571253711788,0.6935641333215139,0.8339842001844473,0.8135147927771458,1.8073986349063629,2.5153009149096803,812.8590024633473,294.2263734877646
skin_break_force_g_mean,SRF,plumspectra_corrected,2,971,166.46415331052293,127.19688978858744,3.2390916477418887,0.6671394406406272,0.8168635818860936,0.8002137072490162,1.734173631891186,2.4332693707275204,805.0180639749587,288.67774532620075
skin_break_force_g_mean,SRF,plumspectra_corrected,3,971,163.1010769026577,126.5386057996036,-11.393585455042896,0.6872174106088944,0.83018634041838,0.8110501538245406,1.7889675479373734,2.4193272868229947,817.2558878214309,291.7825336124925
skin_break_force_g_mean,SRF,plumspectra_corrected,4,970,160.52618581223214,123.36190914300012,-2.920731195803726,0.6998844905275075,0.8371665245275016,0.818397695477342,1.8263321267546717,2.507085244070879,815.4492607627318,293.17413033426953
skin_break_force_g_mean,SRF,plumspectra_corrected,5,970,164.4997031588337,126.82390686970467,-1.8005076263025686,0.6525440438102942,0.8089333447078513,0.7985299528403291,1.6973605268174514,2.2004738846641803,810.3965054740158,279.21530281499236
skin_break_force_g_mean,SRF,plumspectra_fixed_gate_sensitivity,1,971,162.78997217623095,126.59144681240463,-8.854571253711788,0.6935641333215139,0.8339842001844473,0.8135147927771458,1.8073986349063629,2.5153009149096803,812.8590024633473,294.2263734877646
skin_break_force_g_mean,SRF,plumspectra_fixed_gate_sensitivity,2,971,166.7938204679443,127.477233006754,4.588287693868471,0.665819734859453,0.8161412903111447,0.80018614870502,1.7307460463241864,2.428460025906245,805.0180639749587,288.67774532620075
skin_break_force_g_mean,SRF,plumspectra_fixed_gate_sensitivity,3,971,163.46845782683718,126.80472449657563,-10.163845946218235,0.6858067544043613,0.8291007796646821,0.8103156860931721,1.7849470013449258,2.413890062380178,817.2558878214309,291.7825336124925
skin_break_force_g_mean,SRF,plumspectra_fixed_gate_sensitivity,4,970,160.52618581223214,123.36190914300012,-2.920731195803726,0.6998844905275075,0.8371665245275016,0.818397695477342,1.8263321267546717,2.507085244070879,815.4492607627318,293.17413033426953
skin_break_force_g_mean,SRF,plumspectra_fixed_gate_sensitivity,5,970,165.63202819928435,127.47363712334209,-0.574751843178675,0.6477441911661285,0.8062547064769605,0.7963430056442455,1.6857567093186072,2.1854305883431024,810.3965054740158,279.21530281499236
soluble_solids_pct,SSC,global_pls,1,969,1.8180488892876112,1.375433014872225,-0.018046494439139943,0.4966065775710644,0.7068322045729503,0.6812899148579759,1.4101666566849467,1.6501206417917218,13.668699690402478,2.5637519238964916
soluble_solids_pct,SSC,global_pls,2,969,1.7994963567851234,1.3839041991997196,-0.03297461807506452,0.5285477231413984,0.7272571454284084,0.6957723706198115,1.4571536252832549,1.6671331334949893,13.653353973168215,2.622142639973452
soluble_solids_pct,SSC,global_pls,3,969,1.8101666436155708,1.4007875401579681,0.06658000455815478,0.5066723880705049,0.7130239951598755,0.6830813232070216,1.4244804653259053,1.5468189129854737,13.55482972136223,2.5785470228149405
soluble_solids_pct,SSC,global_pls,4,968,1.832238260434772,1.4344942206003772,0.012681315534745045,0.47739996573687105,0.6922081178060094,0.6603047681644895,1.3840115825819403,1.6373416409763923,13.633522727272727,2.53583897449151
soluble_solids_pct,SSC,global_pls,5,968,1.7790238861309446,1.3737223746613818,-0.0149095625201858,0.5450710992918069,0.7384422998884685,0.7016768702703982,1.4833808832535416,1.686317999093569,13.663429752066117,2.6389700235380684
soluble_solids_pct,SSC,cultivar_aware_pls,1,969,1.6532641760814122,1.2269366743249803,-0.02224347297874893,0.5837244227040684,0.7670324541523514,0.754598834099334,1.5507212706762503,1.8145920315715292,13.668699690402478,2.5637519238964916
soluble_solids_pct,SSC,cultivar_aware_pls,2,969,1.6264041617105705,1.233371007843526,-0.040300782807213435,0.6148829485556346,0.7860981789005153,0.7740810203283991,1.6122331101364213,1.8445599627860951,13.653353973168215,2.622142639973452
soluble_solids_pct,SSC,cultivar_aware_pls,3,969,1.6210549070284124,1.237166085475077,0.06747339033245374,0.6043658617443113,0.7809157495292718,0.7704143443844877,1.5906598916761714,1.7272703027269667,13.55482972136223,2.5785470228149405
soluble_solids_pct,SSC,cultivar_aware_pls,4,968,1.6676808349688326,1.2751930997954213,0.02419978692584952,0.5670563102475593,0.7572091140095276,0.7451915874988346,1.5205781114219632,1.798905364320546,13.633522727272727,2.53583897449151
soluble_solids_pct,SSC,cultivar_aware_pls,5,968,1.592987387922824,1.209904276243918,-0.022907109339844373,0.6352421526998986,0.7971962475449238,0.7800795014607725,1.6566170225485297,1.8832540814474685,13.663429752066117,2.6389700235380684
soluble_solids_pct,SSC,nested_rbf_svr,1,969,1.6340714459864714,1.2015442947395083,-0.01173293749423925,0.5933334012324905,0.7711323379262605,0.7537391171769457,1.5689350243488174,1.8359050379152377,13.668699690402478,2.5637519238964916
soluble_solids_pct,SSC,nested_rbf_svr,2,969,1.5979039623348599,1.206702379165262,-0.033115304393617845,0.6282618430749387,0.7930615468977817,0.7768649093324633,1.6409888840515627,1.8774595161629082,13.653353973168215,2.622142639973452
soluble_solids_pct,SSC,nested_rbf_svr,3,969,1.6254293097680497,1.2316507495664977,0.08379693194303874,0.6022277501473963,0.7774878889845822,0.7604746247947323,1.58637906140803,1.7226218225384182,13.55482972136223,2.5785470228149405
soluble_solids_pct,SSC,nested_rbf_svr,4,968,1.657312563928057,1.2644884821886342,0.011171154257116322,0.5724229527709288,0.7578814393345855,0.7397806168957438,1.5300909615270313,1.8101594504838547,13.633522727272727,2.53583897449151
soluble_solids_pct,SSC,nested_rbf_svr,5,968,1.5967995627366005,1.2069737399546099,-0.05572390515003836,0.6334942612661869,0.7963914251909198,0.771996438913537,1.6526620404475767,1.8787580295040849,13.663429752066117,2.6389700235380684
soluble_solids_pct,SSC,residual_cnn,1,969,1.609356492305437,1.173673619308708,-0.011743904975914718,0.605541849728564,0.7782283886792931,0.7564105838718377,1.5930292238880293,1.8640991069060384,13.668699690402478,2.5637519238964916
soluble_solids_pct,SSC,residual_cnn,2,969,1.5724090210318666,1.1911921963922993,-0.03677273150937105,0.6400295528716242,0.800145293456313,0.7800356701120048,1.6675957749547352,1.9079005270723397,13.653353973168215,2.622142639973452
soluble_solids_pct,SSC,residual_cnn,3,969,1.5658496014574599,1.1888035036880287,0.07236091529129707,0.6308538013233593,0.7947637357176265,0.7744611544947131,1.6467399042761726,1.7881666268547245,13.55482972136223,2.5785470228149405
soluble_solids_pct,SSC,residual_cnn,4,968,1.6402679057576217,1.2520278113538568,0.016494927820095377,0.5811725736719742,0.7640725477439689,0.7483372031367119,1.5459907284598329,1.8289695173998621,13.633522727272727,2.53583897449151
soluble_solids_pct,SSC,residual_cnn,5,968,1.5608235584536165,1.1763937605314019,-0.04212376716708348,0.6498230206289377,0.806774965157431,0.7819692040468407,1.6907548641517327,1.922062223978888,13.663429752066117,2.6389700235380684
soluble_solids_pct,SSC,no_neural_b50,1,969,1.6160171786142288,1.190766258085896,-0.016988205236494084,0.6022699842595802,0.776901887044737,0.7604172637831901,1.586463286296849,1.856415909249534,13.668699690402478,2.5637519238964916
soluble_solids_pct,SSC,no_neural_b50,2,969,1.578987173600434,1.1912264944006736,-0.036708043600415644,0.6370113895136893,0.7984994736996804,0.7826265103656269,1.6606484737899403,1.8999521023083095,13.653353973168215,2.622142639973452
soluble_solids_pct,SSC,no_neural_b50,3,969,1.585255423280873,1.1999230745088245,0.07563516113774625,0.6216473295461191,0.7895863390057771,0.7739302270110352,1.6265814233761353,1.7662768780850915,13.55482972136223,2.5785470228149405
soluble_solids_pct,SSC,no_neural_b50,4,968,1.630001330642704,1.241818766195708,0.017685470591482934,0.5863991179779575,0.7669500000696894,0.7500082795732798,1.5557281621921362,1.8404892950713791,13.633522727272727,2.53583897449151
soluble_solids_pct,SSC,no_neural_b50,5,968,1.5560729956246846,1.1649652335439895,-0.0393155072449414,0.6519513920769064,0.8079161837215991,0.7845486857415346,1.6959165996442573,1.9279301218100322,13.663429752066117,2.6389700235380684
soluble_solids_pct,SSC,cultivar_mean_null,1,969,2.0088076333186007,1.4823760737086034,-0.041802013062462805,0.38542750283717053,0.6215586209899289,0.5668144109190202,1.2762555664233062,1.4934232378657009,13.668699690402478,2.5637519238964916
soluble_solids_pct,SSC,cultivar_mean_null,2,969,2.0392956373179807,1.5111501721208347,-0.022051058747509768,0.39452505792988424,0.6281687986835499,0.5660336569113851,1.285807997619224,1.471096169236898,13.653353973168215,2.622142639973452
soluble_solids_pct,SSC,cultivar_mean_null,3,969,1.9274849839748882,1.4632868191512534,0.10226463737267934,0.44065428536628637,0.6658239794796599,0.6010283664291091,1.3377780082610151,1.4526702014693775,13.55482972136223,2.5785470228149405
soluble_solids_pct,SSC,cultivar_mean_null,4,968,2.039580529166139,1.555817230425749,-0.00012847419990080766,0.35242920667131383,0.5971450299969259,0.5495784862341663,1.243313974726098,1.470890684187164,13.633522727272727,2.53583897449151
soluble_solids_pct,SSC,cultivar_mean_null,5,968,1.9866577937322385,1.4935786816414187,-0.03816745421794153,0.4326826052262448,0.6594807761786592,0.5882514232825008,1.3283465485922274,1.5100738584494937,13.663429752066117,2.6389700235380684
soluble_solids_pct,SSC,plumspectra_corrected,1,969,1.5966664288386327,1.1670144445172095,-0.011738421235076981,0.6117380698581238,0.7821829158749136,0.7607840520876835,1.6056903793995894,1.8789146848801161,13.668699690402478,2.5637519238964916
soluble_solids_pct,SSC,plumspectra_corrected,2,969,1.5520248650234503,1.164596927668857,-0.034944017951494495,0.649302117475565,0.8059481217179862,0.7856474613761832,1.6894978289757188,1.9329587222526048,13.653353973168215,2.622142639973452
soluble_solids_pct,SSC,plumspectra_corrected,3,969,1.565042951960622,1.183125684268686,0.0780789236171679,0.6312340356656986,0.7950800083355023,0.774317865104127,1.6475886617582234,1.7890882780515864,13.55482972136223,2.5785470228149405
soluble_solids_pct,SSC,plumspectra_corrected,4,968,1.6201992054751497,1.2326171968831465,0.013833041038605895,0.5913585956557217,0.7695965520400363,0.7506961227057135,1.5651402407322093,1.8516241644003284,13.633522727272727,2.53583897449151
soluble_solids_pct,SSC,plumspectra_corrected,5,968,1.545709881812026,1.1568168846707545,-0.04892383615856092,0.6565718139508042,0.8116178827625065,0.7842597642277497,1.7072867648645813,1.9408558069662585,13.663429752066117,2.6389700235380684
soluble_solids_pct,SSC,plumspectra_fixed_gate_sensitivity,1,969,1.5966664288386327,1.1670144445172095,-0.011738421235076981,0.6117380698581238,0.7821829158749136,0.7607840520876835,1.6056903793995894,1.8789146848801161,13.668699690402478,2.5637519238964916
soluble_solids_pct,SSC,plumspectra_fixed_gate_sensitivity,2,969,1.5520248650234503,1.164596927668857,-0.034944017951494495,0.649302117475565,0.8059481217179862,0.7856474613761832,1.6894978289757188,1.9329587222526048,13.653353973168215,2.622142639973452
soluble_solids_pct,SSC,plumspectra_fixed_gate_sensitivity,3,969,1.565042951960622,1.183125684268686,0.0780789236171679,0.6312340356656986,0.7950800083355023,0.774317865104127,1.6475886617582234,1.7890882780515864,13.55482972136223,2.5785470228149405
soluble_solids_pct,SSC,plumspectra_fixed_gate_sensitivity,4,968,1.6201992054751497,1.2326171968831465,0.013833041038605895,0.5913585956557217,0.7695965520400363,0.7506961227057135,1.5651402407322093,1.8516241644003284,13.633522727272727,2.53583897449151
soluble_solids_pct,SSC,plumspectra_fixed_gate_sensitivity,5,968,1.545709881812026,1.1568168846707545,-0.04892383615856092,0.6565718139508042,0.8116178827625065,0.7842597642277497,1.7072867648645813,1.9408558069662585,13.663429752066117,2.6389700235380684
