sample_id,cultivar_code,PC1,PC2
313_A110_B01-0003,L313,-3.496313238082763,-1.7016419089224575
313_A110_B01-0004,L313,-3.4657596059540516,-1.561971445994192
313_A110_B01-0006,L313,-4.364902536505093,-1.739741879291685
313_A110_B01-0007,L313,-2.352906288660628,-2.10318909934475
313_A110_B01-0008,L313,-3.439859820929618,-1.5913414230126715
313_A110_B01-0009,L313,-3.5489061044642476,-1.6406788015494704
313_A110_B01-0013,L313,-3.4359678696388714,-1.7166265249276673
313_A110_B01-0015,L313,-2.1171060265066557,-2.086086431497948
313_A110_B01-0016,L313,-2.522680099219693,-1.5881010856350422
313_A110_B01-0018,L313,-2.903584000753721,-1.8329069299907241
313_A110_B01-0019,L313,-3.4933722945767265,-1.4806310444437591
313_A110_B01-0021,L313,-3.0352653932217644,-1.4744936889068054
313_A110_B01-0022,L313,-3.606255177775899,-1.6474693094848698
313_A110_B01-0023,L313,-2.545925880088254,-2.087263482273288
313_A110_B01-0024,L313,-2.8534132970416426,-1.675968881581679
313_A110_B01-0025,L313,-2.508921862138612,-1.4174303364492071
313_A110_B01-0026,L313,-3.061734942722625,-2.3763757608258937
313_A110_B01-0027,L313,-4.348112253626466,-1.9787315919159216
313_A110_B01-0028,L313,-4.729566872773391,-1.7167794293031262
313_A110_B01-0029,L313,-1.2156798338957007,-1.8615166589719694
313_A110_B01-0030,L313,-2.120840984430507,-1.9540069726746678
313_A110_B01-0032,L313,-3.52808483712822,-1.3017782074799125
313_A110_B01-0033,L313,-3.454822451694893,-1.9850658194426078
313_A110_B01-0034,L313,-4.237258208852957,-1.0330029817771575
313_A110_B01-0035,L313,-4.487629176499963,-2.1668168466639166
313_A110_B01-0036,L313,-3.1102121805086655,-1.3175771982544564
313_A110_B01-0038,L313,-0.69991600634578,-1.3190938785891582
313_A110_B01-0039,L313,-2.098429446631129,-1.2543448558246844
313_A110_B01-0040,L313,-0.828372531717981,-1.1301043207182304
313_A110_B01-0041,L313,-3.160682410503576,-1.3545382394668954
313_A110_B01-0042,L313,-0.9579574637608231,-1.1510054186826877
313_A110_B01-0043,L313,-4.287778399545958,-1.4050257865082245
313_A110_B01-0044,L313,-2.807151937517233,-1.7907219179607259
313_A110_B01-0045,L313,-4.2235398668398645,-1.0954200525161444
313_A110_B01-0046,L313,-4.389047757136095,-1.558076757750056
313_A110_B01-0047,L313,-3.4512960709966176,-1.858206804699004
313_A110_B01-0048,L313,-0.6307685567873147,-1.828991424768242
313_A110_B01-0049,L313,-4.12146575768082,-1.1549091680717083
313_A110_B01-0052,L313,-4.004498284296005,-1.8981670637536043
313_A110_B01-0053,L313,-3.999687244350186,-1.394031175920816
313_A110_B01-0054,L313,-3.467701616653853,-1.9129439096800749
313_A110_B01-0055,L313,-2.983081556502855,-1.8589343159019085
313_A110_B01-0056,L313,-1.0184999326777588,-1.806931552494606
313_A110_B01-0057,L313,-2.1440248632249306,-1.750892575459183
313_A110_B01-0058,L313,-3.6280777845439314,-1.1529880973662872
313_A110_B01-0059,L313,-2.825325752377705,-2.0309928320595425
313_A110_B01-0060,L313,-3.727645243037366,-1.5440982735487243
313_A110_B01-0062,L313,-4.438585372708887,-1.873929253573927
313_A110_B01-0063,L313,-3.7634219375111915,-2.142913454422679
313_A110_B01-0064,L313,-2.5927493351573636,-1.2846592760284237
313_A110_B01-0065,L313,-1.8739948091875098,-2.1477613375363642
313_A110_B01-0066,L313,-4.233889794370743,-1.1745581572976411
313_A110_B01-0067,L313,-4.310780109461484,-1.8515110208163936
313_A110_B01-0069,L313,-4.388369742422889,-1.9167962965953287
313_A110_B01-0070,L313,-3.318875399228145,-1.0800400242450297
313_A110_B01-0071,L313,-4.541416680273166,-1.7564337096779024
313_A110_B01-0072,L313,-3.8859405367651814,-1.6024213769557338
313_A110_B01-0073,L313,-2.487661236611859,-2.3682382236716086
313_A110_B01-0074,L313,-3.333430276472211,-1.6464317419949621
313_A110_B01-0076,L313,-4.5472646670063295,-1.1996066614075258
313_A110_B01-0077,L313,-2.8987701348720485,-1.9548931442539998
313_A110_B01-0078,L313,-4.4968810490372695,-1.397951603917737
313_A110_B01-0079,L313,-2.7530925422120753,-2.085512020533249
313_A110_B01-0080,L313,-2.699529149167406,-2.3126381018305495
313_A110_B01-0081,L313,-3.206948029883996,-1.643479581321983
313_A110_B01-0084,L313,-3.978834733741171,-1.9835701781644832
313_A110_B01-0085,L313,-3.530543948415319,-1.472396235355988
313_A110_B01-0086,L313,-4.641711258191937,-1.4364729031410304
313_A110_B01-0087,L313,-4.32354829761935,-1.6528593317798088
313_A110_B01-0088,L313,-4.3175803587839665,-1.1740258093958764
313_A110_B01-0089,L313,-4.1656854119204825,-1.627907591455735
313_A110_B01-0090,L313,-3.5388769729637173,-0.9721668974012547
313_A110_B01-0091,L313,-3.615249709434281,-1.3513771162778494
313_A110_B01-0092,L313,-2.4654048361794683,-1.8986605072681726
313_A110_B01-0093,L313,-2.468561384476778,-1.8305805635016323
313_A110_B01-0094,L313,-3.4592473780332513,-1.7481576546075326
313_A110_B01-0096,L313,-3.0324778484782424,-1.3704944798683947
313_A110_B01-0098,L313,-2.859986135500487,-1.1656934112301889
313_A110_B01-0099,L313,-1.9815309978224753,-1.7531612275108812
313_A110_B01-0100,L313,-3.6671152821681403,-1.925827858829005
313_A110_B01-0101,L313,-2.2216735709528943,-1.5325285171313898
313_A110_B01-0103,L313,-2.9711213471979585,-1.1956851856089643
313_A110_B01-0104,L313,-3.1785786559765437,-1.2372112929344834
313_A110_B01-0105,L313,-3.3739194866109288,-1.2531665076397704
313_A110_B01-0106,L313,-2.917063788691185,-1.343988602962888
313_A110_B01-0107,L313,-4.061589999930537,-1.739005697152353
313_A110_B01-0108,L313,-3.867177886299497,-1.4269978737893172
313_A110_B01-0109,L313,-4.135102665823586,-1.3044533913171477
313_A110_B01-0110,L313,-3.7230332450317984,-1.2865184532893992
313_A110_B01-0111,L313,-3.981644129989688,-1.988615265480953
313_A110_B01-0112,L313,-3.414259417859841,-1.9996238905238577
313_A110_B01-0114,L313,-3.270833371659767,-1.8260308235985114
313_A110_B01-0115,L313,-4.348968673366443,-1.4537570132251025
313_A110_B01-0116,L313,-2.9697821366133197,-2.1416569626546407
313_A110_B01-0117,L313,-4.745118418194336,-1.4561317965531106
313_A110_B01-0118,L313,-4.348231467835999,-1.0631747778741472
313_A110_B01-0119,L313,-2.506635833907967,-1.177595035303454
313_A110_B01-0121,L313,-4.052644658871651,-1.4223233371185269
313_A110_B01-0122,L313,-4.629469399237583,-1.8178799348124017
313_A110_B01-0123,L313,-4.331585844577646,-1.494126678821426
313_A110_B01-0124,L313,-4.1369496887563635,-1.0221952828358989
313_A110_B01-0125,L313,-3.3751091808437588,-1.6947217490615185
313_A110_B01-0126,L313,-4.496613599443169,-1.4040174072710565
313_A110_B01-0127,L313,-4.070633294792805,-0.8182764348395266
313_A110_B01-0128,L313,-3.565592862581672,-1.2358027028297842
313_A110_B01-0129,L313,-3.0933157601046775,-1.8590948617213554
313_A110_B01-0131,L313,-4.484806737338024,-1.6245394048823463
313_A110_B01-0132,L313,-1.1832536322841847,-1.4158188574304114
313_A110_B01-0133,L313,-3.91807051407102,-2.399684385586909
313_A110_B01-0134,L313,-4.595799863367601,-1.0037117225929502
313_A110_B01-0135,L313,-4.44733002067689,-1.2674450790531273
313_A110_B01-0136,L313,-4.194376172635546,-1.149431893099793
313_A110_B01-0137,L313,-3.755391486010052,-1.4542813854831007
313_A110_B01-0138,L313,-3.7698767198012324,-1.3678069963677602
313_A110_B01-0139,L313,-4.304827303683588,-1.5540220311480855
313_A110_B01-0140,L313,-2.5572682047708515,-1.3891229773556786
313_A110_B01-0141,L313,-2.4341469047725495,-1.494720188176673
313_A110_B01-0142,L313,-4.368124596320894,-1.0543890635565485
313_A110_B01-0143,L313,-3.843335566993892,-1.7906136146780611
313_A110_B01-0144,L313,-2.946171001069001,-1.2866681591357303
313_A110_B01-0145,L313,-4.467903967189533,-1.3592878172836587
313_A110_B01-0146,L313,-1.77260378740363,-2.1505384754867807
313_A110_B01-0147,L313,-4.821556669106697,-1.0763927632976504
313_A110_B01-0148,L313,-4.656064321674055,-1.1652251062267482
313_A110_B01-0149,L313,-3.6524080963522727,-2.1711328777665693
313_A110_B01-0150,L313,-4.289083203725178,-1.3128286428240885
313_A110_B01-0151,L313,-4.7405291105447604,-1.5886728629038658
313_A110_B01-0152,L313,-4.89120660694963,-1.6594732868537823
313_A110_B01-0153,L313,-3.3417611072217372,-1.3649345869455998
313_A110_B01-0154,L313,-3.7001609355972596,-1.7137963554756734
313_A110_B01-0155,L313,-4.274766174307006,-1.7871477873987873
313_A110_B01-0156,L313,-5.026501436247135,-1.001360419309219
313_A110_B01-0157,L313,-4.112919883020121,-1.9175911345285623
313_A110_B01-0158,L313,-4.00215456674102,-1.4817440001503859
313_A110_B01-0159,L313,-3.8282232371565965,-1.4262947110035513
313_A110_B01-0160,L313,-3.585673957266509,-1.6920409740903486
313_A110_B01-0161,L313,-4.3661948571986535,-1.3647449448442834
313_A110_B01-0162,L313,-2.9783236820069825,-1.4216419436627326
313_A110_B01-0163,L313,-4.130406854547147,-1.945398892473185
313_A110_B01-0164,L313,-4.331139335565476,-1.2575879235390313
313_A110_B01-0166,L313,-4.112127548325193,-1.3928657717571737
313_A110_B01-0167,L313,-4.656612889438402,-1.7578895506974037
313_A110_B01-0168,L313,-4.968010498419451,-1.0921114193694363
313_A110_B01-0169,L313,-4.806470381668457,-0.7218830387125862
313_A110_B01-0170,L313,-5.005073074518879,-0.7509754747005459
313_A110_B01-0173,L313,-1.673904238929713,-1.5458770389990673
313_A110_B01-0174,L313,-2.119656619011115,-1.6447544258546543
313_A110_B01-0175,L313,-0.4982526741702443,-1.675819814242559
313_A110_B01-0176,L313,-2.0108640056992098,-1.8991160934262732
313_A110_B01-0177,L313,-0.5987942487615836,-1.565492713845977
313_A110_B01-0178,L313,-3.4916066542084563,-1.4680507160184884
313_A110_B01-0179,L313,-2.673311294835315,-1.3144293837684409
313_A110_B01-0180,L313,-3.862650763589151,-1.47775208858348
313_A110_B01-0181,L313,-1.7380454448859828,-1.41745165670461
313_A110_B01-0182,L313,-4.097420578638755,-1.6186953361926568
313_A110_B01-0184,L313,-3.518773139522979,-1.3771421756343007
313_A110_B01-0185,L313,-2.567688067463776,-1.607663755143759
313_A110_B01-0186,L313,-2.807564845259202,-2.2470009953618137
313_A110_B01-0188,L313,-3.6953769665561347,-1.7523581640215895
313_A110_B01-0189,L313,-3.0364738367699986,-1.9285853196259715
313_A110_B01-0190,L313,-3.2155480511636014,-2.3458503055870668
313_A110_B01-0191,L313,-3.3664373133070495,-2.3728001048736784
313_A110_B01-0192,L313,-3.9927041720020604,-1.2415719785786945
313_A110_B01-0193,L313,-3.2047129258100027,-2.0704406452580937
313_A110_B01-0194,L313,-3.8237826194333353,-2.366882399533758
313_A110_B01-0196,L313,-3.244724055855543,-2.1142174672510827
313_A110_B01-0197,L313,-3.543409194973835,-1.7492244071114207
313_A110_B01-0198,L313,-0.8129204305810924,-2.256265005900611
313_A110_B01-0199,L313,-4.555397982345573,-1.7463911712946856
313_A110_B01-0200,L313,-3.459747614188013,-2.291338653015672
313_A110_B01-0201,L313,-3.3944417973244168,-1.7065608283793614
313_A110_B01-0202,L313,-1.385543904982397,-1.4943811760405
313_A110_B01-0204,L313,-3.416584185855992,-2.2487886739780123
313_A110_B01-0205,L313,-4.9373991150983025,-1.222015669741084
313_A110_B01-0206,L313,-5.093000865506291,-2.0289659356349286
313_A110_B01-0208,L313,-2.165124986147308,-2.199382703254609
313_A110_B01-0210,L313,-4.635674274942038,-1.669992766013186
313_A110_B01-0211,L313,-4.542714499905076,-1.362916616353231
313_A110_B01-0212,L313,-3.118616044338814,-1.6887232254784759
313_A110_B01-0213,L313,-4.453346082776021,-1.5166153137846345
313_A110_B01-0214,L313,-2.7375663585098327,-1.3440367632323322
313_A110_B01-0215,L313,-2.832144278628183,-1.4610740601605077
313_A110_B01-0217,L313,-4.056115908181063,-1.9129825270032343
313_A110_B01-0219,L313,-3.469974368235643,-1.8069474090112112
313_A110_B01-0220,L313,-3.6420319394796894,-1.961708693784645
313_A110_B01-0221,L313,-1.3862921036610478,-1.7300129341017834
313_A110_B01-0222,L313,-4.064717351953028,-1.5425927237444095
313_A110_B01-0224,L313,-2.3087059129210106,-1.4046627895260089
313_A110_B01-0225,L313,-4.3496271504328305,-2.2238741325905638
313_A110_B01-0226,L313,-3.852893197759336,-1.3282966754765135
313_A110_B01-0227,L313,-4.678501390334577,-0.5831725540875733
313_A110_B01-0228,L313,-4.59007606418192,-1.0037046111488175
313_A110_B01-0229,L313,-4.625033749683173,-1.1417244807253286
313_A110_B01-0231,L313,-3.054260198562948,-1.3581280141855294
313_A110_B01-0232,L313,-4.106042051694338,-2.0080538600886904
313_A110_B01-0233,L313,-3.806807868269746,-1.3998056622419246
313_A110_B01-0234,L313,-4.3324636609419045,-1.4229201648732173
313_A110_B01-0235,L313,-3.3205228898596233,-1.4132884965996706
313_A110_B01-0236,L313,-3.74540479169918,-1.2855983996423308
313_A110_B01-0237,L313,-3.8999952966295384,-1.110011083762059
313_A110_B01-0238,L313,-3.319539530048382,-1.5175911957248422
313_A110_B01-0239,L313,-2.958753644316934,-1.3378230360760515
313_A110_B01-0241,L313,-4.322346910931432,-1.080269931406342
313_A110_B01-0242,L313,-3.5536313699211295,-1.6277118170371223
313_A110_B01-0243,L313,-3.9496561980429377,-1.1798912796144865
313_A110_B01-0244,L313,-4.441184099623614,-1.4864633860758079
313_A110_B01-0245,L313,-4.478046884243475,-1.4619986679744845
313_A110_B01-0246,L313,-4.73472935773927,-1.1419273039452535
313_A110_B01-0247,L313,-3.0645214040098487,-1.6100530149610424
313_A110_B01-0248,L313,-3.9232638536108264,-1.5393863647112183
313_A110_B01-0249,L313,-4.085203330520844,-1.3814111350089695
313_A110_B01-0250,L313,-3.1417495574741956,-1.572216921643728
313_A110_B01-0251,L313,-2.21362139723837,-1.3281830836777766
313_A110_B01-0252,L313,-3.3306891380330375,-1.7221768811959512
313_A110_B01-0253,L313,-5.362708300061109,-0.9903743646051064
313_A110_B01-0256,L313,-3.878917629255165,-1.6443667771257187
313_A110_B01-0257,L313,-3.4530383001585903,-1.8330324949498356
313_A110_B01-0258,L313,-3.4100919445644142,-1.6751874719178184
313_A110_B01-0259,L313,-0.2698858609262768,-1.7938679627413512
313_A110_B01-0260,L313,-1.6824024816234122,-1.9376877526727707
313_A110_B01-0261,L313,-1.8271045953776546,-1.2782713098701808
313_A110_B01-0262,L313,-2.5529659442151993,-1.8533172652473904
313_A110_B01-0263,L313,-1.937844285260776,-2.0811335688981534
313_A110_B01-0265,L313,-3.193818923967314,-1.5113241644752795
313_A110_B01-0266,L313,-2.3233682097454205,-2.0570488765834565
313_A110_B01-0268,L313,-4.038692286974624,-1.3286861065461637
313_A110_B01-0269,L313,-1.556597569957251,-1.6394219626708004
313_A110_B01-0272,L313,-1.603637659156883,-1.4412704791501256
313_A110_B01-0273,L313,-3.3861136767142823,-1.5316779600029595
313_A110_B01-0274,L313,-2.8948282318046297,-1.4961255045543551
313_A110_B01-0275,L313,-3.8808404438159116,-1.620129237334137
313_A110_B01-0276,L313,-3.5738974782849606,-1.397259569715936
313_A110_B01-0277,L313,-4.533082661367622,-1.3892914747020746
313_A110_B01-0278,L313,-3.913935962559922,-1.83072234163805
313_A110_B01-0279,L313,-2.8300709923335825,-1.3806439316259422
313_A110_B01-0280,L313,-2.813955456646494,-1.3983563243417294
313_A110_B01-0281,L313,-3.6050242523947533,-1.957745968895566
313_A110_B01-0282,L313,-0.9171664364921047,-2.5412017043412467
313_A110_B01-0283,L313,-3.6082532456836405,-1.6957895755236163
313_A110_B01-0284,L313,-2.1168001897322943,-1.2989965045064484
313_A110_B01-0286,L313,-3.6951386839083002,-1.5901923169591177
313_A110_B01-0288,L313,-1.3204548467825648,-1.7868827181590055
313_A110_B01-0289,L313,-2.5199105145332243,-1.9066572161659463
313_A110_B01-0290,L313,-2.83718859716607,-2.2066739507892605
313_A110_B01-0291,L313,-2.9484304802887884,-1.728335332816365
313_A110_B01-0292,L313,-3.512954823460714,-1.8528164496092359
313_A110_B01-0293,L313,-2.6623805688429356,-1.9598226694689758
313_A110_B01-0294,L313,-3.2077348095980867,-1.7989989679555756
313_A110_B01-0295,L313,-3.01618840625623,-2.3504058989485075
313_A110_B01-0296,L313,-3.336104747861236,-1.4877482799151691
313_A110_B01-0297,L313,-2.9337798383607954,-1.9363502186731711
313_A110_B01-0299,L313,-2.769902116337334,-2.3201299617452587
313_A110_B01-0300,L313,-3.712173497078478,-1.585122345149522
313_A110_B01-0301,L313,-3.293798817618267,-1.9817929549577225
313_A110_B01-0302,L313,-3.3074968909247646,-2.4227758047061725
313_A110_B01-0303,L313,-4.298891449682679,-1.4507851527731634
313_A110_B01-0305,L313,-2.755007700826921,-1.4368060682689432
313_A110_B01-0306,L313,-3.7446270290241173,-2.2295580433001283
313_A110_B01-0307,L313,-3.6955653986169947,-2.237021974139931
313_A110_B01-0308,L313,-4.02154763435391,-0.32385139496313775
313_A110_B01-0309,L313,-2.940053526261514,-2.422694773967595
313_A110_B01-0310,L313,-4.270946202887218,-2.1491905903584705
313_A110_B01-0311,L313,-4.124432811473719,-1.8985061659708504
313_A110_B01-0312,L313,-3.8151022644725803,-1.117248162914554
313_A110_B01-0313,L313,-3.95585549371406,-1.6015455684448867
313_A110_B01-0314,L313,-4.204944166581567,-1.8192115563132174
313_A110_B01-0315,L313,-3.520468817323426,-2.0383281320677433
313_A110_B01-0316,L313,-4.002193756364616,-1.743555567278212
313_A110_B01-0317,L313,-4.149527708515454,-2.424729162067655
313_A110_B01-0318,L313,-4.211621712562266,-1.6245534073811776
313_A110_B01-0319,L313,-4.1346829682201145,-2.4930571455203645
313_A110_B01-0320,L313,-5.277254631892809,-1.4756601076385134
313_A110_B01-0321,L313,-4.276920801544116,-1.9004925125689642
313_A110_B01-0322,L313,-3.81410815491265,-1.2645392539174698
313_A110_B01-0323,L313,-3.9481188932231746,-1.6224169238968051
313_A110_B01-0324,L313,-2.7426613419363832,-2.485258456097809
313_A110_B01-0325,L313,-4.118184299309571,-2.1551487934574562
313_A110_B01-0326,L313,-3.6871456782958947,-1.1324594201990428
313_A110_B01-0327,L313,-4.295092341772418,-1.747227319988638
313_A110_B01-0328,L313,-3.0878340368578603,-1.4025812254748418
313_A110_B01-0329,L313,-3.27615160320217,-1.7095141090028272
313_A110_B01-0330,L313,-3.3577743034575924,-1.5024129301358227
313_A110_B01-0331,L313,-4.689978373999274,-1.5381062184720757
313_A110_B01-0332,L313,-3.5064662383458716,-2.0405283973805637
313_A110_B01-0333,L313,-4.431288073499059,-1.3171887065544556
313_A110_B01-0334,L313,-4.681394355564797,-1.0371835541806922
313_A110_B01-0336,L313,-3.598174376980106,-2.122450789056098
313_A110_B01-0337,L313,-4.365868006561963,-1.2827695790175662
313_A110_B01-0338,L313,-3.831272420192665,-2.0878332927229066
313_A110_B01-0339,L313,-3.9423921629981082,-1.8038298622260558
313_A110_B01-0340,L313,-5.0752240686530135,-1.522553770621468
313_A110_B01-0341,L313,-4.150702869071051,-1.7515128684700283
313_A110_B01-0342,L313,-4.304045901829447,-2.0769309711727417
313_A110_B01-0343,L313,-3.8516683356361296,-1.4872508473261714
313_A110_B01-0344,L313,-4.009805545546989,-1.4952127845267493
313_A110_B01-0346,L313,-4.174031373066998,-1.9394819808515051
313_A110_B01-0347,L313,-1.810799394128986,-1.478732596666801
313_A110_B01-0348,L313,-4.365011162213334,-1.393335607151803
313_A110_B01-0349,L313,-3.362455434189673,-1.9318500146450435
313_A110_B01-0350,L313,-5.1096190368872465,-1.6212779387066816
A181_B01-0001,LA191,-1.0961903467680838,0.4934918423760708
A181_B01-0002,LA191,-0.36934768648250405,0.8820683182759804
A181_B01-0003,LA191,-0.325484994102157,-0.9890158871895081
A181_B01-0004,LA191,-0.671257615332116,-0.5429213778464447
A181_B01-0005,LA191,0.7839759517251563,-0.004670496217752965
A181_B01-0006,LA191,-2.2134542639544277,-0.8587290032671241
A181_B01-0007,LA191,1.4489762936535744,-0.18926754930556594
A181_B01-0008,LA191,-0.5070524407506183,-0.6107784009547058
A181_B01-0010,LA191,-0.8117550442886103,-0.5912043356971776
A181_B01-0011,LA191,0.20912921409103924,0.012216529617636408
A181_B01-0012,LA191,-0.8094321718546439,-0.10025610762246419
A181_B01-0013,LA191,-1.3816576355422079,-0.32494919397615024
A181_B01-0014,LA191,-1.6778155190187058,-0.7305946951750155
A181_B01-0015,LA191,-0.41914080376927426,-0.05746788226625272
A181_B01-0016,LA191,-1.1930686043251262,0.14500509839956258
A181_B01-0018,LA191,-0.3638090130787385,-0.042711800339920114
A181_B01-0019,LA191,0.10682848256379314,0.24289153714458894
A181_B01-0020,LA191,0.5119921012574477,-0.1777231332896239
A181_B01-0021,LA191,-2.364342146726846,-0.14054395764721883
A181_B01-0022,LA191,-0.4651040903322942,-0.8376722272311398
A181_B01-0023,LA191,-1.8706525448377358,-0.4659479645150548
A181_B01-0024,LA191,-0.1256714631594271,0.22021074848231303
A181_B01-0025,LA191,-0.6244255014106341,-0.60929046236631
A181_B01-0026,LA191,-0.6104945834366862,-0.4779008290092421
A181_B01-0027,LA191,-0.7968764850716203,0.3670986293829024
A181_B01-0028,LA191,-1.1891226929717733,-0.20170540826753985
A181_B01-0029,LA191,-0.9239234253226575,-0.5974688015491055
A181_B01-0031,LA191,-1.076365105300624,-0.2487305693156973
A181_B01-0032,LA191,-0.7369508170465643,0.6153551311592292
A181_B01-0033,LA191,1.1797093047921534,0.27089962293710174
A181_B01-0034,LA191,-0.792209933398311,0.13747845163446512
A181_B01-0035,LA191,-0.4163464818817646,-0.1870846680139575
A181_B01-0036,LA191,-2.580937907239699,-0.4150340035757063
A181_B01-0037,LA191,-1.9320664599866557,-0.11262153628913539
A181_B01-0038,LA191,-2.0547067088150714,0.03880890380832917
A181_B01-0039,LA191,-1.4416640932778688,-0.9881029197303173
A181_B01-0040,LA191,-0.845279251602997,0.5206945671839918
A181_B01-0041,LA191,-0.716592184099478,-0.6675769655553101
A181_B01-0042,LA191,1.1015809918577217,0.2598898151447955
A181_B01-0043,LA191,-1.9643915354114503,-0.24744339437332435
A181_B01-0044,LA191,-0.2844918442796964,0.1099083080634315
A181_B01-0045,LA191,-0.24425073180241896,-0.4705755822034105
A181_B01-0046,LA191,-1.0919160640009689,-0.07879963819782002
A181_B01-0047,LA191,-0.3706686147925231,0.08084476710336276
A181_B01-0048,LA191,-1.7115491272214418,-1.033480044077895
A181_B01-0049,LA191,-2.692766233506843,-0.5738920742467558
A181_B01-0050,LA191,-1.132302799767607,-0.16857517113439593
A181_B01-0051,LA191,-1.7287030500160183,-0.36849150283297244
A181_B01-0052,LA191,-1.964708998925261,-0.42532494496269824
A181_B01-0053,LA191,-0.9748846035464277,-0.1909340958634252
A181_B01-0054,LA191,-0.5776877144186354,-0.43692755537008116
A181_B01-0055,LA191,-0.6097873305662257,0.04836134899386961
A181_B01-0056,LA191,-0.7218696786112465,-0.39461094677727593
A181_B01-0057,LA191,-1.2381134760643797,0.8099468305838577
A181_B01-0058,LA191,0.030480446048694113,-0.5390762993840785
A181_B01-0059,LA191,-0.45238990609522156,0.4308210639117599
A181_B01-0060,LA191,-0.3647230684761432,-0.43325758169234707
A181_B01-0061,LA191,-1.4738322719158288,0.058347794971667026
A181_B01-0063,LA191,-1.8153745237221932,-1.8987951899692106
A181_B01-0065,LA191,-0.24138553800724694,-0.2600227773569739
A181_B01-0066,LA191,-2.1760970506453123,-0.376429898750071
A181_B01-0067,LA191,-2.241773668532403,-1.3781384272076012
A181_B01-0068,LA191,-0.8384705660073745,-0.28403335973210997
A181_B01-0069,LA191,-1.4248167478567468,-0.3763674116215462
A181_B01-0070,LA191,-1.662829930207812,-0.14610454134655373
A181_B01-0071,LA191,-0.8328615378337523,-0.3089028439442686
A181_B01-0072,LA191,-1.5030439283310841,-0.5770566284691516
A181_B01-0073,LA191,-1.8040230591396014,0.048067576540070274
A181_B01-0074,LA191,-0.5614319150432285,-0.44996111030619823
A181_B01-0075,LA191,-0.7509054110768646,-0.5864405285791546
A181_B01-0076,LA191,-1.9143305656976746,-0.10257806674641998
A181_B01-0077,LA191,-2.412514322262495,0.16497821631407877
A181_B01-0078,LA191,-1.2856434843333697,-0.28336991077052687
A181_B01-0080,LA191,-1.084254786052299,-0.5892136137283366
A181_B01-0081,LA191,-1.3012641651344523,-0.2893019410621076
A181_B01-0083,LA191,-2.0127476910441096,-0.2967804915539616
A181_B01-0084,LA191,-0.5004731669144044,-0.13336305693300013
A181_B01-0085,LA191,-1.7383229058268859,-0.20037185160410997
A181_B01-0087,LA191,0.42980873841576434,-0.38294888011394873
A181_B01-0088,LA191,-2.010138981603501,-0.35031599774350053
A181_B01-0090,LA191,-2.0552787049049486,-0.6477644364618349
A181_B01-0091,LA191,-0.31326880464458745,-0.0749852283118869
A181_B01-0092,LA191,-1.1793844385547534,-0.7627113336771194
A181_B01-0093,LA191,-1.0116486125859707,0.3691296782506987
A181_B01-0094,LA191,-0.6165952683506433,-0.8637787275004737
A181_B01-0095,LA191,0.044446175691426004,-0.15655728688616088
A181_B01-0096,LA191,-0.41873492124513556,0.6404128839470374
A181_B01-0097,LA191,-1.4790806711226667,-0.025470891949444806
A181_B01-0098,LA191,-2.3725564256537965,-0.11004541663811104
A181_B01-0099,LA191,-1.2648459218907848,-0.3078809245435981
A181_B01-0100,LA191,-0.011781460826165921,-0.6930630118897249
A181_B01-0101,LA191,-2.050242543250734,0.04874002829220025
A181_B01-0102,LA191,-2.3824241800567303,-0.08846665626358907
A181_B01-0103,LA191,-0.849285661338727,0.18548579760270828
A181_B01-0104,LA191,-1.6201422221005994,0.08385149076062562
A181_B01-0105,LA191,-0.5994275513198861,1.0165435812087005
A181_B01-0106,LA191,-1.632822436347093,0.5713270578456922
A181_B01-0107,LA191,-0.22020105481226473,-0.7498031387277239
A181_B01-0108,LA191,-0.7922756006537994,0.7532468760695347
A181_B01-0109,LA191,-1.8903591706093739,-0.8303652230948605
A181_B01-0110,LA191,0.044370323047879336,0.39261818227392364
A181_B01-0111,LA191,-2.148381351921875,0.08835853958510535
A181_B01-0112,LA191,-2.5227393727852707,0.6953857037706087
A181_B01-0113,LA191,-1.3167639369946593,0.010608530493138486
A181_B01-0114,LA191,-0.9939761831648116,0.7394798677354286
A181_B01-0115,LA191,0.929346960014192,1.0101783928838495
A181_B01-0116,LA191,-1.9859050894368342,-0.3502536747048143
A181_B01-0117,LA191,-0.04446924287981825,0.7809330933976116
A181_B01-0118,LA191,0.10890901064350761,0.2923538021795505
A181_B01-0119,LA191,-0.9336999491483946,-0.3665948378118362
A181_B01-0120,LA191,-0.6698550209981252,-0.4388098988397025
A181_B01-0121,LA191,0.7637291807400112,0.9708718444084201
A181_B01-0122,LA191,1.8378668248262404,-0.0032294213529212093
A181_B01-0123,LA191,-0.40320634328303645,-0.4612137395031195
A181_B01-0124,LA191,-1.3612800330358235,-0.6991513638326848
A181_B01-0125,LA191,0.29456567955763974,0.2914063669012314
A181_B01-0126,LA191,1.2136935398032085,0.4121035505856091
A181_B01-0127,LA191,1.1393217892572172,-0.0834861243863739
A181_B01-0128,LA191,-2.2446196199890593,1.1880567511680562
A181_B01-0129,LA191,-0.5726840058950436,-1.5152593033704962
A181_B01-0130,LA191,-1.2334900909774502,0.37719596135637135
A181_B01-0131,LA191,-0.4234790610773945,-0.4746320234829084
A181_B01-0132,LA191,-0.3600098850506303,-0.7770447490210738
A181_B01-0133,LA191,0.9772774802088832,1.1868653001092127
A181_B01-0136,LA191,-1.0895165249703433,-0.07863380201102263
A181_B01-0137,LA191,-0.9341695970511307,-0.4041197261433756
A181_B01-0138,LA191,0.9765662790048032,0.9812364567718833
A181_B01-0139,LA191,-1.8640912176394613,-0.13229739479876335
A181_B01-0140,LA191,-0.9532892188822646,0.24275135198414083
A181_B01-0141,LA191,-2.57831550642947,0.07550276627856436
A181_B01-0142,LA191,-1.4078961765195583,-0.009159970067429947
A181_B01-0143,LA191,-1.635623000354919,-0.8094961052425701
A181_B01-0144,LA191,-2.5303343424207583,-0.3744235709271565
A181_B01-0145,LA191,-2.0712492103791096,0.03561924787199688
A181_B01-0146,LA191,-1.3194745860557222,-0.6359711758939516
A181_B01-0147,LA191,-1.2844955531349846,-0.798475878907962
A181_B01-0148,LA191,-0.7881123409213728,0.37268175890365046
A181_B01-0149,LA191,-1.0236025540035945,0.2682659260944909
A181_B01-0150,LA191,-1.6455401002604628,0.1506504722553653
A181_B01-0151,LA191,-0.9258997843735253,0.3972232656488398
A181_B01-0152,LA191,0.2903479690598121,0.45641589997631576
A181_B01-0153,LA191,-0.4564127809352518,0.19194212442705594
A181_B01-0154,LA191,-1.1532434757950416,0.2861937593820988
A181_B01-0155,LA191,-2.070767836560637,-0.07040277504178255
A181_B01-0156,LA191,-0.7839006033826048,0.49102656151314766
A181_B01-0157,LA191,-2.2507575273325924,0.008276211181040452
A181_B01-0158,LA191,-1.6691970711044637,0.1766049020897225
A181_B01-0161,LA191,0.7532299175837888,0.8164009931029766
A181_B01-0162,LA191,0.5462446979417185,0.905852681192796
A181_B01-0163,LA191,-2.2938730716049225,0.8131970291117316
A181_B01-0164,LA191,-0.942116798585918,-1.0468263556415647
A181_B01-0165,LA191,0.6604678876689415,0.35417686565539375
A181_B01-0166,LA191,1.29144668312782,0.18502905323698604
A181_B01-0168,LA191,1.153085766375213,0.07379944453959841
A181_B01-0169,LA191,0.329691328712305,0.8112073569302426
A181_B01-0172,LA191,-0.038403329169167444,0.2322535696744329
A181_B01-0173,LA191,1.1576099907013466,0.4874589153671291
A181_B01-0174,LA191,-1.064767680533582,0.665404275319414
A181_B01-0175,LA191,-1.5890975306352115,-0.648040615617508
A181_B01-0176,LA191,0.4432501847342273,0.3176933388184581
A181_B01-0177,LA191,-0.04316745038426064,0.15330357518198695
A181_B01-0179,LA191,-1.7997491769119736,0.9468597152050903
A181_B01-0180,LA191,-0.40197089674864694,0.06355032697398806
A181_B01-0182,LA191,-0.12049140841475489,0.7130655304389423
A181_B01-0183,LA191,0.9661483748540318,-0.1306522671725701
A181_B01-0184,LA191,-0.16627746265260207,0.1458266769512595
A181_B01-0186,LA191,-0.479096030042953,0.2479349662208257
A181_B01-0187,LA191,-0.1891148162263797,0.08478066131672043
A181_B01-0188,LA191,-0.0651832409006619,0.33139455439577314
A181_B01-0189,LA191,1.6818017306410953,1.2461989724721727
A181_B01-0190,LA191,-0.4809733099717854,0.5561809696755278
A181_B01-0191,LA191,0.566301347947996,0.5205363606599989
A181_B01-0192,LA191,-2.500672882625833,0.08374913800400652
A181_B01-0194,LA191,0.6147418099158235,0.2476099729097664
A181_B01-0195,LA191,-1.0346546429081376,0.6826516018873418
A181_B01-0196,LA191,0.060996260146972764,-0.882095045790305
A181_B01-0197,LA191,2.3391968499250853,1.3169851617675852
A181_B01-0199,LA191,-2.242337309767119,0.23165502362845225
A181_B01-0201,LA191,-0.012945815682286466,0.08684221756356837
A181_B01-0202,LA191,-1.2974964290390292,0.3518703798978802
A181_B01-0203,LA191,0.016371539844176358,-0.24083759614973743
A181_B01-0204,LA191,0.7429992143861418,0.5222025750112004
A181_B01-0205,LA191,-0.6661393480491165,0.5762090592375316
A181_B01-0206,LA191,-1.8658309942431348,0.6006510565518965
A181_B01-0207,LA191,0.2977026609162783,0.22596089858750648
A181_B01-0208,LA191,0.7439379675049159,1.3661871330293247
A181_B01-0209,LA191,-0.6705079605439433,0.45918049130601507
A181_B01-0210,LA191,-0.07867733188725104,-0.4789050011088401
A181_B01-0211,LA191,-0.9414279036207944,1.0653837522192728
A181_B01-0212,LA191,-0.5334664281338523,0.2974488232053866
A181_B01-0213,LA191,-1.7040361819089538,0.6658065726444161
A181_B01-0214,LA191,-2.23550300700851,0.9523030637020895
A181_B01-0215,LA191,-0.7887540260014514,0.5292377767593357
A181_B01-0217,LA191,-0.5193390722207107,0.791468167781396
A181_B01-0219,LA191,-2.8344211775422368,-0.889902622594029
A181_B01-0220,LA191,0.48139631818914075,-0.0974907521893094
A181_B01-0221,LA191,-0.2658308605826208,-0.06462721691691188
A181_B01-0222,LA191,-1.1751980206723602,-0.47182196143273736
A181_B01-0223,LA191,-1.4582921119048806,-0.6267556942320933
A181_B01-0224,LA191,0.20210570536227196,-1.1556834968708343
A181_B01-0225,LA191,-0.2122719675401836,-0.488989614421968
A181_B01-0226,LA191,-2.089956695952633,-0.2198774584334151
A181_B01-0227,LA191,-2.21412609687765,-0.25239898542526124
A181_B01-0228,LA191,-2.227124087040405,-0.5335340385079284
A181_B01-0229,LA191,-1.8960993975761762,0.0403211638425682
A181_B01-0230,LA191,-0.8160412984179413,-0.08069302360637381
A181_B01-0231,LA191,-2.4267010559428304,0.2908981305312461
A181_B01-0232,LA191,-1.7389400396863277,0.06350945974556092
A181_B01-0233,LA191,-1.5393475711493307,0.896912828485616
A181_B01-0234,LA191,-1.47002903954063,-1.7655228475636773
A181_B01-0237,LA191,0.6165126455315453,0.03295498549315633
A181_B01-0238,LA191,-3.2264204907028864,-0.2882039246772824
A181_B01-0239,LA191,-2.1872897213628275,-0.8498682380895612
A181_B01-0240,LA191,0.4402037746866378,-0.17377370457398025
A181_B01-0241,LA191,-1.0427180434400163,0.5161199185924977
A181_B01-0242,LA191,-1.4674969941555411,-0.02995502172313368
A181_B01-0243,LA191,-2.441796686338786,-0.6506574665363337
A181_B01-0244,LA191,-2.238429282765572,0.11443707801753186
A181_B01-0245,LA191,-0.10839143012877249,0.15286892205958386
A181_B01-0246,LA191,1.9971686112755611,-0.28204012989742633
A181_B01-0247,LA191,-2.463110985989943,0.3014205717801639
A181_B01-0248,LA191,-1.3324011902849378,-0.3984049846180014
A181_B01-0249,LA191,-1.6701532887656791,0.5811242911962218
A181_B01-0250,LA191,-0.24918400331601556,0.2580042188610135
A181_B01-0252,LA191,-0.33031010942704897,0.49335124157376636
A181_B01-0253,LA191,-1.0173005656023988,-0.15336871424255966
A181_B01-0254,LA191,-3.17934179145161,-0.5305355425757499
A181_B01-0255,LA191,-1.4029743699813797,0.25829335837361556
A181_B01-0256,LA191,-1.076863375732938,-0.7841534206433127
A181_B01-0257,LA191,-2.5814865769946094,0.007636196189939486
A181_B01-0259,LA191,-2.835165170324831,0.16868925950022912
A181_B01-0260,LA191,-2.1511660676939974,-0.999347600781915
A181_B01-0261,LA191,-2.3253263228980905,-1.0985388007825692
A181_B01-0262,LA191,-2.004909085505264,0.0021726635778699724
A181_B01-0263,LA191,-1.5275912472702706,-0.6079128890568168
A181_B01-0264,LA191,-2.1695998731663306,-0.67210280414884
A181_B01-0265,LA191,-1.8651868309646744,-0.36834584865331427
A181_B01-0266,LA191,-1.5416245307251153,-0.22082198408468984
A181_B01-0267,LA191,-1.4153359184799106,-0.44605742635352197
A181_B01-0268,LA191,0.6766150753119929,0.7890776153657839
A181_B01-0269,LA191,-1.1056390866808699,0.5305428383444175
A181_B01-0270,LA191,-2.8293029346241885,-0.3704005225120629
A181_B01-0271,LA191,-1.7312483401202663,0.05369724251584501
A181_B01-0272,LA191,-0.082236171177719,0.004436510152705665
A181_B01-0273,LA191,-2.0249800503684554,-1.508778688430419
A181_B01-0275,LA191,-0.6006706526385714,-0.09619428532756549
A181_B01-0276,LA191,-0.9546310414471156,-0.02629700283817017
A181_B01-0277,LA191,-2.2673773403194737,-1.5872605838975393
A181_B01-0278,LA191,-1.0917777972598561,0.04747769373307336
A181_B01-0279,LA191,-0.7488932508514765,1.693429756849822
A181_B01-0280,LA191,-0.8671775144402054,-0.7454343282680348
A181_B01-0281,LA191,-0.824864439325564,-0.25509155047673354
A181_B01-0282,LA191,-0.5614804792702371,-0.7491530071255217
A181_B01-0283,LA191,-1.450072308523018,-0.11708555550815455
A181_B01-0284,LA191,-1.7356355344531198,-0.10808249739744615
A181_B01-0286,LA191,0.07661517335966415,0.6944774618782702
A181_B01-0288,LA191,-0.3303674300267587,0.9391194942351935
A181_B01-0290,LA191,-2.3794632280115966,-0.06411870053592075
A181_B01-0291,LA191,0.30754172031735877,-0.7629102921737921
A181_B01-0292,LA191,-0.545526000783608,0.03758286898870721
A181_B01-0293,LA191,-1.4288021905014596,-0.3842156543994308
A181_B01-0294,LA191,-1.6258693121219134,0.10164538819832644
A181_B01-0295,LA191,-0.3650565218771819,-0.49991044846233373
A181_B01-0296,LA191,-0.909893831725819,0.17308725607410363
A181_B01-0298,LA191,-1.627663807162791,-0.35459316248670253
A181_B01-0300,LA191,-2.374293625515424,-0.2959213797775989
A181_B01-0301,LA191,-1.9840631152567016,0.6529647726595751
A181_B01-0302,LA191,-1.3238249091997862,0.4275108023286907
A181_B01-0303,LA191,-0.7342566719553408,0.9962296984937067
A181_B01-0304,LA191,-0.18827054742300914,0.25380355344853056
A181_B01-0305,LA191,-1.228964713284261,0.44005174243429174
A181_B01-0306,LA191,0.3637666784990888,0.4823610303549468
A181_B01-0307,LA191,-1.6124836556094233,0.5146838235783345
A181_B01-0308,LA191,1.3200372265496472,1.0055823263373678
A181_B01-0309,LA191,-0.1406279340685067,0.8473781347093305
A181_B01-0310,LA191,-0.2460913656617807,0.29190394201130254
A181_B01-0311,LA191,1.7500505806985829,0.6470741159348732
A181_B01-0312,LA191,-0.11516357160071042,0.6932594418342252
A181_B01-0313,LA191,-2.6786339110846367,0.44116061309783006
A181_B01-0314,LA191,0.22236728203299105,0.66721687833045
A181_B01-0315,LA191,-1.5495122950021785,1.1463730158716092
A181_B01-0316,LA191,0.38085309652264143,0.4050902349505885
A181_B01-0317,LA191,-0.6324163706895573,0.10494640538578207
A181_B01-0319,LA191,-1.9434911618666921,0.07132865127626598
A181_B01-0320,LA191,1.9090784010647162,0.7133831623316579
A181_B01-0321,LA191,0.7501777259411918,-0.09579805589192263
A181_B01-0322,LA191,-1.1358212700525032,0.7951735603527844
A181_B01-0323,LA191,-1.994104167520123,0.5072025415845064
A181_B01-0324,LA191,0.9736416159825687,0.24527042186613443
A181_B01-0325,LA191,-0.15571998173093157,0.05256009388025423
A181_B01-0326,LA191,-1.43008305859939,0.7966870259042556
A181_B01-0327,LA191,-1.7787726671423532,0.7230465308407376
A181_B01-0329,LA191,-0.11472288160267127,0.7453217284970775
A181_B01-0330,LA191,-0.14400612026791385,0.7285038587916438
A181_B01-0331,LA191,-2.5260191525399516,0.4286205966995966
A181_B01-0332,LA191,-0.6854538828877464,0.7525684751729736
A181_B01-0334,LA191,-1.6481155938932905,0.6651136194623133
A181_B01-0335,LA191,-2.924204346920792,-0.06032033637547749
A181_B01-0336,LA191,-1.3605653672842664,-0.5597240604012803
A181_B01-0337,LA191,-0.6665368848492192,0.3875423673360131
A181_B01-0338,LA191,-0.6614609445676208,0.16927031048601102
A181_B01-0340,LA191,-2.5182608184386606,-0.4571049905615401
A181_B01-0341,LA191,-0.4338921117438256,0.0003113984891904148
A181_B01-0342,LA191,-0.3845439504845369,0.9993927680978547
A181_B01-0343,LA191,-0.0017152727754101427,0.24175848812550235
A181_B01-0344,LA191,-0.26182947252709654,0.4102762638784219
A181_B01-0345,LA191,-1.7966352941846473,-0.39182594353183836
A181_B01-0346,LA191,-0.3143419728865526,0.7912940334284799
A181_B01-0347,LA191,1.4096970760350025,0.7342789332160227
A181_B01-0349,LA191,-1.3853431905126734,-0.6662656748449075
CHL_A185_B01-0002,CHL,3.0699143282202983,-1.5636055756657259
CHL_A185_B01-0003,CHL,3.3307368419874464,-1.3599517306057947
CHL_A185_B01-0004,CHL,2.6247371025620336,-0.8165800988657039
CHL_A185_B01-0005,CHL,4.483186895919995,-1.196515994728583
CHL_A185_B01-0006,CHL,2.8632277125434515,-1.3309188034360213
CHL_A185_B01-0007,CHL,3.4067924461930597,-1.1264404242052735
CHL_A185_B01-0008,CHL,2.8418777573852907,-1.5147309025742632
CHL_A185_B01-0009,CHL,0.704515501762231,-1.4324106924159876
CHL_A185_B01-0010,CHL,3.3622627802570118,-1.7554735001955946
CHL_A185_B01-0011,CHL,2.1885735144267553,-1.854874285379884
CHL_A185_B01-0012,CHL,3.9927448382118818,-1.4545219566949474
CHL_A185_B01-0014,CHL,1.0171578122246943,-1.5561914769478573
CHL_A185_B01-0015,CHL,3.5808889818815923,-1.3285389170095283
CHL_A185_B01-0016,CHL,1.2925112089140907,-1.4038652393836284
CHL_A185_B01-0017,CHL,2.07545754432782,-1.5731639744636752
CHL_A185_B01-0018,CHL,2.076057025716944,-1.1963934804415228
CHL_A185_B01-0019,CHL,1.5077080600017543,-1.3355957826198135
CHL_A185_B01-0020,CHL,1.7395458291041508,-0.8820062931630832
CHL_A185_B01-0021,CHL,2.2111411047027225,-1.6705438392779866
CHL_A185_B01-0022,CHL,1.862244729045583,-1.6139673287073097
CHL_A185_B01-0023,CHL,2.8437575674555466,-1.5517485541253158
CHL_A185_B01-0024,CHL,3.2271759730362466,-1.6334305125345383
CHL_A185_B01-0025,CHL,1.7864272067905251,-1.9593680169402807
CHL_A185_B01-0027,CHL,4.876510327447668,-1.065559410163624
CHL_A185_B01-0028,CHL,2.835911396894018,-1.371180465403171
CHL_A185_B01-0029,CHL,2.9552124976212015,-1.251176911354828
CHL_A185_B01-0031,CHL,1.2127234548702321,-1.2812227619371512
CHL_A185_B01-0032,CHL,3.83249889844444,-1.1503607467042447
CHL_A185_B01-0033,CHL,2.8317657998565795,-1.3598640087266425
CHL_A185_B01-0034,CHL,2.9262271679139737,-1.3710825943315919
CHL_A185_B01-0035,CHL,2.7523506118482772,-1.6072476168782446
CHL_A185_B01-0036,CHL,1.90920527408623,-1.2033552736056692
CHL_A185_B01-0037,CHL,1.0371934831369554,-1.4178035261642474
CHL_A185_B01-0038,CHL,1.7541058194735002,-1.4172637141834665
CHL_A185_B01-0039,CHL,3.436159858827517,-1.2159873396319756
CHL_A185_B01-0040,CHL,3.582707708646846,-1.654020346230078
CHL_A185_B01-0041,CHL,2.904051220980203,-1.190452363535804
CHL_A185_B01-0042,CHL,4.333833606877013,-1.6399520404311718
CHL_A185_B01-0043,CHL,3.874257522129385,-1.7021644556177424
CHL_A185_B01-0044,CHL,1.0593693838798703,-2.2279681256263903
CHL_A185_B01-0045,CHL,0.9568669933486895,-1.8093770368088309
CHL_A185_B01-0046,CHL,4.0603803226971955,-1.5284368729553308
CHL_A185_B01-0047,CHL,0.9957934700984483,-1.8055018940554564
CHL_A185_B01-0049,CHL,0.028320006267092884,-1.6386721009243896
CHL_A185_B01-0050,CHL,0.10811519752699875,-2.190959445927983
CHL_A185_B01-0051,CHL,2.572959485741572,-2.0831606546734793
CHL_A185_B01-0052,CHL,0.5252976107986861,-1.854165052258839
CHL_A185_B01-0055,CHL,0.6321834475806938,-2.199733058490606
CHL_A185_B01-0056,CHL,1.0371135982175583,-1.796549594787204
CHL_A185_B01-0057,CHL,0.3723240516698128,-1.853109890760827
CHL_A185_B01-0059,CHL,0.6875938726948365,-1.9521643848351304
CHL_A185_B01-0061,CHL,2.0170413044435938,-1.9337270873267292
CHL_A185_B01-0062,CHL,3.2429818911080655,-1.7104285909891876
CHL_A185_B01-0063,CHL,3.6902933859581797,-1.7134856671547047
CHL_A185_B01-0064,CHL,3.163907313851049,-1.392795408309292
CHL_A185_B01-0065,CHL,3.1752654381929277,-1.3934577583673153
CHL_A185_B01-0066,CHL,1.651110851814307,-1.4442854383782584
CHL_A185_B01-0067,CHL,2.9459405939580914,-1.325454700641049
CHL_A185_B01-0068,CHL,1.8064503801775083,-1.2965606622168813
CHL_A185_B01-0069,CHL,2.880015517787847,-1.5043955158977866
CHL_A185_B01-0070,CHL,2.701999351891286,-1.367011550996167
CHL_A185_B01-0071,CHL,2.263699752885148,-2.158355940225416
CHL_A185_B01-0073,CHL,3.3108669306276943,-1.4846047633617656
CHL_A185_B01-0074,CHL,5.2653658509713495,-1.0378161233456829
CHL_A185_B01-0075,CHL,2.599543256765426,-1.1809824261653925
CHL_A185_B01-0076,CHL,1.3890413196023554,-1.043711158291876
CHL_A185_B01-0077,CHL,3.864754710521911,-1.6310070061104909
CHL_A185_B01-0078,CHL,2.263834628684522,-1.0772375992175718
CHL_A185_B01-0079,CHL,1.661750534552315,-1.2270492425348714
CHL_A185_B01-0080,CHL,3.1635501421692207,-1.2598475895736918
CHL_A185_B01-0081,CHL,3.1568696438647073,-1.3321997515925874
CHL_A185_B01-0082,CHL,3.558365755916638,-1.7363325453688987
CHL_A185_B01-0083,CHL,1.5584143999419708,-1.4619778943668482
CHL_A185_B01-0084,CHL,2.6840879951671366,-1.9993261479196038
CHL_A185_B01-0085,CHL,4.061985644446365,-1.759481113247692
CHL_A185_B01-0086,CHL,1.5734693676584337,-1.1724540917034945
CHL_A185_B01-0087,CHL,2.499596797180481,-1.38499375138624
CHL_A185_B01-0089,CHL,3.7316047626450115,-1.472613948165089
CHL_A185_B01-0090,CHL,0.915269608651325,-2.1650070594549353
CHL_A185_B01-0091,CHL,3.549311037105764,-1.4339104502769204
CHL_A185_B01-0092,CHL,1.2463746358536856,-1.694856696075714
CHL_A185_B01-0094,CHL,1.644352492314724,-1.5511952037259813
CHL_A185_B01-0095,CHL,3.730364821347513,-1.777589286044324
CHL_A185_B01-0097,CHL,4.864327122904981,-1.010114465495024
CHL_A185_B01-0098,CHL,1.4782678552004187,-1.3305966073154354
CHL_A185_B01-0099,CHL,1.7853294686360046,-1.4698476156695752
CHL_A185_B01-0100,CHL,2.850591879985651,-1.604287080043766
CHL_A185_B01-0101,CHL,4.07581343724961,-1.3320671959063244
CHL_A185_B01-0102,CHL,2.4963072018985946,-1.3808914213631875
CHL_A185_B01-0103,CHL,0.704889028998789,-1.5672021336490574
CHL_A185_B01-0104,CHL,0.4597916581200494,-1.8855685851611141
CHL_A185_B01-0105,CHL,1.8945579765316929,-1.5157780137003976
CHL_A185_B01-0106,CHL,1.8140738169376232,-1.9484308110621906
CHL_A185_B01-0107,CHL,1.8447730391986863,-1.4368127519203655
CHL_A185_B01-0108,CHL,3.9891791294119465,-1.0627259066322896
CHL_A185_B01-0109,CHL,3.9601283936474396,-1.1974366753820993
CHL_A185_B01-0110,CHL,2.005620657399572,-1.1887819359094
CHL_A185_B01-0111,CHL,2.606817620981135,-1.9242932860296458
CHL_A185_B01-0112,CHL,2.428944413041838,-1.3556554515983215
CHL_A185_B01-0113,CHL,3.264064970129208,-0.9644138124620313
CHL_A185_B01-0114,CHL,2.730524728687111,-0.6111078339259909
CHL_A185_B01-0115,CHL,0.8668179060837374,-1.7896687061739935
CHL_A185_B01-0116,CHL,3.962331841057013,-1.4644024466350969
CHL_A185_B01-0117,CHL,4.807169367640704,-1.4052414361290326
CHL_A185_B01-0118,CHL,2.284508313943226,-1.0310489653856707
CHL_A185_B01-0119,CHL,1.6537036055108711,-1.7136243385190215
CHL_A185_B01-0120,CHL,4.795660864466186,-1.2612859956609328
CHL_A185_B01-0122,CHL,1.5038772155394868,-1.4649893491965627
CHL_A185_B01-0123,CHL,3.950419891617634,-1.3188181775056393
CHL_A185_B01-0124,CHL,1.7154337893741918,-1.173685212979604
CHL_A185_B01-0126,CHL,2.1417328356591967,-1.3857287866298151
CHL_A185_B01-0127,CHL,4.005175034484682,-1.4819035434674086
CHL_A185_B01-0128,CHL,3.192676540675418,-1.483356502824625
CHL_A185_B01-0129,CHL,3.75904231253075,-1.284779128299558
CHL_A185_B01-0130,CHL,4.691668761690696,-1.5436026278271742
CHL_A185_B01-0131,CHL,1.4623636246171223,-1.6105680740099255
CHL_A185_B01-0132,CHL,3.8596556071832,-1.4130533585443001
CHL_A185_B01-0133,CHL,3.1989401892784923,-1.567056034854495
CHL_A185_B01-0134,CHL,1.9358174670433086,-1.4949762307893437
CHL_A185_B01-0135,CHL,1.9758158286058765,-1.0702040425067225
CHL_A185_B01-0136,CHL,2.1915359685388256,-1.5202887327372228
CHL_A185_B01-0137,CHL,2.524242586458413,-1.752386650268848
CHL_A185_B01-0138,CHL,2.107122248710694,-1.5700890052766303
CHL_A185_B01-0139,CHL,2.5286823167275183,-1.834724743237203
CHL_A185_B01-0140,CHL,3.9066183995837194,-1.5353695844092745
CHL_A185_B01-0141,CHL,1.0095048991248283,-2.2432579136589066
CHL_A185_B01-0142,CHL,3.6468619407685674,-0.8651897094350867
CHL_A185_B01-0145,CHL,1.2531378875122525,-1.1939360179325493
CHL_A185_B01-0146,CHL,1.7368171613723782,-1.4647497103564744
CHL_A185_B01-0147,CHL,1.8691775782264617,-1.605001941336921
CHL_A185_B01-0148,CHL,2.9957228616947695,-1.668419460184683
CHL_A185_B01-0149,CHL,3.732404225694803,-1.530375875942623
CHL_A185_B01-0150,CHL,1.8746189302294605,-1.5754643184282076
CHL_A185_B01-0151,CHL,0.2963055203961157,-1.3679375422312718
CHL_A185_B01-0153,CHL,2.982997804553205,-1.3646888371602106
CHL_A185_B01-0154,CHL,2.71537945407281,-1.6689468123566218
CHL_A185_B01-0155,CHL,1.4847139543469279,-1.8641968776153583
CHL_A185_B01-0156,CHL,4.101349664596185,-1.7802291713082574
CHL_A185_B01-0158,CHL,2.621586200387656,-2.0649221951853503
CHL_A185_B01-0159,CHL,2.685616755513,-2.11103798426782
CHL_A185_B01-0160,CHL,0.8705589790637351,-1.5250864321042779
CHL_A185_B01-0161,CHL,0.4756867556654682,-1.642195054092047
CHL_A185_B01-0162,CHL,-0.5280379802393431,-1.971298409738205
CHL_A185_B01-0163,CHL,2.30266695515506,-1.8450985489311365
CHL_A185_B01-0164,CHL,3.9547293701239186,-1.964223358455881
CHL_A185_B01-0165,CHL,3.7789617517582172,-1.9133471358575445
CHL_A185_B01-0166,CHL,2.987450073459221,-1.9002270294201167
CHL_A185_B01-0167,CHL,1.307396467246784,-1.9345932467403961
CHL_A185_B01-0168,CHL,3.4820984388618466,-1.6590821315497257
CHL_A185_B01-0169,CHL,0.4364921991672517,-2.0356437129236924
CHL_A185_B01-0170,CHL,2.825458163781213,-1.6865552552518965
CHL_A185_B01-0172,CHL,4.642808464599711,-1.808699949173303
CHL_A185_B01-0174,CHL,1.7263519597027912,-2.047822346582244
CHL_A185_B01-0175,CHL,1.1176598876674566,-1.7125363477121194
CHL_A185_B01-0176,CHL,0.7532531186573154,-1.7217226615352792
CHL_A185_B01-0177,CHL,2.692633924849364,-2.2834356002236067
CHL_A185_B01-0178,CHL,0.5882305470109954,-2.275285081406533
CHL_A185_B01-0179,CHL,1.9638535795077625,-1.6844280463797887
CHL_A185_B01-0180,CHL,1.702120210889131,-1.4862421213802541
CHL_A185_B01-0181,CHL,0.0740922588112004,-1.7615405760245844
CHL_A185_B01-0183,CHL,2.3761849216651445,-2.350405583891299
CHL_A185_B01-0188,CHL,1.5368912012537315,-2.2546498377969297
CHL_A185_B01-0189,CHL,3.23840006780135,-1.5977931333902535
CHL_A185_B01-0190,CHL,3.0690757841689567,-2.009487689984361
CHL_A185_B01-0191,CHL,1.719589197387035,-1.4654258651719863
CHL_A185_B01-0194,CHL,1.8173408252062269,-2.1051185369041283
CHL_A185_B01-0196,CHL,4.072563143703632,-1.7137271578440643
CHL_A185_B01-0197,CHL,0.2784545076254201,-2.024504421990721
CHL_A185_B01-0198,CHL,-0.2972528872276553,-1.934022462000039
CHL_A185_B01-0199,CHL,1.0986973573425063,-2.1224666085126356
CHL_A185_B01-0203,CHL,2.5100745110284284,-2.0615992978065467
CHL_A185_B01-0204,CHL,3.0780023827492764,-1.8049150759102868
CHL_A185_B01-0205,CHL,0.7994120147611721,-1.6170577086351645
CHL_A185_B01-0206,CHL,3.351145253124668,-1.673403241633349
CHL_A185_B01-0209,CHL,-0.18018030992611006,-1.5246489961610432
CHL_A185_B01-0213,CHL,2.8491056573635936,-1.6780091094578857
CHL_A185_B01-0214,CHL,0.987860303863949,-1.833925114640252
CHL_A185_B01-0215,CHL,0.5716775395635589,-1.9636849283895157
CHL_A185_B01-0218,CHL,1.3218488847151182,-2.282317498868389
CHL_A185_B01-0219,CHL,0.6623792521516245,-2.2603119763789037
CHL_A185_B01-0220,CHL,1.839203988461386,-2.4470447087628355
CHL_A185_B01-0221,CHL,0.8600899431569474,-1.9030205885603553
CHL_A185_B01-0222,CHL,1.8328437701338058,-2.2198315414133805
CHL_A185_B01-0227,CHL,2.7009224572227155,-1.5912864685652621
CHL_A185_B01-0230,CHL,4.559516443394281,-1.5521055281041742
CHL_A185_B01-0231,CHL,1.328762077432633,-2.1929221834792156
CHL_A185_B01-0232,CHL,-0.040843695248251516,-1.911173665646451
CHL_A185_B01-0233,CHL,2.0401867165231335,-1.7921846207088146
CHL_A185_B01-0234,CHL,1.9398234586275307,-2.6362053233841154
CHL_A185_B01-0236,CHL,1.5952430036425562,-1.3548311445611667
CHL_A185_B01-0238,CHL,1.9078016358308674,-1.550022283049849
CHL_A185_B01-0240,CHL,2.4594204002231765,-1.5098103199115127
CHL_A185_B01-0241,CHL,2.696983583333829,-0.9748375950721412
CHL_A185_B01-0242,CHL,2.886644352909788,-1.5849094493106053
CHL_A185_B01-0243,CHL,2.2754328498322804,-0.9300689738090894
CHL_A185_B01-0244,CHL,3.944359158459605,-0.9824069546184828
CHL_A185_B01-0245,CHL,3.4213026944763847,-1.1473717660503475
CHL_A185_B01-0246,CHL,2.142209823235637,-1.2568987705938586
CHL_A185_B01-0247,CHL,3.1021993215676837,-0.9912193923149697
CHL_A185_B01-0248,CHL,1.2857588470461896,-1.140590767591775
CHL_A185_B01-0249,CHL,2.8312226997164305,-1.1470873377827737
CHL_A185_B01-0250,CHL,2.1713890909836158,-1.5957912471415523
CHL_A185_B01-0251,CHL,1.1045919284245052,-1.264697512420551
CHL_A185_B01-0252,CHL,2.082371114205104,-1.1082564376553112
CHL_A185_B01-0255,CHL,3.1241820460904903,-1.3642898124786271
CHL_A185_B01-0256,CHL,1.560581968284532,-1.4884103048406572
CHL_A185_B01-0257,CHL,0.9465492591814464,-1.2808789714486484
CHL_A185_B01-0258,CHL,2.1295663425311258,-1.09613027002792
CHL_A185_B01-0259,CHL,0.9685767806636598,-1.4276671898092779
CHL_A185_B01-0260,CHL,1.9376772151753232,-1.436740341982676
CHL_A185_B01-0261,CHL,1.609562350424551,-1.457776819002701
CHL_A185_B01-0262,CHL,-0.24210415072531216,-1.4671265673500538
CHL_A185_B01-0263,CHL,2.0792890886690194,-0.7297306952926811
CHL_A185_B01-0265,CHL,3.698321029695156,-1.0481354390343884
CHL_A185_B01-0266,CHL,2.3011207108287843,-1.4731019393198652
CHL_A185_B01-0267,CHL,1.7045299489663468,-1.6573256831933705
CHL_A185_B01-0268,CHL,0.21219928694434628,-1.5581853916283241
CHL_A185_B01-0269,CHL,1.1068299364035636,-1.4363088457176938
CHL_A185_B01-0270,CHL,1.6976337294456418,-1.371506823912585
CHL_A185_B01-0271,CHL,1.57587581473351,-1.7622538447178115
CHL_A185_B01-0272,CHL,4.088381111151967,-1.0689648230038504
CHL_A185_B01-0273,CHL,1.7240914997162577,-1.201727186386453
CHL_A185_B01-0274,CHL,-0.2491595312495802,-0.9976595281987761
CHL_A185_B01-0275,CHL,3.218287102768346,-0.8479589583030593
CHL_A185_B01-0276,CHL,4.124560053910789,-1.0734003510226244
CHL_A185_B01-0277,CHL,1.6896010366286986,-1.4222154783948224
CHL_A185_B01-0278,CHL,1.8409881940525124,-1.3052222173720647
CHL_A185_B01-0280,CHL,1.0472074564578848,-1.4848316527016276
CHL_A185_B01-0281,CHL,3.0179118543255274,-1.0948014808346183
CHL_A185_B01-0282,CHL,2.1012947836218285,-1.0779799300177104
CHL_A185_B01-0284,CHL,1.6952284427844984,-1.3689779405270204
CHL_A185_B01-0286,CHL,1.0174006059959122,-1.3915400670234797
CHL_A185_B01-0287,CHL,2.07216370379704,-1.78380831243801
CHL_A185_B01-0288,CHL,-0.09152145557386068,-1.3384945588988408
CHL_A185_B01-0289,CHL,1.5606945664791756,-1.304922058013074
CHL_A185_B01-0290,CHL,1.81810501154159,-1.5850290427444091
CHL_A185_B01-0291,CHL,1.5327699337420546,-1.3165276878036547
CHL_A185_B01-0293,CHL,2.5660556282234763,-1.6139937037059875
CHL_A185_B01-0294,CHL,1.7867416855173262,-1.4493704825404081
CHL_A185_B01-0295,CHL,2.132750760975045,-1.363387221623509
CHL_A185_B01-0296,CHL,0.5177262017457346,-1.116012570597502
CHL_A185_B01-0297,CHL,0.4248032870780223,-1.5096730446893738
CHL_A185_B01-0298,CHL,3.2731108933747772,-1.0940391127422209
CHL_A185_B01-0299,CHL,2.5057041418649693,-1.7362818098419213
CHL_A185_B01-0300,CHL,3.2636593132789367,-1.104964395921031
CHL_A185_B01-0301,CHL,2.214074238045855,-1.5155108253000897
CHL_A185_B01-0302,CHL,3.015719113761776,-1.3650492732575699
CHL_A185_B01-0303,CHL,3.9148090395345196,-1.2514572988860972
CHL_A185_B01-0304,CHL,2.4972472773340106,-1.3151281484919015
CHL_A185_B01-0305,CHL,2.05407886578255,-1.5049465036875311
CHL_A185_B01-0306,CHL,1.6748808568291476,-1.1599487333613328
CHL_A185_B01-0307,CHL,1.4449041200665314,-1.7240633456625383
CHL_A185_B01-0308,CHL,1.5330116270726977,-1.323828413777181
CHL_A185_B01-0309,CHL,0.35811699756034,-1.3787087964660192
CHL_A185_B01-0310,CHL,2.852382837547322,-0.8788258551476815
CHL_A185_B01-0311,CHL,1.7666634892052695,-1.8024604816089584
CHL_A185_B01-0312,CHL,1.960714303112324,-1.6459845810200984
CHL_A185_B01-0313,CHL,2.743578314823466,-1.3357302929582298
CHL_A185_B01-0314,CHL,0.9233681522889239,-1.246725522668944
CHL_A185_B01-0315,CHL,2.2038078560307133,-1.1532267188928942
CHL_A185_B01-0316,CHL,3.050232054084262,-1.6525669098613749
CHL_A185_B01-0317,CHL,-0.15860891559791457,-1.3781558808569923
CHL_A185_B01-0318,CHL,1.980548554820964,-1.575207958077732
CHL_A185_B01-0319,CHL,2.6777575639188536,-1.629690631042308
CHL_A185_B01-0320,CHL,0.7841076550341713,-0.9200581752559691
CHL_A185_B01-0321,CHL,1.9430692013464261,-1.060186016522825
CHL_A185_B01-0322,CHL,2.4296820201895892,-0.9539618018267417
CHL_A185_B01-0323,CHL,2.441964196022031,-1.4243717455595681
CHL_A185_B01-0324,CHL,2.3196871901618734,-0.8599130321305751
CHL_A185_B01-0325,CHL,1.2270323159122272,-1.737577167408933
CHL_A185_B01-0326,CHL,1.4653093482634167,-1.6275992384441955
CHL_A185_B01-0327,CHL,0.8847662916016951,-1.5313914707286127
CHL_A185_B01-0328,CHL,1.520145758099475,-1.7169669775474536
CHL_A185_B01-0329,CHL,2.712155914018305,-1.727613128843562
CHL_A185_B01-0330,CHL,2.0347930399485623,-1.6411489562044004
CHL_A185_B01-0331,CHL,4.252435823074011,-1.7037595409731359
CHL_A185_B01-0332,CHL,4.038220814983963,-1.5204086601934748
CHL_A185_B01-0333,CHL,3.2347871587903425,-1.7768640718323836
CHL_A185_B01-0334,CHL,1.8616058268375566,-1.8436924394987992
CHL_A185_B01-0335,CHL,2.4300954232907963,-1.7275462482648358
CHL_A185_B01-0336,CHL,2.5888198683142187,-1.700516272699035
CHL_A185_B01-0337,CHL,1.953233452867012,-1.71846817030902
CHL_A185_B01-0338,CHL,2.1093704981423858,-1.93138607667515
CHL_A185_B01-0339,CHL,1.8476222974011571,-1.7160313105224727
CHL_A185_B01-0340,CHL,1.5925331290630607,-1.2483535461992934
CHL_A185_B01-0341,CHL,2.136843630626909,-2.0155060398519273
CHL_A185_B01-0342,CHL,2.221577761895654,-1.473598562911042
CHL_A185_B01-0343,CHL,0.3812179190101236,-1.7471589770773357
CHL_A185_B01-0344,CHL,1.8050885004763122,-1.9426054599873073
CHL_A185_B01-0345,CHL,2.4784797630063786,-1.9052857899102966
CHL_A185_B01-0346,CHL,2.8410683035708195,-1.6782500689801376
CHL_A185_B01-0347,CHL,1.8968928503197255,-1.585609373060012
CHL_A185_B01-0348,CHL,1.737248076056967,-0.9975193797960757
CHL_A185_B01-0349,CHL,2.060733029743737,-1.342796499973604
CHL_A185_B01-0350,CHL,2.961702185231919,-0.869022774411767
FRL_B01-0001,FRL,1.6338767747787388,1.6950102890622738
FRL_B01-0002,FRL,1.2113479207719837,2.0388124843292585
FRL_B01-0003,FRL,2.9933756607915845,2.3611597886224143
FRL_B01-0004,FRL,3.96999961046506,2.1054303495154665
FRL_B01-0005,FRL,1.3294666476668946,1.8646858026259137
FRL_B01-0006,FRL,4.567510011311001,2.4907719750192996
FRL_B01-0007,FRL,3.7677846495397413,2.3222322449873465
FRL_B01-0009,FRL,3.6795332157642147,1.3644511722383876
FRL_B01-0010,FRL,4.306463904655698,1.6942168939452984
FRL_B01-0011,FRL,4.688821214510301,2.069016667465567
FRL_B01-0012,FRL,5.690313617898372,2.0906207109326633
FRL_B01-0013,FRL,3.0270330777999552,1.519043799177394
FRL_B01-0014,FRL,5.076432772459811,1.7401558859659747
FRL_B01-0015,FRL,2.9594911165769693,1.1250688756750173
FRL_B01-0016,FRL,7.166899746723635,2.1181058419580445
FRL_B01-0017,FRL,9.126405764084126,3.179603119865768
FRL_B01-0018,FRL,4.779242528973702,1.846671533805026
FRL_B01-0019,FRL,3.7256708846033844,1.1078569087076946
FRL_B01-0020,FRL,4.982700341924025,1.9757807189002312
FRL_B01-0021,FRL,3.187023367018373,1.1884304308484872
FRL_B01-0022,FRL,0.4362454512305325,1.0189003569071287
FRL_B01-0023,FRL,4.034710257040335,1.4606018970282566
FRL_B01-0024,FRL,2.764123357112222,1.4053214480420175
FRL_B01-0025,FRL,3.435962046262251,1.357854326676856
FRL_B01-0026,FRL,2.2289573116343764,1.26247601901733
FRL_B01-0027,FRL,1.6590322929802663,1.3378680220452626
FRL_B01-0028,FRL,0.752423767216456,1.4320803887757896
FRL_B01-0030,FRL,2.6990251706590187,2.0509433944863726
FRL_B01-0031,FRL,2.4531832128288205,1.7905634161165438
FRL_B01-0032,FRL,4.8762592129161195,2.2394278218638024
FRL_B01-0033,FRL,2.6539719758655473,1.8460560526141556
FRL_B01-0034,FRL,7.745932452823341,2.436889155405199
FRL_B01-0035,FRL,1.644878636813123,1.9386096554558243
FRL_B01-0036,FRL,3.6421758155765027,2.0246150355895964
FRL_B01-0037,FRL,1.8289729277411966,1.4229706294253575
FRL_B01-0038,FRL,7.038565771037798,2.828292220524061
FRL_B01-0039,FRL,5.185172248401854,1.8265924779788283
FRL_B01-0040,FRL,3.75018309036819,1.6875479105417928
FRL_B01-0041,FRL,5.2538834960730965,2.2087069817385703
FRL_B01-0042,FRL,1.9663408730291305,1.8058133763044995
FRL_B01-0043,FRL,0.3947397581503992,0.8854448596150778
FRL_B01-0044,FRL,1.4360956061839354,1.3799821889866144
FRL_B01-0045,FRL,3.438104113529733,1.8887636595151687
FRL_B01-0046,FRL,6.5615908229929225,2.861034795548808
FRL_B01-0047,FRL,3.160797272564407,2.303961150718961
FRL_B01-0048,FRL,3.572684482604044,1.3965791311972346
FRL_B01-0049,FRL,0.4269012569217756,0.969736913713326
FRL_B01-0051,FRL,4.4905563290288235,1.9596410879829653
FRL_B01-0052,FRL,0.9554306362505927,0.7263715177849189
FRL_B01-0053,FRL,1.2047712446240781,0.9274309029503848
FRL_B01-0054,FRL,1.7453484796348946,1.3153301406635698
FRL_B01-0055,FRL,1.3133218996733698,1.5070373303824542
FRL_B01-0057,FRL,0.49834627313407687,0.9697658283962017
FRL_B01-0058,FRL,3.9980672376164903,1.7781121702916194
FRL_B01-0059,FRL,4.502204661631367,1.992902562757333
FRL_B01-0060,FRL,4.886849772375019,2.1192557905224643
FRL_B01-0061,FRL,-0.18001507533077232,2.0125339385807797
FRL_B01-0064,FRL,2.5550144595796227,2.3100321581052556
FRL_B01-0065,FRL,3.070665983583723,2.49946848925451
FRL_B01-0066,FRL,2.574498771237035,1.9504223693444835
FRL_B01-0067,FRL,3.2890998682437362,1.8101907461891706
FRL_B01-0068,FRL,2.511069549249006,2.265434384153644
FRL_B01-0069,FRL,1.1177307998287522,1.8297934666708056
FRL_B01-0070,FRL,3.454197265586094,1.4970604470770408
FRL_B01-0071,FRL,2.4501521366013295,1.3620946569184305
FRL_B01-0072,FRL,5.585881823442103,2.486247100375398
FRL_B01-0073,FRL,1.1002377089225486,1.5175814254423587
FRL_B01-0074,FRL,4.925306552640191,2.3442268559472836
FRL_B01-0075,FRL,3.1025936922104966,1.5156718577404282
FRL_B01-0076,FRL,4.9880141836040846,2.096554044190843
FRL_B01-0077,FRL,1.6081264519554352,1.0580200640080981
FRL_B01-0078,FRL,1.570511492253115,1.7176818128618483
FRL_B01-0079,FRL,-0.44683944965295463,1.3064289466081367
FRL_B01-0080,FRL,4.490136259141866,2.0049340928239747
FRL_B01-0081,FRL,4.313547742951739,2.2822626830632906
FRL_B01-0082,FRL,4.927800307620208,2.3843434889854196
FRL_B01-0084,FRL,4.6507769800054115,2.642631316580208
FRL_B01-0085,FRL,5.613989182667096,2.4514484666847105
FRL_B01-0086,FRL,0.9004111281564653,2.0262542139480972
FRL_B01-0087,FRL,5.384327387609068,1.9296748346302102
FRL_B01-0088,FRL,1.1254706272221617,0.3463648467742221
FRL_B01-0089,FRL,1.0581743847359733,0.9158969795035601
FRL_B01-0090,FRL,7.939190817270962,3.004638226801367
FRL_B01-0091,FRL,1.9065958345976564,2.0533127762261687
FRL_B01-0092,FRL,1.9848875078957855,1.7776998705899691
FRL_B01-0096,FRL,6.091495831271207,2.11881967574357
FRL_B01-0097,FRL,4.166690384409797,1.7470703586170169
FRL_B01-0098,FRL,2.5180273310082186,2.031486628993523
FRL_B01-0100,FRL,1.4729776643345658,1.767675671159853
FRL_B01-0101,FRL,3.4942646422562142,2.4587372694765457
FRL_B01-0103,FRL,4.968451250456637,2.1468409742413908
FRL_B01-0104,FRL,4.10145347850056,2.1356615373340793
FRL_B01-0105,FRL,3.4056659885571623,1.4514326034961955
FRL_B01-0106,FRL,5.437211851508145,1.9217314059014177
FRL_B01-0107,FRL,2.67047165223609,1.6570467461036928
FRL_B01-0109,FRL,2.956381936767638,1.5821602801381243
FRL_B01-0110,FRL,4.61316982336846,3.2566037933878382
FRL_B01-0111,FRL,2.8678497893370016,1.8601679391950787
FRL_B01-0112,FRL,4.857237522800595,1.524019189172543
FRL_B01-0113,FRL,0.7741340468385237,1.6707002612045567
FRL_B01-0114,FRL,2.174680424682661,1.5238086713194414
FRL_B01-0115,FRL,1.4175927702552866,2.6310398650102456
FRL_B01-0116,FRL,4.525844332083158,2.4441416309407424
FRL_B01-0117,FRL,3.6110158687758918,2.4311414666471154
FRL_B01-0118,FRL,3.879238182954838,2.2688152593154025
FRL_B01-0125,FRL,1.4573544935141705,1.7541195916042274
FRL_B01-0126,FRL,1.166316388161567,1.4976579431561512
FRL_B01-0127,FRL,1.6160631457301398,1.6217687758929913
FRL_B01-0128,FRL,1.4594767155944415,0.873134395012228
FRL_B01-0129,FRL,0.18165858255392228,1.582659914163597
FRL_B01-0130,FRL,0.398098322619697,1.1390139255242868
FRL_B01-0132,FRL,1.7914850774977569,0.6845823363490632
FRL_B01-0133,FRL,3.8787212490264356,1.8789820942533662
FRL_B01-0134,FRL,2.36770732893829,0.9505535059358737
FRL_B01-0135,FRL,4.176459461042578,1.5497020879771122
FRL_B01-0136,FRL,1.5455620700780532,1.3896962320615527
FRL_B01-0137,FRL,1.3206292681075753,1.4127674171225661
FRL_B01-0138,FRL,3.078498106567544,1.747125189983225
FRL_B01-0139,FRL,2.8252876172228465,1.8367639902536166
FRL_B01-0140,FRL,1.5964871545080348,0.8441999293416583
FRL_B01-0141,FRL,3.7009631313694844,2.946391651150215
FRL_B01-0142,FRL,6.660414638838962,1.9548418382662895
FRL_B01-0143,FRL,-0.257055806889443,1.3176871162753754
FRL_B01-0144,FRL,2.787272161473009,1.1293906832124823
FRL_B01-0145,FRL,1.8535127355678975,1.2368317512458606
FRL_B01-0146,FRL,5.340245648263402,2.840623222798391
FRL_B01-0147,FRL,3.4234663478962,2.2942006728753443
FRL_B01-0148,FRL,1.2903421311188146,1.9485943173123728
FRL_B01-0149,FRL,2.8221502307943735,1.5474045335338351
FRL_B01-0150,FRL,6.094459447100281,3.4704590119274115
FRL_B01-0151,FRL,1.1554056938477109,1.4747803902802332
FRL_B01-0152,FRL,1.8822925255129173,1.2682185980379013
FRL_B01-0153,FRL,3.9928685777021364,1.4593308779540684
FRL_B01-0154,FRL,3.785052984356746,1.0464436913485968
FRL_B01-0155,FRL,3.7382369518382594,2.1002381441923044
FRL_B01-0156,FRL,2.894263896045606,2.230744191910169
FRL_B01-0157,FRL,2.948766638689092,0.8232007620818965
FRL_B01-0158,FRL,5.071425174867315,2.3682509638448765
FRL_B01-0159,FRL,5.744084743758097,2.396651816911388
FRL_B01-0160,FRL,2.766896574734229,1.5416939948450359
FRL_B01-0161,FRL,5.018531403844928,1.6866226819330155
FRL_B01-0162,FRL,-0.3677161798759405,0.05936676095622917
FRL_B01-0163,FRL,1.5777969978891002,1.3304477274360602
FRL_B01-0164,FRL,4.01366843492612,1.5635105143253072
FRL_B01-0165,FRL,3.4236528624636304,1.576009737760312
FRL_B01-0166,FRL,5.325623940373512,2.7954367051953035
FRL_B01-0167,FRL,4.642445585150081,2.6378146300801832
FRL_B01-0168,FRL,2.6309059155764,1.3412599518697115
FRL_B01-0169,FRL,3.206134279245924,1.34722557658158
FRL_B01-0170,FRL,-2.051687115436755,0.43605549413783457
FRL_B01-0171,FRL,-2.3335888452605578,1.0124662331439542
FRL_B01-0174,FRL,1.4318887468611536,0.9506491533266955
FRL_B01-0176,FRL,1.187644800626579,0.9984516831140257
FRL_B01-0177,FRL,-2.7307643450667554,0.6906446565955432
FRL_B01-0178,FRL,2.1707636856615125,1.8488161311350277
FRL_B01-0179,FRL,1.3697387696431922,1.625315216291723
FRL_B01-0180,FRL,2.738910526130165,1.4263541297805682
FRL_B01-0181,FRL,2.368759106214224,1.8696772628124863
FRL_B01-0182,FRL,2.8953266487859484,1.0002619338147107
FRL_B01-0183,FRL,0.4352575563613582,0.9325900799767088
FRL_B01-0184,FRL,1.5882227786058474,0.897058063415731
FRL_B01-0185,FRL,2.713322793443799,2.2484539068246425
FRL_B01-0186,FRL,1.9968560912880298,2.105365410938903
FRL_B01-0187,FRL,2.596821999746273,1.339711336673031
FRL_B01-0188,FRL,-2.706299934201367,0.6234748057974857
FRL_B01-0189,FRL,-1.880727844945958,0.6022192284586928
FRL_B01-0190,FRL,-2.1375438110469567,0.06812284931582811
FRL_B01-0191,FRL,-2.384360055272727,0.43084213392267295
FRL_B01-0192,FRL,1.015060900960282,1.0946322589526358
FRL_B01-0193,FRL,1.5176085761807563,1.6001561712096242
FRL_B01-0194,FRL,4.276377822511778,2.1892142083003385
FRL_B01-0195,FRL,2.40859928640809,1.2238617546939228
FRL_B01-0196,FRL,4.966361234866109,2.3315039678707454
FRL_B01-0197,FRL,3.477577454594866,2.947753825610449
FRL_B01-0198,FRL,0.16447605266170268,1.8362059244605078
FRL_B01-0199,FRL,1.1528562512535472,0.9666652817354094
FRL_B01-0201,FRL,2.3184438482853476,1.5747327095230648
FRL_B01-0202,FRL,1.8054099642802903,1.1107204875817909
FRL_B01-0203,FRL,0.9841031140926839,2.0039871058566137
FRL_B01-0204,FRL,1.1358293515877191,1.0253488928720795
FRL_B01-0205,FRL,2.6048684212325246,1.3507603850121168
FRL_B01-0206,FRL,3.2837960337312846,1.7462696516089642
FRL_B01-0207,FRL,2.025463520646251,1.0738686804582342
FRL_B01-0208,FRL,-0.0510964443530926,0.683841151092253
FRL_B01-0209,FRL,-0.5141187225827385,0.6021085008311509
FRL_B01-0210,FRL,1.3483000217072225,1.7164982770402146
FRL_B01-0211,FRL,2.3954369031838967,1.2330469930635959
FRL_B01-0212,FRL,-0.2620024755804854,0.9092557170238642
FRL_B01-0213,FRL,1.1952983222268,1.3783172155842633
FRL_B01-0214,FRL,1.3098947757730135,1.5045081635030764
FRL_B01-0215,FRL,1.6162698373737932,1.5977797149658073
FRL_B01-0216,FRL,0.9283442352989066,1.56275582106585
FRL_B01-0217,FRL,-0.8094423279209851,1.0181183246352976
FRL_B01-0219,FRL,1.3376521506584527,1.736273774617117
FRL_B01-0220,FRL,3.82068193933797,2.417524442033943
FRL_B01-0221,FRL,3.4113011007941707,1.7465137241498319
FRL_B01-0222,FRL,2.013393863957389,1.4108740632532397
FRL_B01-0223,FRL,0.8023353720361419,1.6770030896611192
FRL_B01-0224,FRL,2.272051678533057,0.9580615046483367
FRL_B01-0225,FRL,-0.2159728732763313,1.3744331441819408
FRL_B01-0226,FRL,5.804138805244676,1.5843347604207207
FRL_B01-0227,FRL,-3.190106333968263,0.2546317140590398
FRL_B01-0229,FRL,-1.270946015835774,0.21719910215663796
FRL_B01-0230,FRL,1.9810664410241587,2.0474921499931136
FRL_B01-0231,FRL,4.42634949812193,2.1218612979468956
FRL_B01-0232,FRL,4.69553969658939,1.5091346383268007
FRL_B01-0233,FRL,4.447735181645512,1.4392554845551873
FRL_B01-0235,FRL,-2.9580822064444208,0.5221577121200638
FRL_B01-0236,FRL,1.5595859208114742,0.6563447653278792
FRL_B01-0240,FRL,1.940090967662968,1.6246968369495822
FRL_B01-0241,FRL,0.6817184114313621,0.7560851681831567
FRL_B01-0242,FRL,-1.0886606082062584,1.2567417731431367
FRL_B01-0243,FRL,-3.3081266837597965,0.5871234038953173
FRL_B01-0245,FRL,-1.8480082146220498,0.34650909280205816
FRL_B01-0247,FRL,-0.6495335494018233,0.4501690255442225
FRL_B01-0248,FRL,-3.031145938220454,0.516718022682204
FRL_B01-0249,FRL,-0.8157576732575773,1.6273804011713127
FRL_B01-0251,FRL,2.3481844552120346,1.0529859587924633
FRL_B01-0252,FRL,1.868988672504929,1.3440433112556278
FRL_B01-0253,FRL,0.1363305603034212,1.1374203732589425
FRL_B01-0254,FRL,1.420953212286904,1.6674887755992134
FRL_B01-0255,FRL,-0.08311031242026008,1.323970368752911
FRL_B01-0256,FRL,-0.06358874139611478,0.8245880319132886
FRL_B01-0258,FRL,2.351032215959186,1.88785716787457
FRL_B01-0259,FRL,-1.0911736996448123,0.44011231937043005
FRL_B01-0260,FRL,3.4260402935194834,1.7371845076087102
FRL_B01-0261,FRL,1.15440232413461,1.3871497243615696
FRL_B01-0262,FRL,0.15437270889443086,0.5397845091171158
FRL_B01-0263,FRL,2.7598597988318305,1.5912650674170823
FRL_B01-0264,FRL,0.14658788968931608,0.9490861281265826
FRL_B01-0265,FRL,1.656368641612116,1.4326727430191366
FRL_B01-0266,FRL,2.498842737090867,1.1721351688890214
FRL_B01-0268,FRL,-0.1473674527887016,1.0950066175620334
FRL_B01-0269,FRL,1.1165973342844102,1.1488920762969632
FRL_B01-0270,FRL,0.4581729630940118,1.7059099587309519
FRL_B01-0271,FRL,-0.23778838442386305,0.9395449645429499
FRL_B01-0273,FRL,1.0741078135199662,1.26040612084886
FRL_B01-0274,FRL,1.9538912367674526,1.7668906346104831
FRL_B01-0275,FRL,2.0757587107348843,1.039058672677743
FRL_B01-0276,FRL,-0.0571477217495089,0.1730294104308837
FRL_B01-0278,FRL,0.14837217977710082,0.4444652044654054
FRL_B01-0279,FRL,-0.4017412557086831,0.3012698743376722
FRL_B01-0280,FRL,0.2704892027545648,0.7340277554485436
FRL_B01-0281,FRL,0.8037111662030234,0.6490993560244637
FRL_B01-0282,FRL,1.2081727667721902,1.1060304178153855
FRL_B01-0283,FRL,-1.5710278432324336,0.66524453654837
FRL_B01-0284,FRL,0.7200802102198949,1.3184594311113071
FRL_B01-0285,FRL,0.7340552846236746,1.0274944057668527
FRL_B01-0286,FRL,0.7806551499301113,1.511025270792185
FRL_B01-0287,FRL,-0.2898202420534385,1.3381584116361713
FRL_B01-0288,FRL,0.6834892018424474,0.8995845888963027
FRL_B01-0289,FRL,0.1408837825872643,1.0215901969823886
FRL_B01-0290,FRL,3.3624767769907744,1.3333741183838195
FRL_B01-0291,FRL,-0.4970466396852006,0.6622993791400301
FRL_B01-0292,FRL,0.11975488027797687,0.7769251160027177
FRL_B01-0293,FRL,-0.6857505139264287,0.7505443062688908
FRL_B01-0294,FRL,-0.4047084850762294,0.18586751035538948
FRL_B01-0295,FRL,0.1535673444619186,0.8924015847626734
FRL_B01-0296,FRL,-0.06900937293174786,0.8801986761594397
FRL_B01-0297,FRL,3.320109250396703,1.6102794684699768
FRL_B01-0298,FRL,3.1804001417444994,1.0388548783922418
FRL_B01-0299,FRL,3.09936619244614,1.4102958134491705
FRL_B01-0300,FRL,1.8630130003100158,1.1498750250699297
FRL_B01-0301,FRL,2.2693026091385122,1.2142146105466014
FRL_B01-0302,FRL,2.36149525173656,1.4893648763780265
FRL_B01-0304,FRL,-0.702464138795306,0.7395042730100467
FRL_B01-0305,FRL,0.36696026481584537,1.0067186726643116
FRL_B01-0306,FRL,-0.07227653810776702,-0.22304881070361054
FRL_B01-0308,FRL,0.10292594579673199,0.7377152792572007
FRL_B01-0309,FRL,1.2742069690642508,1.0378084777032155
FRL_B01-0310,FRL,-0.9914342145658681,0.6811949925145739
FRL_B01-0311,FRL,-1.1434787599856724,0.6751769037530486
FRL_B01-0314,FRL,-0.3578144209195666,-0.2770555869644497
FRL_B01-0315,FRL,-0.015570548857002774,0.43639401668139494
FRL_B01-0316,FRL,1.0856693054594853,0.7924239154623249
FRL_B01-0318,FRL,1.14032213773882,0.7192618990448102
FTL_B01-0002,FTL,1.7045149321621187,-0.48729831858844425
FTL_B01-0003,FTL,-1.6631283555892082,-0.7180881634797094
FTL_B01-0004,FTL,-2.9874192008754945,-1.1389170517112612
FTL_B01-0005,FTL,-3.818497727243484,-1.3836452138778543
FTL_B01-0006,FTL,0.9241240220005827,0.16915552701857714
FTL_B01-0007,FTL,-3.2695689573391102,-1.3736711750377515
FTL_B01-0008,FTL,1.153972921964066,1.1697654713977355
FTL_B01-0010,FTL,-4.139663719809849,-0.961514423271718
FTL_B01-0012,FTL,-3.6607485423530335,0.9260344985135125
FTL_B01-0013,FTL,0.11016007497457889,1.341594496114708
FTL_B01-0014,FTL,-0.7999936671426944,-0.39326241565442444
FTL_B01-0015,FTL,-2.9889931245073775,-0.7749717706595305
FTL_B01-0016,FTL,-2.86964883665315,-1.1212527626828457
FTL_B01-0017,FTL,3.114936107116383,0.18276316587501854
FTL_B01-0019,FTL,-4.153175117951177,0.9108282710744481
FTL_B01-0020,FTL,0.6239151834905038,1.470438244390394
FTL_B01-0021,FTL,-3.613844126011297,0.98047415317021
FTL_B01-0022,FTL,-1.9337906076506346,-0.18068282508664973
FTL_B01-0023,FTL,1.32258726492416,0.2197944905975455
FTL_B01-0024,FTL,-3.5692697676323792,-1.2549747914872522
FTL_B01-0025,FTL,1.5401586500842228,0.6613905265097778
FTL_B01-0026,FTL,1.4136458034511652,0.49367822724215316
FTL_B01-0027,FTL,0.25080183792867206,0.7563350990324825
FTL_B01-0028,FTL,-0.7945644797804724,-0.9054686884314123
FTL_B01-0029,FTL,1.1714323992204878,0.7738832831228392
FTL_B01-0031,FTL,-0.8300537259750136,-0.5408488786760499
FTL_B01-0032,FTL,-0.6402119743250592,-0.2910429417923497
FTL_B01-0033,FTL,-1.46775921918899,0.715388528549351
FTL_B01-0034,FTL,-1.3836890921743212,1.0584881970334448
FTL_B01-0035,FTL,-3.6687021653739564,0.2096623098853368
FTL_B01-0036,FTL,4.2512920146721775,0.6806299123802165
FTL_B01-0037,FTL,2.0334510455858785,0.007720243619469717
FTL_B01-0038,FTL,-3.4870554771898785,-0.6128966819268871
FTL_B01-0039,FTL,-2.966006539591521,-1.0107895623399616
FTL_B01-0040,FTL,0.9877546929278557,0.613691672965377
FTL_B01-0041,FTL,-2.4206584707563645,0.10206668524835774
FTL_B01-0042,FTL,-3.261826885217221,-1.1493202079958038
FTL_B01-0043,FTL,-2.7448802455881447,-0.39613979385347725
FTL_B01-0044,FTL,-4.840504376976586,-0.13575786416499036
FTL_B01-0045,FTL,-4.851478978885685,0.29053260362911987
FTL_B01-0046,FTL,-2.890229477386818,-1.0701914413962426
FTL_B01-0047,FTL,-1.7612064899188715,-0.8153295759237456
FTL_B01-0048,FTL,-3.8752473601069917,-0.7336133950463418
FTL_B01-0049,FTL,0.8222859539640043,-0.42839093534053946
FTL_B01-0050,FTL,-2.3942287290823336,-1.5722410187328095
FTL_B01-0051,FTL,-1.863541729609195,-0.7747669876397929
FTL_B01-0052,FTL,0.6477245474040652,0.8568983815156132
FTL_B01-0053,FTL,-4.044680058781769,0.4829033852653386
FTL_B01-0054,FTL,4.031673249654806,0.8767439285569653
FTL_B01-0055,FTL,0.9064589122119191,1.2799353322028801
FTL_B01-0056,FTL,-0.5930776514911654,0.3479023002659431
FTL_B01-0057,FTL,-1.383562173046898,-0.3374530750614963
FTL_B01-0058,FTL,-2.356350802163999,-1.1948134421855943
FTL_B01-0059,FTL,1.53249717389483,-0.4572270434679362
FTL_B01-0060,FTL,0.9499221417514448,0.18287857729464993
FTL_B01-0061,FTL,-3.226341078521697,-1.5924347540508745
FTL_B01-0062,FTL,2.289186235188371,0.31527699198228154
FTL_B01-0063,FTL,1.559563411097248,0.9084434429953127
FTL_B01-0064,FTL,1.2396222924450047,1.014502711193861
FTL_B01-0065,FTL,-1.3968912924467334,0.1574764237111658
FTL_B01-0066,FTL,-2.410798153608445,-0.7791008845409948
FTL_B01-0067,FTL,1.5046289817512417,0.5129084846283217
FTL_B01-0068,FTL,4.945143331032524,0.07767838922655068
FTL_B01-0069,FTL,1.5997240938540607,0.26348616255293206
FTL_B01-0070,FTL,6.268329504794117,-0.9135233161781809
FTL_B01-0071,FTL,1.5058752954828742,0.3443406118195642
FTL_B01-0072,FTL,-1.6378164446429102,0.7486996947399637
FTL_B01-0073,FTL,-0.5030576097348715,0.4665606374386273
FTL_B01-0074,FTL,-1.3687563113685037,1.2767699018849008
FTL_B01-0075,FTL,-0.6766825225421811,0.277424918339208
FTL_B01-0076,FTL,2.1596463213656505,0.6671854508356864
FTL_B01-0077,FTL,-0.34295502696817004,0.44617035006766115
FTL_B01-0078,FTL,-2.1406407018540365,-0.5576090822979816
FTL_B01-0079,FTL,1.919114299956866,0.3384907972271324
FTL_B01-0080,FTL,-1.5397204737415415,-0.44182384348062187
FTL_B01-0081,FTL,-1.5320996904341113,0.40518228924554966
FTL_B01-0082,FTL,-1.5919705647955196,-0.13819601815365531
FTL_B01-0083,FTL,0.9042587439132089,0.2021599397221339
FTL_B01-0085,FTL,-2.61017862625905,0.3331923687489328
FTL_B01-0086,FTL,-1.3497082612048599,0.49835765199956616
FTL_B01-0087,FTL,-0.7512609112576083,0.8298723244656575
FTL_B01-0089,FTL,-0.3746791274111543,-0.08997363705671284
FTL_B01-0090,FTL,0.2114529345785555,0.681525613339388
FTL_B01-0091,FTL,-2.6687873439660708,1.1962439623448478
FTL_B01-0092,FTL,-4.7589469804918005,0.900971900959593
FTL_B01-0093,FTL,-0.5275999691394923,0.7061428701094509
FTL_B01-0094,FTL,0.981633681973807,0.3327911347231158
FTL_B01-0095,FTL,-0.5149997928136504,0.7714327559349071
FTL_B01-0096,FTL,-2.2326803790250875,-1.0140118275069032
FTL_B01-0097,FTL,-4.395741393763347,-0.04273982485592584
FTL_B01-0098,FTL,-1.754435581029353,0.5651684042050243
FTL_B01-0099,FTL,0.17741704883963338,0.44381988548376516
FTL_B01-0100,FTL,-0.1812950129497234,0.7475342485082355
FTL_B01-0103,FTL,-4.64155174243226,-1.3806781822624927
FTL_B01-0105,FTL,-3.3304352204828667,-0.08953462526850607
FTL_B01-0106,FTL,-2.086627281613362,0.44743263416194956
FTL_B01-0108,FTL,-0.3998180073334558,1.1703197913429795
FTL_B01-0109,FTL,0.03853069953019035,1.0010843798599733
FTL_B01-0110,FTL,-4.496132392503235,1.4175798011088203
FTL_B01-0111,FTL,-2.5805533782782986,-1.2053270827079785
FTL_B01-0112,FTL,1.874909614770134,1.0908144706688823
FTL_B01-0113,FTL,-4.202915550504769,0.895862387996434
FTL_B01-0114,FTL,1.9296102080340758,0.5647704191778466
FTL_B01-0115,FTL,2.2684707209511954,0.434499527505045
FTL_B01-0116,FTL,0.6167947671782579,-1.4324208636240554
FTL_B01-0117,FTL,-5.085577683832244,-0.08253693637743872
FTL_B01-0118,FTL,-2.023347689792324,0.15449197633816963
FTL_B01-0119,FTL,-1.1454225029763105,-0.4802373102138609
FTL_B01-0121,FTL,-1.9614010556693744,0.6721961849141609
FTL_B01-0122,FTL,-0.06193965832459057,1.2344933451712203
FTL_B01-0123,FTL,-0.41578125432984037,0.17497893571116346
FTL_B01-0124,FTL,-3.786099055225633,-0.652506615152852
FTL_B01-0125,FTL,-0.4305110217419278,1.8332891595908147
FTL_B01-0126,FTL,-0.1794166133101719,1.4058714574999287
FTL_B01-0127,FTL,-3.5410008171155605,-0.30969691197100263
FTL_B01-0128,FTL,-1.1797598875331956,0.08980196473745529
FTL_B01-0129,FTL,1.2170266486247476,2.3714664226999806
FTL_B01-0130,FTL,2.0367422340180448,0.9602704310926282
FTL_B01-0131,FTL,-0.9407670848844739,0.5213434999291405
FTL_B01-0132,FTL,-2.410130259932094,0.5596007544261578
FTL_B01-0133,FTL,-3.22800757476882,0.629430673354297
FTL_B01-0134,FTL,-3.521271110589951,0.19605307335298874
FTL_B01-0136,FTL,-1.7735881976400996,0.25077955118289896
FTL_B01-0137,FTL,-1.1868876170457177,-0.24484222960938037
FTL_B01-0138,FTL,1.3925013326799258,1.3707107759718733
FTL_B01-0139,FTL,-2.973061228741478,-0.46945144745374096
FTL_B01-0142,FTL,-0.27742387645199146,-0.18731596195693095
FTL_B01-0143,FTL,-2.521879631176896,0.7331308299716075
FTL_B01-0144,FTL,-2.8435432989265177,-1.597463605107819
FTL_B01-0145,FTL,-3.327254751351586,0.3778506667083613
FTL_B01-0146,FTL,-1.5015708021457912,-1.3474353604054605
FTL_B01-0147,FTL,-4.302164455079784,-0.03506703691733978
FTL_B01-0148,FTL,-2.726947079182984,0.5277075841830005
FTL_B01-0149,FTL,-1.117001909514176,-0.8526354779534175
FTL_B01-0150,FTL,-0.058853895247360455,0.07619016567728251
FTL_B01-0151,FTL,-3.6251001643170118,-0.0970325385658035
FTL_B01-0152,FTL,-0.14968861426727634,0.7443102181575286
FTL_B01-0153,FTL,-3.06078590212622,0.22309145503804215
FTL_B01-0154,FTL,-1.5527190222187568,-1.3448976196169156
FTL_B01-0155,FTL,0.3804410390826446,0.7311901396114557
FTL_B01-0156,FTL,-3.495363303459096,-1.668521229331876
FTL_B01-0157,FTL,-3.38341367708769,-0.060346556664705404
FTL_B01-0158,FTL,-0.19635525135329568,-0.3012257947630026
FTL_B01-0160,FTL,-0.8239354460604437,0.2931686907301182
FTL_B01-0161,FTL,0.6210329228923909,1.2742823841496396
FTL_B01-0162,FTL,-4.492274407723129,0.17194128122787522
FTL_B01-0163,FTL,-2.3508861664042824,0.04948151075565817
FTL_B01-0164,FTL,-4.022789865991882,-1.3570582467910768
FTL_B01-0165,FTL,1.9824285275240383,0.3227496483270904
FTL_B01-0166,FTL,-2.4496166735651963,-0.1481130484246342
FTL_B01-0167,FTL,-1.2926390666893757,0.6458743745308767
FTL_B01-0168,FTL,-3.898757273168735,-0.6694452646346114
FTL_B01-0169,FTL,-4.512648888729825,-1.0361278199026602
FTL_B01-0170,FTL,-2.942538038707439,-2.0686036145829076
FTL_B01-0171,FTL,-3.4700046442144994,0.13122155355082865
FTL_B01-0172,FTL,-4.732768604588592,-0.07256890724863092
FTL_B01-0173,FTL,-1.400665978189533,-0.5579244337401343
FTL_B01-0174,FTL,1.189736092411413,0.2930131625188069
FTL_B01-0175,FTL,-4.477655033605047,-0.9689630374192297
FTL_B01-0177,FTL,-1.794753779900835,-0.2974828378198814
FTL_B01-0179,FTL,0.5553767674065619,1.3807783928919468
FTL_B01-0180,FTL,-0.0037732947319408707,0.12269032786811845
FTL_B01-0181,FTL,-0.46205538061258244,0.6236857123631572
FTL_B01-0182,FTL,-2.552573693077197,-1.923428418632453
FTL_B01-0184,FTL,-4.983284430791604,0.47156233285778104
FTL_B01-0185,FTL,0.986859061041072,0.5707959921895865
FTL_B01-0186,FTL,0.11164356374236142,-0.4604357761643954
FTL_B01-0187,FTL,0.0855879007821044,-1.2378446750671728
FTL_B01-0188,FTL,1.633088483147467,-0.1742278593980155
FTL_B01-0189,FTL,-1.75960444093538,-0.5396284087207878
FTL_B01-0190,FTL,-2.7688755253021258,-1.895388287186154
FTL_B01-0191,FTL,-2.7811212213319174,-1.0350292523405262
FTL_B01-0192,FTL,0.5030402861000746,0.7256569386297567
FTL_B01-0193,FTL,-2.557049820115865,-0.9619347523664583
FTL_B01-0194,FTL,-3.565881346122792,-1.1750461234446727
FTL_B01-0195,FTL,1.2625683009376607,-0.251906433496085
FTL_B01-0196,FTL,-1.963117171004577,-0.5447623028930412
FTL_B01-0197,FTL,2.7043622573613706,-0.287581782340085
FTL_B01-0198,FTL,0.676269359377012,1.0699066834034001
FTL_B01-0199,FTL,-0.10297161318383938,-0.5669966212565255
FTL_B01-0200,FTL,0.7703904866624935,1.3268425530650136
FTL_B01-0201,FTL,-0.7310664808157278,-0.6211495925917931
FTL_B01-0202,FTL,1.3351597098485268,2.0446850888137917
FWHH_B01-0002,FWHH,0.9901790852326695,1.3452147087238946
FWHH_B01-0003,FWHH,2.124742293007065,1.4923093284214426
FWHH_B01-0005,FWHH,1.5366545390345956,1.880870088434758
FWHH_B01-0006,FWHH,2.3526680412393874,0.9199275303785783
FWHH_B01-0007,FWHH,1.0993823812211005,1.263761526898139
FWHH_B01-0008,FWHH,0.5995819305315228,1.4168978357443685
FWHH_B01-0009,FWHH,1.986804877414077,2.2468667388318737
FWHH_B01-0010,FWHH,0.9606063114851868,1.4152437886378308
FWHH_B01-0011,FWHH,0.3376459028110169,0.7969593719355743
FWHH_B01-0012,FWHH,0.6549775167197883,1.416402124729902
FWHH_B01-0013,FWHH,2.888702499418791,1.5326692162138909
FWHH_B01-0014,FWHH,1.1483189897985064,2.032820098484634
FWHH_B01-0016,FWHH,-0.03148555962786265,1.5522494612108666
FWHH_B01-0017,FWHH,0.8712262552224204,1.9767358345991808
FWHH_B01-0018,FWHH,-0.4832540665874267,1.218825958636336
FWHH_B01-0019,FWHH,-0.6772386854762219,1.0603937298446313
FWHH_B01-0020,FWHH,-0.9868242624447952,1.686525585568892
FWHH_B01-0021,FWHH,-1.3628644403951655,0.6743482082438642
FWHH_B01-0022,FWHH,-0.6250589617044692,0.9511676398962154
FWHH_B01-0023,FWHH,2.764523183041197,2.0776396226542198
FWHH_B01-0024,FWHH,0.7789631597889932,1.2763723309249495
FWHH_B01-0025,FWHH,1.514971405891941,1.732615016082916
FWHH_B01-0026,FWHH,-0.1793002367311167,1.0604649746652857
FWHH_B01-0027,FWHH,-0.29802371058072946,0.510294204582045
FWHH_B01-0028,FWHH,1.925052675178164,2.55818571023476
FWHH_B01-0029,FWHH,0.49116929867232295,1.6500206729440123
FWHH_B01-0030,FWHH,1.4703778418642846,1.6130218502433968
FWHH_B01-0031,FWHH,4.404409730315107,2.754711577811735
FWHH_B01-0032,FWHH,1.6070347680844774,1.852710594696507
FWHH_B01-0033,FWHH,4.174754125841243,2.0041249753349706
FWHH_B01-0034,FWHH,2.153717755715543,1.8580729283086992
FWHH_B01-0035,FWHH,0.6094287893883032,1.6170128128119603
FWHH_B01-0036,FWHH,-0.5208834978670613,0.7917802329245123
FWHH_B01-0037,FWHH,1.0926378884275543,1.1192306541538786
FWHH_B01-0038,FWHH,-0.04187137379849279,0.5483866192613499
FWHH_B01-0039,FWHH,3.5046864477095223,1.6428441274411092
FWHH_B01-0040,FWHH,1.8099290631284046,0.8312181459993451
FWHH_B01-0041,FWHH,0.4053892722986877,1.0644530173452682
FWHH_B01-0042,FWHH,-0.6655768117664221,1.4220810933849453
FWHH_B01-0043,FWHH,1.9295577629872758,1.0407474129229928
FWHH_B01-0044,FWHH,-0.12862753900649782,0.8987918397177005
FWHH_B01-0045,FWHH,1.6933666471930475,1.0396964281828203
FWHH_B01-0046,FWHH,1.1341037334577744,1.7403424429904422
FWHH_B01-0047,FWHH,1.6364607949583068,1.5858812911718498
FWHH_B01-0048,FWHH,-1.0137999870321366,0.9594884471024395
FWHH_B01-0049,FWHH,2.7206460483394093,0.7154641073201242
FWHH_B01-0050,FWHH,-0.8692324888664967,0.5398868731749797
FWHH_B01-0051,FWHH,0.3452572471770851,1.1470626530587869
FWHH_B01-0052,FWHH,4.769238854231066,2.5740907700126097
FWHH_B01-0053,FWHH,0.5408918432260429,1.460327573661665
FWHH_B01-0054,FWHH,1.3969806477950433,1.5131164767230199
FWHH_B01-0055,FWHH,0.8620707764950644,1.683798109873455
FWHH_B01-0056,FWHH,1.0591140652332285,1.5550764766500798
FWHH_B01-0057,FWHH,3.3960402929117546,1.4690234010825414
FWHH_B01-0058,FWHH,2.104518539118453,1.872418268085994
FWHH_B01-0059,FWHH,-1.2734572644525217,0.8333555837966186
FWHH_B01-0060,FWHH,3.965545264059236,1.566805986012336
FWHH_B01-0061,FWHH,1.9296488683535393,1.4135945432172987
FWHH_B01-0062,FWHH,-0.22733767898736412,1.4802107050821438
FWHH_B01-0063,FWHH,-0.8326522112556314,1.0955148020805818
FWHH_B01-0064,FWHH,-0.18694660496461027,1.67951933172555
FWHH_B01-0065,FWHH,1.0435505380728551,1.4911002630332895
FWHH_B01-0066,FWHH,-0.5864426292391552,0.8590626305600959
FWHH_B01-0067,FWHH,2.0410441015876093,1.7100096900812403
FWHH_B01-0068,FWHH,-0.72265996648833,1.2138314280083142
FWHH_B01-0069,FWHH,0.31917022232447056,1.5200360965434252
FWHH_B01-0070,FWHH,0.3978937833195743,1.7442151853386874
FWHH_B01-0071,FWHH,4.028088511505727,2.3254329668367992
FWHH_B01-0072,FWHH,-1.6019833172594258,1.4946029524872044
FWHH_B01-0073,FWHH,-0.06896816600534919,1.7480465765366555
FWHH_B01-0074,FWHH,1.4504464590839208,1.0661468027680117
FWHH_B01-0075,FWHH,0.19463602917852135,0.9127769674000276
FWHH_B01-0076,FWHH,4.533637808503524,1.9541074951052981
FWHH_B01-0077,FWHH,2.4289511240988886,1.8177569744664401
FWHH_B01-0078,FWHH,-0.7101799421725443,0.5556543827496835
FWHH_B01-0079,FWHH,0.8990830016317839,1.5085672721193923
FWHH_B01-0080,FWHH,-0.23267997888742026,1.5662653640138378
FWHH_B01-0081,FWHH,1.313177427240258,1.6543453351471393
FWHH_B01-0082,FWHH,0.9318399893795472,2.0960002096521597
FWHH_B01-0083,FWHH,0.9329250907252591,1.5343899144989244
FWHH_B01-0084,FWHH,1.2820277021093505,1.577828553186499
FWHH_B01-0085,FWHH,0.9036917768409328,1.1890405657588043
FWHH_B01-0086,FWHH,1.1185598252343971,1.3792316682832113
FWHH_B01-0087,FWHH,0.5027633048852803,1.1220138036503917
FWHH_B01-0088,FWHH,1.010670832682234,0.9793256020455258
FWHH_B01-0089,FWHH,3.3885905573548323,1.2691375599757306
KLD_B01-0001,KLD,6.871793109001509,0.9298231802253577
KLD_B01-0002,KLD,4.407861786340075,2.072322016685795
KLD_B01-0003,KLD,8.267220819744267,1.1461839374623057
KLD_B01-0004,KLD,4.723919835295131,0.8975342173452023
KLD_B01-0005,KLD,5.150153441360021,0.3690619983759456
KLD_B01-0006,KLD,2.9959896708681613,0.3683798488168583
KLD_B01-0009,KLD,-0.48535711154229333,-1.169743776127997
KLD_B01-0010,KLD,1.6676258282176595,0.22792761152749988
KLD_B01-0011,KLD,5.220066011309641,1.7425107457046005
KLD_B01-0012,KLD,3.573555962090086,2.1973088677640464
KLD_B01-0013,KLD,2.557016550548317,0.21593297049686316
KLD_B01-0014,KLD,5.119373339479133,0.9238680680325358
KLD_B01-0015,KLD,3.6438160019888177,1.6445730329740276
KLD_B01-0016,KLD,2.4563710203513676,0.3461952712991352
KLD_B01-0017,KLD,4.0749249004879635,1.3485778191348545
KLD_B01-0018,KLD,5.014320087612145,1.9124676588259466
KLD_B01-0019,KLD,6.906939355563032,0.8243575463278163
KLD_B01-0020,KLD,4.434871641315127,0.9080904392511148
KLD_B01-0021,KLD,5.705199683202138,1.0278469470022353
KLD_B01-0022,KLD,6.265009093375578,2.6193587384301606
KLD_B01-0023,KLD,4.845510415992245,1.4703146752811471
KLD_B01-0025,KLD,-0.40078835182149136,0.22162965372772678
KLD_B01-0026,KLD,0.7272591876725022,-0.08786592895589368
KLD_B01-0027,KLD,5.059854456886167,0.7707973819113185
KLD_B01-0028,KLD,4.070578555377263,1.6059528262735672
KLD_B01-0029,KLD,1.9493869277604798,0.15279554545489507
KLD_B01-0030,KLD,1.1984116428995595,-1.064250790789261
KLD_B01-0032,KLD,5.222637748972517,1.6835773255528903
KLD_B01-0033,KLD,3.8261840262631326,0.8542223511464028
KLD_B01-0034,KLD,4.960934667790889,0.9886841453227622
KLD_B01-0035,KLD,3.2715203509895443,0.4651599357520757
KLD_B01-0037,KLD,4.523644730713937,3.1447943499985005
KLD_B01-0038,KLD,1.5041768274046095,0.21540211442068444
KLD_B01-0039,KLD,0.14062842382918575,-0.25174001285349074
KLD_B01-0041,KLD,0.7643321969565078,0.3427386361038285
KLD_B01-0042,KLD,4.502707454482801,2.341911894923649
KLD_B01-0043,KLD,3.096631805348455,1.709751883876526
KLD_B01-0044,KLD,4.973795395390382,1.5660986212330237
KLD_B01-0045,KLD,5.4182849325671105,2.3609160878667055
KLD_B01-0046,KLD,1.204235198575375,0.19749334548638228
KLD_B01-0047,KLD,2.2399889021600736,0.8512951169948442
KLD_B01-0048,KLD,-2.139871828937037,-0.21081126314753423
KLD_B01-0049,KLD,2.530666915794309,0.9883129864198625
KLD_B01-0050,KLD,4.032776061471156,1.509221552637967
KLD_B01-0051,KLD,0.19271377417680752,0.394399135405319
KLD_B01-0053,KLD,0.809247428174698,1.0522645877700387
KLD_B01-0054,KLD,1.8722603345507884,1.0112427226966534
KLD_B01-0055,KLD,2.8180707448043947,-0.16915493089365802
KLD_B01-0056,KLD,3.4086475292865086,-0.0036427149236576972
KLD_B01-0057,KLD,1.4996415407170451,-0.14550671981633256
KLD_B01-0058,KLD,3.1043224244686582,1.0546149132017109
KLD_B01-0059,KLD,1.974869654044882,0.5186757242437884
KLD_B01-0060,KLD,2.4469203541643885,0.40254855524276933
KLD_B01-0061,KLD,3.7255351720654115,0.6026176036632949
KLD_B01-0062,KLD,2.508489174671886,0.9181520397852654
KLD_B01-0064,KLD,6.194951389067563,1.3310819821314372
KLD_B01-0065,KLD,4.478223671924352,0.5652527938143574
KLD_B01-0066,KLD,4.63342400053879,1.399419034464664
KLD_B01-0067,KLD,5.850305315095968,0.6282643527469092
KLD_B01-0068,KLD,3.7271435341574595,-0.14617842027363742
KLD_B01-0069,KLD,4.386329115297304,1.161656657735649
KLD_B01-0070,KLD,5.174500693154735,0.8179899944672145
KLD_B01-0071,KLD,2.9695853714747904,-0.15657058891898262
KLD_B01-0072,KLD,4.489145994329652,0.4347051294846686
KLD_B01-0073,KLD,4.252682946283648,0.0534451886044755
KLD_B01-0074,KLD,4.326304509743395,1.8420956551850762
KLD_B01-0075,KLD,4.020246700530863,1.5592443313701259
KLD_B01-0076,KLD,3.753533732959682,0.8022516537094243
KLD_B01-0077,KLD,3.933042392015356,0.7230001957141684
KLD_B01-0078,KLD,5.679311946061533,0.5722083695335187
KLD_B01-0079,KLD,3.5561898052372984,1.4192505820626893
KLD_B01-0080,KLD,4.094298511382515,1.2270691340235742
KLD_B01-0081,KLD,5.313707073354963,0.2620354580113081
KLD_B01-0082,KLD,3.1607441617939878,0.6717451670836853
KLD_B01-0083,KLD,2.23809298632607,0.027322354000942982
KLD_B01-0084,KLD,2.4507694803787974,0.14348705209871446
KLD_B01-0085,KLD,6.050989981893035,1.0204773951723687
KLD_B01-0086,KLD,4.296193911068415,-0.37457222186729383
KLD_B01-0087,KLD,2.0721015972801506,0.25218752071289063
KLD_B01-0088,KLD,2.2306484038950583,-0.27663974235092004
KLD_B01-0089,KLD,4.804164742631808,0.5803884923838101
KLD_B01-0090,KLD,2.8720950344064433,1.2979509979144246
KLD_B01-0091,KLD,3.833353735807697,0.4633632816741095
KLD_B01-0092,KLD,2.6265064709765924,0.732723167858455
KLD_B01-0093,KLD,0.2216720542541205,-1.0516561651135363
KLD_B01-0094,KLD,0.3451958063313435,-0.6480473708845215
KLD_B01-0095,KLD,2.0496934932895883,0.357730498385711
KLD_B01-0096,KLD,1.2134347207231928,-0.27519584058462115
KLD_B01-0097,KLD,3.1487199277944287,0.4501428394762914
KLD_B01-0098,KLD,-0.07794933431696179,-0.510719165389462
KLD_B01-0099,KLD,1.0652705292553175,0.09117506629881676
KLD_B01-0100,KLD,3.6613153190439025,0.5406470277283548
KLD_B01-0101,KLD,3.95829210730064,0.8218613158799555
KLD_B01-0102,KLD,1.6695489126968917,-0.2903856515490975
KLD_B01-0103,KLD,1.9917479404512561,0.668910323122151
KLD_B01-0104,KLD,2.7891826025880913,0.3183255950157764
KLD_B01-0105,KLD,4.156990621327111,0.14959164744072634
KLD_B01-0106,KLD,-0.6892163574933697,-0.5795558844603746
KLD_B01-0107,KLD,3.554776559265377,0.5016369353443129
KLD_B01-0108,KLD,4.333635009647493,-0.36593837351130276
KLD_B01-0109,KLD,5.036706569059992,1.202078728683807
KLD_B01-0110,KLD,2.713899159261124,-0.29407188083538693
KLD_B01-0111,KLD,2.328666175613132,0.46259020133870243
KLD_B01-0112,KLD,2.5899001097958987,-0.046271886948438416
KLD_B01-0113,KLD,1.4186353222749262,-0.38408949419486865
KLD_B01-0114,KLD,1.842079189012144,0.6946015123642696
KLD_B01-0115,KLD,4.874535640725394,0.07920266293373804
KLD_B01-0116,KLD,3.788062675594788,0.1140774275958303
KLD_B01-0117,KLD,3.846192789455548,-0.37058366388971226
KLD_B01-0118,KLD,4.097604014416034,0.8730783909194425
KLD_B01-0119,KLD,3.9881843081351103,-0.4011947257011429
KLD_B01-0120,KLD,2.6415416013907906,0.5096160358973344
KLD_B01-0121,KLD,5.155371432443021,0.7872563187194326
KLD_B01-0122,KLD,4.08986051662604,0.7671063898476987
KLD_B01-0123,KLD,2.480216898362189,-0.3523499033670355
KLD_B01-0124,KLD,4.586748988609248,0.05165406679629636
KLD_B01-0125,KLD,7.8088542662100755,0.7573010648852668
KLD_B01-0126,KLD,-0.6371877888298509,-0.8291445006904139
KLD_B01-0127,KLD,3.455503008986464,0.5113949828221381
KLD_B01-0128,KLD,4.830561009941495,0.3570885663581478
KLD_B01-0129,KLD,3.222488243765959,1.6486537664560068
KLD_B01-0130,KLD,4.6742576794214195,0.263922533331403
KLD_B01-0131,KLD,0.8259361269772809,-1.032592336094528
KLD_B01-0133,KLD,2.955093481139306,0.7013046149026272
KLD_B01-0134,KLD,1.3340871470449087,-0.5440450823930276
KLD_B01-0135,KLD,5.143360083094638,1.0773490623725408
KLD_B01-0136,KLD,5.263435960357067,1.6767822000916814
KLD_B01-0137,KLD,2.751094436673977,0.5257438223396314
KLD_B01-0138,KLD,2.0554361782803445,-0.47163887271118327
KLD_B01-0139,KLD,3.043219861285922,-0.03684120513193157
KLD_B01-0140,KLD,1.2459967517114707,0.38406505775468097
KLD_B01-0141,KLD,2.933512030700354,-0.08722672832988951
KLD_B01-0142,KLD,1.1156651378640177,-0.6099078687288283
KLD_B01-0143,KLD,5.109319168986313,0.8976177770294201
KLD_B01-0144,KLD,1.451662978411684,-0.5269697135967829
KLD_B01-0145,KLD,2.0420613448936447,0.48041480345972803
KLD_B01-0146,KLD,-0.5595056773408398,-0.7853863876706477
KLD_B01-0147,KLD,2.1667160153565694,0.6879221727915404
KLD_B01-0149,KLD,3.389062065525618,0.7869213989428121
KLD_B01-0150,KLD,2.1211880297454018,0.3059494161271619
KLD_B01-0151,KLD,4.5953208134554675,0.751404077518158
KLD_B01-0152,KLD,2.684809572435413,0.03899355541262926
KLD_B01-0153,KLD,0.10005372595683881,-0.8077093672782919
KLD_B01-0154,KLD,5.1050590804787355,1.0386356305198494
KLD_B01-0155,KLD,5.690435607610532,0.7024976528345148
KLD_B01-0156,KLD,2.6300243415136557,-0.29835565876906645
KLD_B01-0157,KLD,3.863660832879705,0.8842076586446266
KLD_B01-0158,KLD,3.5361227805194027,0.2732007719666594
KLD_B01-0159,KLD,3.9801285478953026,0.6101372802985572
KLD_B01-0160,KLD,3.637151397330847,0.7211844632718887
KLD_B01-0161,KLD,5.503784798047961,1.4089123152653762
KLD_B01-0162,KLD,0.6123585030380572,0.11824662976442621
KLD_B01-0163,KLD,3.958677307332554,0.6552676805884445
KLD_B01-0164,KLD,2.539994042190179,-0.20650269686231973
KLD_B01-0165,KLD,4.188789231214882,0.6724170247723873
KLD_B01-0166,KLD,2.1037663360495653,0.2343510970489611
KLD_B01-0167,KLD,5.4643184857915434,0.5909982300826465
KLD_B01-0168,KLD,1.8568693549066737,0.9954994685581516
KLD_B01-0169,KLD,2.876325184253343,1.3799839589033467
KLD_B01-0170,KLD,3.017959489831818,-0.4064849221808163
KLD_B01-0171,KLD,5.236576069738714,1.6106451135154083
KLD_B01-0172,KLD,2.6429957924032044,-0.03948058897820428
KLD_B01-0173,KLD,2.241142413392949,0.9310733938025795
KLD_B01-0174,KLD,5.7820899346689885,1.009010751472008
KLD_B01-0175,KLD,3.3494577334013425,0.6465691582870292
KLD_B01-0176,KLD,3.5189929605822448,1.0076198532267822
KLD_B01-0177,KLD,4.62374393225834,0.17649299417862097
KLD_B01-0178,KLD,3.2166264084227296,-0.2295714107309661
KLD_B01-0179,KLD,1.5493343566169908,0.3627990812289164
KLD_B01-0180,KLD,3.3643249592692093,0.19730146880008873
KLD_B01-0181,KLD,4.847090984190758,1.8380928526303923
KLD_B01-0182,KLD,2.6644790575531148,-0.08164289590626445
KLD_B01-0183,KLD,-0.3245222446577236,-0.021806001903365305
KLD_B01-0184,KLD,0.9626397783319953,0.02417978365715212
KLD_B01-0185,KLD,-1.0002680939964446,-0.5962900889925761
KLD_B01-0186,KLD,3.020374308126537,0.22785532791477206
KLD_B01-0187,KLD,1.1534205737290186,0.8614658070369929
KLD_B01-0188,KLD,-0.6823949349600905,-0.7423460313337896
KLD_B01-0189,KLD,4.132729055517849,0.2861124381608007
KLD_B01-0190,KLD,3.6880020060306116,0.6524933417907517
KLD_B01-0191,KLD,0.8735834426957754,-0.22700967696219085
KLD_B01-0192,KLD,1.59593256797993,0.18066096060791828
KLD_B01-0193,KLD,2.4278078177887474,0.1139470881313569
KLD_B01-0194,KLD,2.58675327860717,0.774408150251398
KLD_B01-0195,KLD,1.0626337325951216,-0.25929679265179484
KLD_B01-0197,KLD,2.6222348596230027,0.7089942521737465
KLD_B01-0199,KLD,2.3771413804349604,0.9306356588846707
KLD_B01-0200,KLD,0.9360825801993387,-0.03192886919468803
KLD_B01-0201,KLD,0.0231391244272105,-0.42046191888939105
KLD_B01-0202,KLD,0.9149220215928863,-0.2960682893132459
KLD_B01-0203,KLD,6.003601470863529,0.02982738669819643
KLD_B01-0204,KLD,2.267729688687258,0.26851463591851543
KLD_B01-0205,KLD,0.8921713999904908,-0.5039622946431008
KLD_B01-0206,KLD,2.5750161698726868,-0.004104176510530886
KLD_B01-0207,KLD,-0.05151662674043545,0.08389739256703108
KLD_B01-0208,KLD,2.416938228556024,0.18970509470541425
KLD_B01-0209,KLD,2.7322717168362365,0.46389405882068724
KLD_B01-0210,KLD,-0.8101417232008871,-0.6731434850651582
KLD_B01-0211,KLD,1.6014709208362272,-0.019168123082741493
KLD_B01-0212,KLD,1.0443903163314832,-0.39458002669051095
KLD_B01-0213,KLD,0.3211559405058876,-0.26231575829241294
KLD_B01-0214,KLD,2.4747990900689762,0.3818851300907033
KLD_B01-0215,KLD,1.9813124407508458,1.1565693488638589
KLD_B01-0216,KLD,2.801179592759125,0.486121363883949
KLD_B01-0218,KLD,1.7570336543507115,-0.273550977199963
KLD_B01-0219,KLD,2.7304557008163055,1.3270147323633856
KLD_B01-0220,KLD,2.3500148993127046,0.13577262326697917
KLD_B01-0221,KLD,0.537435080275762,-0.11356704131655106
KLD_B01-0222,KLD,-0.4744620075873467,-1.1968757231720635
KLD_B01-0223,KLD,2.0958790935604537,0.6331941492053527
KLD_B01-0224,KLD,4.027406851042583,1.0085971787529648
KLD_B01-0225,KLD,4.939861442339094,0.903384633283858
KLD_B01-0227,KLD,3.628424281411342,1.3195437708871578
KLD_B01-0228,KLD,-0.3390144943765015,-0.5871969686696262
KLD_B01-0229,KLD,2.4922779323586544,-0.12142735992542915
KLD_B01-0230,KLD,2.0977088248626745,-0.3989876338030432
KLD_B01-0231,KLD,0.710924476810909,-0.10934393264757261
KLD_B01-0232,KLD,3.6150332908130975,0.14323933395052607
KLD_B01-0233,KLD,0.9337137400544288,-0.07323308272012036
KLD_B01-0234,KLD,3.078334199463538,-0.03564841764315515
KLD_B01-0235,KLD,1.738404669191683,0.1334267874631182
KLD_B01-0236,KLD,2.103496066846509,0.0426293404384438
KLD_B01-0237,KLD,0.5471002638500975,0.1834824962419153
KLD_B01-0238,KLD,2.5870639638734416,0.7202542691658875
KLD_B01-0240,KLD,2.5185463470851284,0.7678963733555239
KLD_B01-0241,KLD,2.544512852123852,1.010355428279051
KLD_B01-0242,KLD,1.7386362358825436,0.5579707076220343
KLD_B01-0243,KLD,2.1518065822971435,-0.11128879530643662
KLD_B01-0244,KLD,6.029536229908399,1.6598826086366036
KLD_B01-0245,KLD,2.3819161408159815,0.5426258140679908
KLD_B01-0246,KLD,0.5226693669794913,-0.07287752896898046
KLD_B01-0248,KLD,2.130081572487045,0.06726215316117762
KLD_B01-0249,KLD,1.5910195492410713,-0.11925105059551261
KLD_B01-0250,KLD,1.1482159096302018,0.08146383990535003
KLD_B01-0251,KLD,1.46704502191141,0.312218525904026
KLD_B01-0252,KLD,2.3761083237618084,-0.2343962868774889
KLD_B01-0253,KLD,3.1880360823169016,1.272368847731775
KLD_B01-0254,KLD,2.3253895713702946,1.599191152409928
KLD_B01-0256,KLD,1.9463338738978024,0.7765152005094654
KLD_B01-0257,KLD,3.5908334794981833,1.0441506465859465
KLD_B01-0258,KLD,-0.655299350393174,-1.0181537875139937
KLD_B01-0259,KLD,2.6767508320341045,0.8990519532103143
KLD_B01-0260,KLD,1.826806026793389,0.7149782251374072
KLD_B01-0261,KLD,5.279499434966608,0.6376985482411403
KLD_B01-0262,KLD,1.2222601525595553,-0.36569394381961234
KLD_B01-0264,KLD,4.627459569587937,1.755918653795786
KLD_B01-0265,KLD,1.0780236135265306,0.07376407304580965
KLD_B01-0266,KLD,1.4532068749085427,-0.2416638201765886
KLD_B01-0267,KLD,1.0631880695323421,-0.9109276438484182
KLD_B01-0268,KLD,2.944204080334312,0.34824791214625916
KLD_B01-0269,KLD,0.8109766753624419,-0.006376042706372074
KLD_B01-0270,KLD,1.7952888124976862,0.39755712712425595
KLD_B01-0271,KLD,3.847667094909621,0.4956719185749716
KLD_B01-0272,KLD,4.074657226454296,0.23743142107710463
KLD_B01-0273,KLD,2.440620267056786,-0.07237564434682606
KLD_B01-0274,KLD,3.5020792034835306,0.35878633466480236
KLD_B01-0275,KLD,0.8639071299868092,-0.10666444264643357
KLD_B01-0276,KLD,3.576008570400652,0.049001061088654124
KLD_B01-0277,KLD,-1.9832710849618098,-0.3461950592816347
KLD_B01-0278,KLD,0.7867752819606265,0.028378393988247715
KLD_B01-0279,KLD,3.2023759756664303,0.008690878819874417
KLD_B01-0280,KLD,1.642226876192408,0.040355440599274144
KLD_B01-0281,KLD,2.9343984357065263,-0.332746875660658
KLD_B01-0282,KLD,-0.9436916236472884,-0.5019569995685605
KLD_B01-0283,KLD,5.413477181331286,0.8963664779730823
KLD_B01-0284,KLD,4.686863491485143,0.21890759032867765
KLD_B01-0286,KLD,2.488064821091613,-0.1727974241293316
KLD_B02-0001,KLD,4.396545130925317,1.990062240778178
KLD_B02-0002,KLD,2.574681635000452,1.0487659810106036
KLD_B02-0003,KLD,2.843996694380405,1.1804217400833064
KLD_B02-0004,KLD,3.236243530448175,1.6572820918038236
KLD_B02-0005,KLD,1.6112530872910864,1.9142249538172538
KLD_B02-0006,KLD,4.354086808749691,1.8748251378853913
KLD_B02-0007,KLD,0.7546234911676813,1.236184286889815
KLD_B02-0008,KLD,-0.66250882472725,0.4634990776219949
KLD_B02-0009,KLD,-0.15567350896884274,0.01873733096070577
KLD_B02-0010,KLD,1.141771180179087,-0.46103632002382916
KLD_B02-0011,KLD,-0.48022723499689607,-0.33934041724780784
KLD_B02-0012,KLD,1.1945358493186993,-0.34970237968496937
KLD_B02-0013,KLD,-0.23581966403459353,-0.4037685677773247
KLD_B02-0014,KLD,1.0864434890757766,-0.5188857911605352
KLD_B02-0015,KLD,0.5358602285957781,-0.9130686335776819
KLD_B02-0017,KLD,2.9006336971519997,1.4700728229938704
KLD_B02-0018,KLD,4.083164277821223,1.6381276450624838
KLD_B02-0019,KLD,0.9295662024463055,-0.11326833124486747
KLD_B02-0020,KLD,5.064644556388835,1.608654468443236
KLD_B02-0021,KLD,3.1615334633873156,0.8155014372327651
KLD_B02-0022,KLD,-0.20443881567985067,0.18588037076944394
KLD_B02-0023,KLD,-0.7827238363047424,-0.6006778017942799
KLD_B02-0024,KLD,0.04522359209929476,-0.0586133086503826
KLD_B02-0025,KLD,1.6090468369648934,0.23224890725405034
KLD_B02-0026,KLD,-0.9144070356273467,-0.9768577556098774
KLD_B02-0027,KLD,2.683371193746164,-0.06882232071440197
KLD_B02-0028,KLD,0.8340892299811651,0.0811064022957641
KLD_B02-0029,KLD,1.0959277893776098,-0.24695889266181337
KLD_B02-0030,KLD,1.7994875254538842,0.11818584386753717
KLD_B02-0031,KLD,3.2869786525165927,1.5352521270469557
KLD_B02-0032,KLD,-1.1789218959425098,-0.2507744720560162
KLD_B02-0033,KLD,4.904514976568662,1.7417372435899554
KLD_B02-0034,KLD,5.381613423330693,2.808842416638401
KLD_B02-0035,KLD,0.1981481636986191,0.571556772759344
KLD_B02-0036,KLD,5.1958984322949435,0.7233983355273794
KLD_B02-0039,KLD,0.4032962216038596,1.10526547392961
KLD_B02-0040,KLD,0.4433596410546081,0.03325516595184222
KLD_B02-0041,KLD,-0.20494369402454066,0.02572487944724674
KLD_B02-0042,KLD,0.31003283600266296,-0.585511606612196
KLD_B02-0043,KLD,0.21678179720581434,-0.6613609847698476
KLD_B02-0044,KLD,-0.05543260647532937,-0.40551794760384435
KLD_B02-0045,KLD,1.4132348224925417,0.2532485110081621
KLD_B02-0046,KLD,-0.5018611345137854,-0.22116404777372745
KLD_B02-0047,KLD,0.5933363181886206,1.1812136705963843
KLD_B02-0048,KLD,-1.4939636716106086,-0.1380418243292505
KLD_B02-0049,KLD,3.92990850168418,0.027442483498811898
KLD_B02-0050,KLD,1.816209971843126,0.5389476723980015
KLD_B02-0051,KLD,0.8574996041615874,0.5253000816956166
KLD_B02-0052,KLD,1.8935084613374802,1.2627954038073759
KLD_B02-0053,KLD,4.513495819338786,2.438204025650943
KLD_B02-0054,KLD,2.907149329861328,1.883180359690252
KLD_B02-0055,KLD,6.146525659341251,2.0513370621788587
KLD_B02-0056,KLD,3.3210277622530406,2.2973437433027226
KLD_B02-0057,KLD,2.5180668130134642,1.8876663720274787
KLD_B02-0058,KLD,1.1542067065076111,2.0023783689069505
KLD_B02-0059,KLD,4.880291458375516,1.6173365277505238
KLD_B02-0060,KLD,3.134030884825811,0.8154624091189018
KLD_B02-0061,KLD,4.469678461196392,1.5621037108149156
KLD_B02-0062,KLD,-0.1131351328377504,0.1750914430179134
KLD_B02-0063,KLD,0.7658970208403829,0.5665928450402952
KLD_B02-0064,KLD,0.4921729263731471,0.4769697346190556
KLD_B02-0065,KLD,0.047558624498879196,0.6585109167105833
KLD_B02-0066,KLD,0.48626056220041225,0.3641737501054691
KLD_B02-0067,KLD,0.32541341294766873,0.15106155925598755
KLD_B02-0068,KLD,-0.2456617296716383,-0.04385427852611505
KLD_B02-0069,KLD,0.601998673513409,1.0118701663395673
KLD_B02-0070,KLD,-0.1706598006117278,-0.28159828760599714
KLD_B02-0071,KLD,0.09836764532336903,0.32935667390989193
KLD_B02-0072,KLD,-0.19594099333396492,0.36511713474396834
KLD_B02-0073,KLD,0.18327373652225112,-0.8257088087720246
KLD_B02-0074,KLD,0.3958842908069523,-0.6264524281272392
KLD_B02-0075,KLD,2.0449130522573093,0.8435056799420533
KLD_B02-0076,KLD,-0.28233260428908336,-0.1733451925492583
KLD_B02-0077,KLD,-1.1859290978271988,0.09268986506191979
KLD_B02-0078,KLD,0.6521584897703634,0.1540455174660649
KLD_B02-0079,KLD,0.5306096563142562,-0.012708279760046556
KLD_B02-0080,KLD,2.5980481962342923,0.0704271123332945
KLD_B02-0081,KLD,0.9312214258235483,0.29010548461608093
KLD_B02-0082,KLD,-0.3046958856827882,-0.7717410148717158
KLD_B02-0083,KLD,3.949057097490556,1.0278007871964023
KLD_B02-0084,KLD,0.4497842972745509,1.3921935105692342
KLD_B02-0085,KLD,1.3396010474828843,1.2362485952198392
KLD_B02-0086,KLD,3.1896623926667083,1.9237112409284594
KLD_B02-0087,KLD,-0.6806727958052351,-0.436172171840372
KLD_B02-0088,KLD,2.119942317580816,-0.3335043900779581
KLD_B02-0089,KLD,-0.6481664811119995,-0.24981530843974553
KLD_B02-0091,KLD,-0.3846748405540086,-0.4154792396737796
KLD_B02-0092,KLD,-0.7988316099904715,-0.4915460768585176
KLD_B02-0093,KLD,-0.001206409307205919,-0.4159142746396142
KLD_B02-0094,KLD,-0.8061119726283261,0.06476496736177245
KLD_B02-0095,KLD,1.3936121438142297,-0.6291064262599743
KLD_B02-0096,KLD,-0.025082928664297524,-0.7740443711735445
KLD_B02-0097,KLD,-0.6182183874105894,0.0007867723349169187
KLD_B02-0098,KLD,0.7825857272662239,-0.359609469189601
KLD_B02-0099,KLD,0.16105468079289156,-0.45524136212678257
KLD_B02-0100,KLD,0.1853068089189479,-0.795408483019773
KLD_B02-0101,KLD,0.9821151226583156,-0.6084694601728535
KLD_B02-0102,KLD,-0.8061242816323109,-0.14324467190659215
KLD_B02-0103,KLD,-0.7530588812043413,-0.7532145408344174
KLD_B02-0104,KLD,0.025377259293990984,-0.24039122941067187
KLD_B02-0105,KLD,4.077869287276815,1.2771957363861994
KLD_B02-0106,KLD,2.351166285063518,0.977423380637454
KLD_B02-0107,KLD,3.7197964548595106,1.966080775389104
KLD_B02-0108,KLD,1.9508570372696512,1.5508886882198465
KLD_B02-0109,KLD,5.952608007338158,2.595788389080509
KLD_B02-0110,KLD,0.1069941191879964,0.8238742405381547
KLD_B02-0111,KLD,1.8397234520878927,0.37572058353244636
KLD_B02-0112,KLD,4.30544425250066,1.1070458789514253
KLD_B02-0113,KLD,0.0592335879468287,0.8648506620960255
KLD_B02-0114,KLD,1.18551412555869,-0.012687119929819406
KLD_B02-0115,KLD,0.19678544017973035,0.0976528677450529
KLD_B02-0116,KLD,5.67372774827287,1.8496678269182494
KLD_B02-0117,KLD,1.7915188196543377,0.6906265722200652
KLD_B02-0118,KLD,2.0203136951644014,2.0695878567462813
KLD_B02-0119,KLD,1.308527402319702,-0.4003655722774935
KLD_B02-0120,KLD,0.2456704042438983,0.16481638033119125
KLD_B02-0121,KLD,4.050048278564258,2.041812468090368
KLD_B02-0122,KLD,1.995316831315265,0.6336008314837016
KLD_B02-0123,KLD,0.019429439061481563,2.071467691049527
KLD_B02-0124,KLD,0.18408738420746934,-0.25304941866359537
KLD_B02-0125,KLD,0.9758558318159731,0.3638283712649699
KLD_B02-0126,KLD,0.61032328956632,0.3496014960924822
KLD_B02-0127,KLD,-0.81005718929162,-0.20535473728099354
KLD_B02-0128,KLD,-1.599296269520989,0.44063102067080195
KLD_B02-0129,KLD,1.9376438320468656,0.6180989738489661
KLD_B02-0130,KLD,0.8288008236501457,-0.756462157796723
KLD_B02-0131,KLD,0.11663210026528048,-0.7814355913477706
KLD_B02-0132,KLD,1.205305302503512,-0.11095835748398486
KLD_B02-0133,KLD,0.5273300690900783,0.07982734301570715
KLD_B02-0134,KLD,-1.397203766637042,-0.41478922720428335
KLD_B02-0135,KLD,-0.05494656217578933,-0.0846685323838703
KLD_B02-0137,KLD,1.858108525907673,1.19104819647709
KLD_B02-0138,KLD,0.7686440757229825,1.2821990838208923
KLD_B02-0139,KLD,1.454338627886945,1.1645602958866377
KLD_B02-0140,KLD,0.7524139120300023,0.282315549404654
KLD_B02-0141,KLD,-0.08415559164182305,-0.03206538158258643
KLD_B02-0142,KLD,-0.5131256276019734,-0.0986620906626468
KLD_B02-0143,KLD,2.539377766451173,0.7343784027973808
KLD_B02-0144,KLD,0.8445934595402461,0.6244677448056914
KLD_B02-0145,KLD,2.612620047355309,1.2776539658994046
KLD_B02-0146,KLD,0.2964819689856543,0.9383055028392175
KLD_B02-0147,KLD,0.04388990723152934,0.05154387868327213
KLD_B02-0148,KLD,1.0032736921558258,0.5252918864380983
KLD_B02-0149,KLD,2.2897453898930786,0.8265315494192438
KLD_B02-0150,KLD,2.2824415914996043,0.6180795918661098
KLD_B02-0151,KLD,3.798227309470031,0.7997076282614587
KLD_B02-0152,KLD,-0.17510806034199455,0.20914638748163455
KLD_B02-0154,KLD,1.646837410200672,0.5673314917556452
KLD_B02-0155,KLD,1.1391798762498757,0.760406832040742
KLD_B02-0156,KLD,0.5285527917005078,0.8244251567024355
KLD_B02-0157,KLD,1.471403856221903,1.0007723168762066
KLD_B02-0158,KLD,-0.6780962492060948,0.3076400980253264
KLD_B02-0160,KLD,-0.14509250733540108,-0.24040731534330034
KLD_B02-0161,KLD,0.8143709823451107,-0.26968235600683477
KLD_B02-0163,KLD,-0.9094925752822203,-0.5699029246521308
KLD_B02-0164,KLD,0.6598276271562348,-0.30718985695517614
KLD_B02-0165,KLD,-0.22386679172239074,-1.17600139009108
KLD_B02-0167,KLD,-0.9169901221282277,-0.7133903413506907
KLD_B02-0168,KLD,-1.4597304825634183,-1.2907511805629632
KLD_B02-0169,KLD,-0.63419427604933,-0.3830909929414226
KLD_B02-0170,KLD,-1.9256078238164949,-0.7859647928619653
KLD_B02-0172,KLD,-0.13119397813655387,-0.5003882032158093
KLD_B02-0173,KLD,-0.46895674842093066,-1.5279462752587702
KLD_B02-0174,KLD,-1.1265282878434326,-1.1571513004126175
KLD_B02-0175,KLD,0.03408711427679008,-1.553019213254146
KLD_B02-0176,KLD,-0.030695228372063413,-0.6628360348629713
KLD_B02-0177,KLD,-1.0585942107526713,-1.0351968807951384
KLD_B02-0180,KLD,-0.8070574990924266,-1.5446372522811802
KLD_B02-0181,KLD,1.8703028501114618,0.927087491050707
KLD_B02-0182,KLD,0.22590336872626696,0.4077521096018531
KLD_B02-0183,KLD,0.11942249543751363,0.9375047021083436
KLD_B02-0184,KLD,2.9992682086528495,1.0365123381869716
KLD_B02-0185,KLD,-0.7248528134535259,-0.17697856050029087
KLD_B02-0186,KLD,2.2295396473438336,1.337613525767311
KLD_B02-0187,KLD,0.24495436105817625,0.458865209171017
KLD_B02-0190,KLD,0.7668792811996078,-0.10783967753758267
KLD_B02-0191,KLD,-0.4493177171228294,-0.8396281122305025
KLD_B02-0192,KLD,6.268938110776992,0.8206059710281751
KLD_B02-0194,KLD,2.1644020680387204,0.16434924169602133
KLD_B02-0195,KLD,-0.5224488190374804,-0.9191407338086328
KLD_B02-0196,KLD,-0.2865689656075991,-0.8678397529025991
KLD_B02-0197,KLD,-0.37332293345219,0.11681720350292651
KLD_B02-0198,KLD,-0.3040836667140331,-0.13922220137841881
KLD_B02-0199,KLD,0.2627856123780804,1.0828236637654822
KLD_B02-0200,KLD,-0.2010074650990433,0.10045954721142875
KLD_B02-0201,KLD,-0.6018955828589632,0.08925867119230718
KLD_B02-0202,KLD,1.0854717521938642,-0.49343481960839386
KLD_B02-0204,KLD,-0.6546626022614718,-0.8199719882839407
KLD_B02-0205,KLD,-1.0042803358476358,-0.42999717669704834
KLD_B02-0206,KLD,-1.2795753087914348,-0.1576222333184534
KLD_B02-0207,KLD,-0.8923619154756203,0.19073055361810307
KLD_B02-0210,KLD,4.265211001612672,1.165266242311759
KLD_B02-0211,KLD,2.2688904249314454,1.6564390694915383
KLD_B02-0212,KLD,1.271626909428846,0.7337421055514378
KLD_B02-0213,KLD,-0.5320192286496117,-0.2912864005907466
KLD_B02-0214,KLD,4.382476096397344,1.3716999909584793
KLD_B02-0215,KLD,0.18973468214452383,0.1771635565685411
KLD_B02-0216,KLD,0.8297646246308213,0.45315325223842423
KLD_B02-0217,KLD,0.0787076070215803,0.1972117040048122
KLD_B02-0218,KLD,1.3135182079018946,1.1090275980401616
KLD_B02-0219,KLD,5.413090841095111,1.1767268392437262
KLD_B02-0220,KLD,3.039477408618983,0.4630267800000791
KLD_B02-0221,KLD,1.462756796808106,0.0736731526047561
KLD_B02-0222,KLD,-0.9827951128603727,-0.46855587817676303
KLD_B02-0223,KLD,0.575154443017883,0.39347638378190186
KLD_B02-0224,KLD,-0.9825597441148222,-0.0776899745712264
KLD_B02-0225,KLD,0.6507336270247495,0.2796308171324997
KLD_B02-0226,KLD,-1.0427036952275193,-0.4417374069043758
KLD_B02-0227,KLD,2.0160208507781188,-0.7399622242346537
KLD_B02-0228,KLD,-0.6128158430870922,-1.2990897202248948
KLD_B02-0229,KLD,1.6519353198960656,0.538481562006717
KLD_B02-0230,KLD,0.6212933568467001,0.11360301834031859
KLD_B02-0231,KLD,3.7801647569897874,-0.018342800113009552
KLD_B02-0232,KLD,-0.7414391655731661,0.387360986654821
KLD_B02-0233,KLD,4.392605466195926,0.5510775027190217
KLD_B02-0234,KLD,0.5045496793842179,-0.4286248184914787
KLD_B02-0235,KLD,-0.16856324034013115,0.5802504873569745
KLD_B02-0236,KLD,-1.2631735702814135,-0.057747588237849715
KLD_B02-0237,KLD,2.960577794769284,1.1222545949316345
KLD_B02-0238,KLD,0.42034188940021755,-0.24042645793649317
KLD_B02-0239,KLD,0.7814336216728719,0.3627313545560035
KLD_B02-0240,KLD,0.1882506458102698,0.38070524291683977
KLD_B02-0241,KLD,2.259420377914519,1.4386275114178324
KLD_B02-0242,KLD,1.091030172967218,1.2493502654290973
KLD_B02-0243,KLD,1.596881534800961,-0.5201235480899745
KLD_B02-0244,KLD,1.4441358076469795,0.09430058428835848
KLD_B02-0245,KLD,-1.9508600544547607,-1.2243541447342718
KLD_B02-0247,KLD,2.893036667921181,1.0183171463915706
KLD_B02-0248,KLD,2.4167618599191525,1.5170018813516657
KLD_B02-0250,KLD,3.0841027142890924,1.1474277783169984
KLD_B02-0251,KLD,2.74561384672269,1.9538396439484327
KLD_B02-0252,KLD,0.26422748578128147,1.6507041080785387
KLD_B02-0253,KLD,2.3778142104657483,1.615378226176234
KLD_B02-0254,KLD,2.1040735687884444,2.0918257096927673
KLD_B02-0255,KLD,0.883203409276137,1.9613253939593578
KLD_B02-0256,KLD,2.805054194332284,0.516873011414876
KLD_B02-0257,KLD,0.7270392258239609,0.7932503921368734
KLD_B02-0258,KLD,1.2597657446794102,1.0182811802907108
KLD_B02-0259,KLD,0.7520971126558273,1.5229860892219078
KLD_B02-0260,KLD,2.138588515721432,0.9117286481954415
KLD_B02-0261,KLD,2.7019971241585305,1.7021272296882228
KLD_B02-0262,KLD,1.3174152646216375,0.9819816061242459
KLD_B02-0263,KLD,2.2313698717210206,1.611761698376043
KLD_B02-0264,KLD,1.6854338526350805,2.246913401284519
KLD_B02-0265,KLD,0.5012892197870766,1.5792271672817482
KLD_B02-0266,KLD,3.8755602169121146,1.1532245905155871
KLD_B02-0267,KLD,-0.17884745300787142,0.6294470325366003
KLD_B02-0268,KLD,2.1989075886665463,1.3295462661223343
KLD_B02-0269,KLD,0.10590712407177028,0.08240743078366584
KLD_B02-0270,KLD,3.317149524409726,1.642709831504332
KLD_B02-0271,KLD,-1.096605918965197,0.6860496928053371
KLD_B02-0272,KLD,-1.349027688535791,0.8593168838703658
KLD_B02-0273,KLD,-0.09308897358802296,-0.829246384963112
KLD_B02-0274,KLD,-0.2932385281576545,1.000931457085611
KLD_B02-0275,KLD,1.190902028132277,0.09993559404696192
KLD_B02-0276,KLD,1.4951231742154811,1.2356428412385791
KLD_B02-0277,KLD,0.627932539873207,1.0203070970939256
KLD_B02-0278,KLD,1.9558609980625372,2.065493386703606
KLD_B02-0279,KLD,1.6107269010135723,1.1705567550875922
KLD_B02-0280,KLD,1.6762465063556873,1.0976716146994114
KLD_B02-0281,KLD,2.0761979615363986,1.7464134186160376
KLD_B02-0282,KLD,3.464905547389255,2.3718416813967917
KLD_B02-0283,KLD,4.780688419958316,1.692149501790358
KLD_B02-0284,KLD,5.259197450136249,1.6803192391426558
KLD_B02-0285,KLD,0.1273462242100688,1.1428829408381938
KLD_B02-0286,KLD,2.5940574938928767,2.2094300783758962
KLD_B02-0287,KLD,0.9312590507417566,0.9409433112380746
KLD_B02-0288,KLD,2.308553661813332,2.1501229074111117
KLD_B02-0289,KLD,2.567379739563967,1.796019269979033
KLD_B02-0290,KLD,-0.21218789921954556,0.24670579458950406
KLD_B02-0291,KLD,3.0266327620601863,1.8014472586931476
KLD_B02-0292,KLD,1.4437961535886725,2.013981465537028
KLD_B02-0293,KLD,0.3459416619570202,-0.15518087529089317
KLD_B02-0294,KLD,3.635758359365549,1.0792543492402358
KLD_B02-0295,KLD,0.7505192162964545,0.37009472776725955
KLD_B02-0296,KLD,-0.012640411968746545,0.15656041148704505
KLD_B02-0297,KLD,-0.6370317695990203,-1.4323928456924118
KLD_B02-0299,KLD,0.8275836496744075,0.2698856665743343
KLD_B02-0300,KLD,-0.3972152338925509,-0.3115351381322161
KLD_B02-0301,KLD,-0.4096419621030535,0.802530950958754
KLD_B02-0302,KLD,-0.4327408947815391,-0.0689981675772544
KLD_B02-0303,KLD,0.42961505724801646,1.0985486041137642
KLD_B02-0304,KLD,0.6501553776052881,0.0991414185367933
KLD_B02-0305,KLD,-0.0866450607506343,-1.2416487324950556
KLD_B02-0306,KLD,1.91477193268903,1.5745226830637393
KLD_B02-0307,KLD,0.38893030665255657,-0.14768422598513592
KLD_B02-0308,KLD,1.952269442599047,2.1455671366545177
KLD_B02-0309,KLD,1.4854331683276973,1.3517358186811428
KLD_B02-0310,KLD,1.1647270035048065,0.8793208593761477
KLD_B02-0312,KLD,2.9108417297772453,1.8784131228520025
KLD_B02-0313,KLD,0.10301331660235405,-0.2505272702026994
KLD_B02-0314,KLD,-0.045988121154253686,1.1965108454812967
KLD_B02-0315,KLD,-0.47839345887711704,-0.4477498377672354
KLD_B02-0316,KLD,-1.3330271443034354,-1.0826052478958512
KLD_B02-0317,KLD,0.5243467198791409,-1.3869080370240447
KLD_B02-0319,KLD,0.808746470019628,0.030774707769002155
KLD_B02-0321,KLD,2.1984061852822934,0.926123350778966
KLD_B02-0322,KLD,-0.3740836867900331,-0.7428582617299061
KLD_B02-0323,KLD,1.3275919786087025,0.21253940149045036
KLD_B02-0324,KLD,-1.3508280082325033,0.12580230889600857
KLD_B02-0325,KLD,0.3006076039060015,0.5855058912930927
KLD_B02-0326,KLD,0.4994629325285413,2.1398644653520242
KLD_B02-0327,KLD,0.9195984341008268,1.5059816914941446
KLD_B02-0328,KLD,4.497682366022927,2.294871117716194
KLD_B02-0329,KLD,-1.010355527234581,0.3805653961425414
KLD_B02-0330,KLD,1.532566588465474,0.942720695136697
KLD_B02-0331,KLD,-0.3620356167897547,0.1684716729844032
KLD_B02-0332,KLD,0.6074200795067906,0.9658642731955563
KLD_B02-0333,KLD,2.7039540282190364,1.1331136189124558
KLD_B02-0334,KLD,3.2257177643846195,2.489818886172359
KLD_B02-0335,KLD,4.0868643337658,1.3964591978074476
KLD_B02-0336,KLD,1.859397543768802,1.77786099353515
KLD_B02-0337,KLD,1.563983526393285,0.19285918026161472
KLD_B02-0338,KLD,0.011062960415629666,1.4090211733432327
KLD_B02-0339,KLD,-0.5830902668059068,1.4192278639455898
KLD_B02-0341,KLD,3.9872338961251064,1.5174173057608817
KLD_B02-0342,KLD,7.4881648594834616,2.214561250954068
KLD_B02-0343,KLD,0.691777786818305,1.341360767668763
KLD_B02-0344,KLD,0.8970104539457259,0.3333697595476984
KLD_B03-0001,KLD,0.30024212730276123,0.6108775195605287
KLD_B03-0002,KLD,0.21186729790166314,0.32440770243889594
KLD_B03-0003,KLD,0.37269162628505964,0.4226822084815721
KLD_B03-0004,KLD,1.1529396712153068,0.7849025739829408
KLD_B03-0005,KLD,1.0636516375031249,0.39441773830795385
KLD_B03-0006,KLD,-1.8754493295635586,0.9751317467497337
KLD_B03-0008,KLD,1.2654606326802773,0.39784548245012186
KLD_B03-0009,KLD,-1.1471271888848442,-0.18925004205262716
KLD_B03-0010,KLD,-0.7522675817303144,0.5326815483272955
KLD_B03-0011,KLD,0.0308309180987949,0.25265424173832796
KLD_B03-0012,KLD,0.05344959267601601,0.5131707073109778
KLD_B03-0013,KLD,0.09790395833508067,1.0109641941881027
KLD_B03-0014,KLD,0.7946710803010628,1.6953497117313023
KLD_B03-0015,KLD,-0.2612068757837871,0.08814823514411062
KLD_B03-0016,KLD,1.4719108022619167,1.2231649872620416
KLD_B03-0017,KLD,1.405902626127629,0.00012095681097713806
KLD_B03-0018,KLD,0.3058074999361715,0.6484772696989192
KLD_B03-0019,KLD,0.3864157269985137,-0.18191228342098187
KLD_B03-0020,KLD,1.4860655535575904,0.8085029556323156
KLD_B03-0021,KLD,2.2965976566492983,0.47649981824450965
KLD_B03-0022,KLD,-0.4032995245072932,0.44642111499603426
KLD_B03-0023,KLD,0.5406707286460855,0.29821896599059583
KLD_B03-0025,KLD,0.040522908917167214,0.12866911021156086
KLD_B03-0027,KLD,0.0858994350608621,1.9102388952546636
KLD_B03-0028,KLD,0.6322567838420275,0.10925228714162244
KLD_B03-0029,KLD,-0.6687399570156568,0.8277897342305679
KLD_B03-0032,KLD,0.8572002506121383,0.5429239015633983
KLD_B03-0033,KLD,1.0196989828030665,1.1929037797033755
KLD_B03-0034,KLD,-1.3321716904182372,-0.8811434088680358
KLD_B03-0035,KLD,1.7668573194611445,-0.1627279759236837
KLD_B03-0036,KLD,1.2769148563210184,0.44715378836570574
KLD_B03-0037,KLD,0.6795491615444131,1.222234228951874
KLD_B03-0038,KLD,0.8822343575113372,0.5630851918943451
KLD_B03-0039,KLD,-0.051908327576394464,0.3367960676395092
KLD_B03-0040,KLD,0.14828061506845552,0.6916874805983683
KLD_B03-0041,KLD,0.5146874851218246,1.147417249715184
KLD_B03-0042,KLD,-0.41829034975333723,0.11046906080658897
KLD_B03-0043,KLD,1.0732580622046521,0.8124635178923458
KLD_B03-0044,KLD,-0.6238322143817667,0.8532338684959704
KLD_B03-0045,KLD,-0.8976718230894627,-0.14306770369927993
KLD_B03-0046,KLD,-0.05139933383108382,1.214618089237634
KLD_B03-0047,KLD,2.2425842567269725,0.7251022806238481
KLD_B03-0048,KLD,0.7447159590443113,0.25513232837118355
KLD_B03-0049,KLD,-0.22153180018394214,0.29704770517815166
KLD_B03-0050,KLD,1.4090578660405366,0.3766972526149812
KLD_B03-0052,KLD,0.834568346974444,0.6997301117252898
KLD_B03-0053,KLD,0.3109683634428621,0.3406431834766949
KLD_B03-0054,KLD,0.36210164159677904,0.6014723421736429
KLD_B03-0055,KLD,2.5875813695497767,0.4929397794050434
KLD_B03-0056,KLD,0.139405785055154,0.6387180688310486
KLD_B03-0057,KLD,0.7796187032260878,1.265208407552932
KLD_B03-0058,KLD,-0.8251698208046443,0.08057516793210996
KLD_B03-0059,KLD,0.0544184155955771,0.4483307298293684
KLD_B03-0060,KLD,-1.4207987887840896,0.6735357393313023
KLD_B03-0061,KLD,-0.5057002781745817,-0.16774014666253723
KLD_B03-0062,KLD,-0.5069576157100174,0.269532146466172
KLD_B03-0063,KLD,-0.6533300459199891,-0.4598038258962646
KLD_B03-0064,KLD,-1.2456439202454388,0.10382107658586082
KLD_B03-0065,KLD,-0.20949395436746254,-0.8907469341557861
KLD_B03-0066,KLD,0.7409003896503324,1.0958106275468535
KLD_B03-0067,KLD,-0.528504672004945,-0.06314588016710079
KLD_B03-0068,KLD,1.028779751513098,-0.179022635194099
KLD_B03-0069,KLD,0.4506271071581427,0.1961878261652728
KLD_B03-0070,KLD,-0.34736035720900765,0.37063655250099287
KLD_B03-0071,KLD,4.122118405698087,0.7079708471672148
KLD_B03-0072,KLD,0.09822762782387226,1.6743335829459065
KLD_B03-0073,KLD,0.9257692596308813,0.3451177883343493
KLD_B03-0074,KLD,1.2615298399460932,0.163056179930691
KLD_B03-0075,KLD,-0.4894311503128739,-0.29640109351174054
KLD_B03-0076,KLD,0.2235762685523644,0.30229239500150473
KLD_B03-0077,KLD,0.09093173434432662,0.9761628530374779
KLD_B03-0078,KLD,0.7084444700414325,0.827941099254834
KLD_B03-0079,KLD,3.076238322264975,0.1452994420370914
KLD_B03-0080,KLD,-1.4352934065153486,0.46442798508712857
KLD_B03-0081,KLD,1.3018871539927672,0.31272030366227166
KLD_B03-0082,KLD,-0.5541724420050775,0.882932950324924
KLD_B03-0083,KLD,0.9354073831905518,-0.17087417365491547
KLD_B03-0085,KLD,-0.37451553750860167,0.801500924021603
KLD_B03-0086,KLD,-0.9021840578748377,-0.3208756929197147
KLD_B03-0087,KLD,1.3883788724287505,1.3594620231105585
KLD_B03-0088,KLD,1.8133948508130573,0.4550639714571072
KLD_B03-0089,KLD,-0.7301293596727819,-0.5638965200301945
KLD_B03-0090,KLD,-1.0741959365744946,0.25810842620154006
KLD_B03-0091,KLD,-0.02724350734543814,0.24120526904911732
KLD_B03-0092,KLD,1.0650381487179859,0.8229354691545951
KLD_B03-0093,KLD,-0.8158063521323891,-0.6570800333167846
KLD_B03-0094,KLD,0.3942334731064391,0.07050265551016952
KLD_B03-0095,KLD,-0.14228872741013476,-0.33389382165525305
KLD_B03-0096,KLD,4.206252996102332,1.7743576208347909
KLD_B03-0097,KLD,-1.2292654153794327,-0.5849047785532463
KLD_B03-0098,KLD,-0.877644269750056,0.9728244874278839
KLD_B03-0099,KLD,0.6852670094107565,1.248932554912708
KLD_B03-0100,KLD,1.832589844883989,0.3320517597322864
KLD_B03-0101,KLD,1.6380261537401881,0.6842711235823039
KLD_B03-0102,KLD,1.1572887819654505,1.0303105651916333
KLD_B03-0103,KLD,-1.0537380479885923,0.9322115109754464
KLD_B03-0105,KLD,0.7452184966271875,-0.48959921803652995
KLD_B03-0106,KLD,-0.46439347451045,0.5869559671183222
KLD_B03-0107,KLD,-1.8249717841577566,1.3790534805050245
KLD_B03-0108,KLD,0.13921975149957377,1.641702335463515
KLD_B03-0109,KLD,0.736095129867341,0.9730109822502283
KLD_B03-0110,KLD,0.6911077772384274,-0.1260254131615075
KLD_B03-0111,KLD,-1.6830785002894757,-0.10119750984634454
KLD_B03-0112,KLD,0.2127013258704136,0.42148802558886356
KLD_B03-0113,KLD,0.07178203420631271,-0.4535704861206276
KLD_B03-0114,KLD,-0.17719234754107957,-0.44771600132427436
KLD_B03-0115,KLD,-0.32156987391960545,1.452754073829401
KLD_B03-0116,KLD,0.3657273049123836,-0.6944066250072234
KLD_B03-0117,KLD,-0.9535335503195482,-0.6960403714389433
KLD_B03-0118,KLD,0.11540007412003528,0.2935900208863694
KLD_B03-0119,KLD,1.3131617994762386,1.0772052905722225
KLD_B03-0120,KLD,-1.1754086300016824,0.340610515070586
KLD_B03-0121,KLD,0.9032775407671244,0.4833626698634389
KLD_B03-0122,KLD,-0.02599582311175539,0.8513938567667071
KLD_B03-0123,KLD,0.6540402919942498,0.6551883845005126
KLD_B03-0124,KLD,-0.2963327449164217,0.306176579568749
KLD_B03-0125,KLD,-0.884829435590055,0.7733661243894612
KLD_B03-0126,KLD,0.17639951285547742,0.6340486294388082
KLD_B03-0127,KLD,0.5494486554941231,-0.025533623751962196
KLD_B03-0128,KLD,0.7632801486939337,0.8078237510952478
KLD_B03-0129,KLD,-0.02369401459676898,0.3285598174660262
KLD_B03-0130,KLD,0.5662941226133631,0.03842529752014147
KLD_B03-0131,KLD,1.2525649020342573,0.23182394291082264
KLD_B03-0132,KLD,-0.008610822913463483,0.2906554889896777
KLD_B03-0133,KLD,0.44307639507178004,1.0943063289592474
KLD_B03-0134,KLD,-0.46915043689075003,0.6979800788390274
KLD_B03-0135,KLD,0.23869429612422716,1.2526702193342603
KLD_B03-0138,KLD,-0.6865469730754468,0.39029440518984765
KLD_B03-0139,KLD,0.1200873579291609,-0.08706834524975161
KLD_B03-0140,KLD,0.16577284365749598,0.7854092833302196
KLD_B03-0141,KLD,0.30848530150872033,2.2697722790068964
KLD_B03-0142,KLD,-0.22366382929743336,1.1698979712176665
KLD_B03-0143,KLD,-1.308921836515489,0.5270551276006544
KLD_B03-0144,KLD,0.28931692161670186,1.0104696803294757
KLD_B03-0145,KLD,-0.17877311021358233,1.3255698414975645
KLD_B03-0146,KLD,-1.576755815386855,-0.14390808830463134
KLD_B03-0147,KLD,1.029854832181334,1.3059286222171602
KLD_B03-0148,KLD,-0.6540718031221581,0.8777741359311008
KLD_B03-0149,KLD,1.4789293816124576,0.20451587442643937
KLD_B03-0150,KLD,0.9278001248792558,0.1905077859281971
KLD_B03-0151,KLD,-0.18141084746285063,0.34821885095968774
KLD_B03-0152,KLD,0.7643640575252113,-0.3317603920339849
KLD_B03-0154,KLD,0.18228054794426204,0.7150589838546157
KLD_B03-0155,KLD,0.9507384961274024,0.6566414997130408
KLD_B03-0156,KLD,-1.6684451007213899,0.17208404700179095
KLD_B03-0157,KLD,-0.30089278086672216,0.4640816636974393
KLD_B03-0158,KLD,2.5041598388051844,0.668441457333615
KLD_B03-0159,KLD,-0.6817122827914477,-0.014467603435353579
KLD_B03-0160,KLD,1.6372627396350747,1.0110216149713818
KLD_B03-0161,KLD,-0.3506432621577648,0.7511452210787974
KLD_B03-0162,KLD,-1.0240291295123463,-0.0012143200125970949
KLD_B03-0163,KLD,0.6174813709822625,0.6664068588405229
KLD_B03-0164,KLD,-0.5400368916208282,0.12719870839747985
KLD_B03-0165,KLD,0.09463777212640402,0.6399852852641709
KLD_B03-0166,KLD,0.12686159120885637,0.18616223613073063
KLD_B03-0167,KLD,1.1429087082775478,-0.5692347186100855
KLD_B03-0168,KLD,1.6656287076796774,-0.3776750431438548
KLD_B03-0169,KLD,1.0348563164981106,0.42468968462920714
KLD_B03-0170,KLD,0.12820547233208976,0.7393472624079276
KLD_B03-0171,KLD,1.0076986067204576,0.15606827875792573
KLD_B03-0172,KLD,0.057183158958651226,0.8569772671030527
KLD_B03-0173,KLD,-0.6098159906192224,0.061985146494152085
KLD_B03-0174,KLD,-1.5529306338236917,0.31162349419717295
KLD_B03-0175,KLD,0.4961513987381243,0.578001611621389
KLD_B03-0176,KLD,-0.20398499285840038,0.6751749875745775
KLD_B03-0178,KLD,-1.8176496372261308,0.21646779866927468
KLD_B03-0179,KLD,0.5613697865675997,0.9495064328904146
KLD_B03-0180,KLD,-0.6477420212002167,0.10181613490096598
KLD_B03-0181,KLD,-2.045717607108726,-0.6019118786894058
KLD_B03-0182,KLD,2.0899437221265504,1.0989181868544484
KLD_B03-0183,KLD,-1.3168756693999157,0.4337898837090944
KLD_B03-0184,KLD,0.3362164764658458,1.703260708648778
KLD_B03-0185,KLD,-0.2403573499418904,1.0623442956495392
KLD_B03-0186,KLD,-1.3420008911041548,-0.7153167646068107
KLD_B03-0187,KLD,1.176250086752749,1.4495817066525223
KLD_B03-0188,KLD,-0.38893511042971374,-0.01867003375574403
KLD_B03-0189,KLD,0.6263636249733289,0.12449141253910032
KLD_B03-0190,KLD,1.3030195179938633,1.2416083169027992
KLD_B03-0191,KLD,-1.074216098473546,0.4057775289618586
KLD_B03-0193,KLD,-0.77061751593295,0.14539526188840227
KLD_B03-0194,KLD,-0.06960083148874299,-0.12129573297022506
KLD_B03-0195,KLD,1.2927251518468392,1.1748306857650372
KLD_B03-0196,KLD,1.9772852410796347,-0.04154955145941333
KLD_B03-0197,KLD,0.9438981997602969,-0.1006373792870321
KLD_B03-0198,KLD,0.12458814534908418,-0.4801552834932164
KLD_B03-0199,KLD,-0.04213683558436313,0.21798565171569312
KLD_B03-0200,KLD,0.9574006388118949,1.2955040394246575
L31_A96_B01-0001,L31,-1.6670727835105443,-1.6028684546640628
L31_A96_B01-0004,L31,-1.5535697917267381,-1.778817994569308
L31_A96_B01-0006,L31,0.37389024101406787,-1.7534509095930766
L31_A96_B01-0007,L31,-2.281940808252222,-1.5039071818662744
L31_A96_B01-0008,L31,-2.338047023415193,-1.6185759874340444
L31_A96_B01-0009,L31,-1.4316110950331105,-1.5604007463743144
L31_A96_B01-0011,L31,-2.943240493313415,-1.4581377652668894
L31_A96_B01-0012,L31,-2.5340904590971163,-1.4716677916851117
L31_A96_B01-0013,L31,0.3823458083824406,-1.5487917494802228
L31_A96_B01-0014,L31,-2.7904603662313248,-1.4453339878551117
L31_A96_B01-0015,L31,-3.500724151359992,-1.401115427477282
L31_A96_B01-0016,L31,-4.013078602568984,-1.3096155611823728
L31_A96_B01-0017,L31,-0.7450784534956709,-1.4511132774988527
L31_A96_B01-0018,L31,-2.811783655165667,-1.351171576436418
L31_A96_B01-0019,L31,0.4544036811307467,-0.8947980668017964
L31_A96_B01-0020,L31,-0.9082474355407739,-1.9654421727693414
L31_A96_B01-0023,L31,-0.33204274552471513,-1.3279442444899836
L31_A96_B01-0024,L31,-0.41755622951369803,-1.542131154740744
L31_A96_B01-0025,L31,-2.2931390922295214,-1.2582963767295334
L31_A96_B01-0026,L31,0.5130013497759844,-1.412488457101727
L31_A96_B01-0027,L31,-1.436745093176387,-1.5079602165905195
L31_A96_B01-0028,L31,0.27338046017818374,-1.392851602713898
L31_A96_B01-0029,L31,-0.5471301647463317,-1.6067695534260444
L31_A96_B01-0031,L31,-2.8417744321245433,-1.0620295053766957
L31_A96_B01-0032,L31,-2.1617219042069595,-1.3396476717899939
L31_A96_B01-0033,L31,-0.7955685079815399,-1.1963272175279887
L31_A96_B01-0034,L31,-0.7508822704409402,-1.4394801627017957
L31_A96_B01-0035,L31,-2.4052827979031908,-1.119816073713872
L31_A96_B01-0036,L31,-0.35904645722305933,-1.9177255507947812
L31_A96_B01-0037,L31,1.4192037260886106,-1.7144701053632754
L31_A96_B01-0038,L31,-1.0934609250864387,-1.272005205906599
L31_A96_B01-0039,L31,-1.3358447548316712,-1.3334573385751929
L31_A96_B01-0040,L31,1.7074067485265803,-1.3894114984279164
L31_A96_B01-0041,L31,-0.44363242548930215,-1.5779524816224815
L31_A96_B01-0042,L31,-0.9954927177491765,-1.3206686873806237
L31_A96_B01-0043,L31,0.09104105576993737,-1.974979696709875
L31_A96_B01-0044,L31,-4.043941883410132,-1.2533656772756998
L31_A96_B01-0045,L31,-1.717096582077765,-1.5846595427825751
L31_A96_B01-0046,L31,0.5665014008567568,-1.5243918876867393
L31_A96_B01-0047,L31,-0.48396137559737,-1.5768642485840667
L31_A96_B01-0048,L31,-1.0122321602500972,-1.5450917082914164
L31_A96_B01-0049,L31,-0.4332964375252787,-1.4677940896891
L31_A96_B01-0050,L31,-1.27238500184595,-1.4081382292611315
L31_A96_B01-0051,L31,-1.802063903254242,-1.3427412009681183
L31_A96_B01-0052,L31,-0.447312202487099,-1.5391896401105043
L31_A96_B01-0053,L31,-2.8611564838515915,-1.3305503000204468
L31_A96_B01-0055,L31,-2.547989928123462,-1.5324147034214395
L31_A96_B01-0056,L31,-0.3200380676672606,-1.1557597859926807
L31_A96_B01-0057,L31,0.2597721677925263,-1.347485117921197
L31_A96_B01-0058,L31,0.1244012580413534,-1.3951438861058685
L31_A96_B01-0059,L31,-0.7506241999890476,-1.51981886043961
L31_A96_B01-0060,L31,-0.6224726597570582,-1.7508729303914545
L31_A96_B01-0061,L31,-0.9551216607941193,-1.5940042490619766
L31_A96_B01-0062,L31,-0.43596060997977043,-1.9223188214791125
L31_A96_B01-0063,L31,-3.117802361826663,-1.068052164805328
L31_A96_B01-0064,L31,0.7391476347833703,-1.5750645163834167
L31_A96_B01-0065,L31,0.4294116493943836,-1.2044756275055903
L31_A96_B01-0066,L31,0.4204977741268188,-1.2612160824058125
L31_A96_B01-0067,L31,-0.16441941651388683,-1.7997916488774461
L31_A96_B01-0068,L31,-2.4137316012685504,-1.7065779586198324
L31_A96_B01-0069,L31,-0.6866330252663062,-1.524902437506567
L31_A96_B01-0070,L31,0.572430278297517,-1.797592277667856
L31_A96_B01-0071,L31,-1.9919152204661095,-1.3872147514644513
L31_A96_B01-0072,L31,-1.9618523724120343,-1.4061119413450103
L31_A96_B01-0073,L31,-0.34191917759696216,-1.8230232316040513
L31_A96_B01-0074,L31,-3.526018231550316,-1.2642267324735244
L31_A96_B01-0075,L31,-1.1303872483804513,-1.53014166460504
L31_A96_B01-0076,L31,-0.23260323054806947,-1.5651129226905125
L31_A96_B01-0077,L31,-1.194683129130119,-1.6626540780599022
L31_A96_B01-0078,L31,-2.806026924851523,-1.4552729218458755
L31_A96_B01-0079,L31,-2.73764959455829,-1.4427790865440362
L31_A96_B01-0080,L31,0.022463402680792582,-1.3362025453253226
L31_A96_B01-0081,L31,-0.5497596889634816,-1.4247956165867577
L31_A96_B01-0082,L31,-2.4973949110332185,-1.4743060900745089
L31_A96_B01-0083,L31,-0.481025890095791,-2.7247300184700745
L31_A96_B01-0084,L31,-0.9880116001487621,-1.5594782835834449
L31_A96_B01-0085,L31,-2.0876487965245563,-1.7721303864759104
L31_A96_B01-0086,L31,0.08550004966329601,-1.9516537217024807
L31_A96_B01-0087,L31,0.20795488883407726,-2.212656819609592
L31_A96_B01-0088,L31,-0.4946267002172433,-1.7694829496223556
L31_A96_B01-0089,L31,-3.2477948736525333,-1.179433946706528
L31_A96_B01-0090,L31,-2.4969215990312605,-1.4313316536493867
L31_A96_B01-0091,L31,-2.1553088048026083,-1.5754593432936057
L31_A96_B01-0094,L31,-3.078384876637717,-1.638771663622927
L31_A96_B01-0095,L31,-1.0424381336254018,-1.7956834310090557
L31_A96_B01-0096,L31,-0.3392548412277239,-1.4682563111555955
L31_A96_B01-0097,L31,-0.5874978976127448,-1.6037183275759181
L31_A96_B01-0098,L31,0.17413649285523314,-1.397984934140337
L31_A96_B01-0099,L31,0.9050651855376058,-1.288674490486348
L31_A96_B01-0101,L31,-2.6328604774871227,-1.5867455018691283
L31_A96_B01-0102,L31,-1.543754169042158,-2.0137480634209703
L31_A96_B01-0103,L31,-1.3535806015847909,-1.6529547022358855
L31_A96_B01-0104,L31,-2.0010763127707794,-1.6955080094636088
L31_A96_B01-0105,L31,-1.704813376954942,-1.7596104929076701
L31_A96_B01-0106,L31,-3.852412313668226,-1.1921504123586066
L31_A96_B01-0108,L31,0.6711940868257678,-1.8567288456589448
L31_A96_B01-0109,L31,-0.7408621426561095,-1.5200876625720534
L31_A96_B01-0111,L31,-1.9809902923843923,-1.3593052264439318
L31_A96_B01-0112,L31,-0.30018058387499036,-1.7278313080316612
L31_A96_B01-0113,L31,0.5033570555091271,-1.617943870602559
L31_A96_B01-0114,L31,-2.1274340577354454,-1.3075092470857876
L31_A96_B01-0115,L31,-1.6029972528858218,-1.1350360925424479
L31_A96_B01-0116,L31,-0.5496485361742819,-2.002994697852425
L31_A96_B01-0118,L31,-0.8428022474834919,-1.60917068499986
L31_A96_B01-0120,L31,-0.4434529835422354,-1.5082234229888385
L31_A96_B01-0121,L31,-0.29305890219426545,-1.7355987210940078
L31_A96_B01-0122,L31,0.009699450800170345,-1.7573923563871274
L31_A96_B01-0123,L31,-1.2042668967776544,-1.6574806144111762
L31_A96_B01-0124,L31,-3.136252910429348,-1.5133327330227289
L31_A96_B01-0125,L31,-2.4687076806864963,-1.7347359994048708
L31_A96_B01-0127,L31,-2.8539585816059723,-1.6262922666168584
L31_A96_B01-0128,L31,0.709208294846697,-1.3396248518550369
L31_A96_B01-0129,L31,0.14664495642598285,-1.8595900671622831
L31_A96_B01-0130,L31,-0.562514100237401,-1.332900023302439
L31_A96_B01-0131,L31,-0.8848996815354087,-1.5177512396817616
L31_A96_B01-0132,L31,-0.5717267571045535,-1.7495897100978495
L31_A96_B01-0133,L31,0.5764860674941252,-1.8192328217336127
L31_A96_B01-0134,L31,-2.5349461396664217,-1.6641383192739714
L31_A96_B01-0135,L31,1.1410003919975147,-1.431940872014978
L31_A96_B01-0136,L31,-1.234173304306212,-1.3868875221302817
L31_A96_B01-0137,L31,0.3436714944727992,-1.7748756993037629
L31_A96_B01-0138,L31,-1.1690850452536308,-1.7246013599498324
L31_A96_B01-0140,L31,0.44556342003957733,-1.8046751586525076
L31_A96_B01-0141,L31,-0.1687582234242651,-1.280388794085253
L31_A96_B01-0142,L31,-2.971530312346116,-1.3064302754990724
L31_A96_B01-0143,L31,-2.6710867967483263,-1.3011633142918044
L31_A96_B01-0144,L31,0.277735502945967,-0.9164658025368656
L31_A96_B01-0145,L31,-3.2566024887890372,-1.2743894272600784
L31_A96_B01-0146,L31,-1.5510876221258703,-1.4225857961663522
L31_A96_B01-0147,L31,-3.6287196853456343,-1.0762794880788502
L31_A96_B01-0148,L31,-1.412876080602126,-1.9354146440812126
L31_A96_B01-0149,L31,1.8449603837705155,-1.8796624046204822
L31_A96_B01-0150,L31,-1.2764636697378615,-1.6049248922026829
L31_A96_B01-0151,L31,-0.865388588818286,-1.4508113511691043
L31_A96_B01-0152,L31,-1.2875182213346488,-1.5258928070325584
L31_A96_B01-0153,L31,-1.101844076523592,-1.568060144234028
L31_A96_B01-0154,L31,-0.6108508673418755,-1.4223070636733322
L31_A96_B01-0155,L31,-0.5254614898297081,-2.2075969443432792
L31_A96_B01-0156,L31,-2.425361331647819,-1.5277159023425684
L31_A96_B01-0157,L31,-0.6814994472295227,-1.6898696429656053
L31_A96_B01-0158,L31,-1.030609176586705,-1.3075547430347536
L31_A96_B01-0159,L31,0.549757299608659,-1.70660256870361
L31_A96_B01-0160,L31,-1.5233724834455797,-1.9965024154375042
L31_A96_B01-0161,L31,-0.6125238948796411,-1.7868077649908805
L31_A96_B01-0162,L31,-1.809756966136812,-1.8317668366564457
L31_A96_B01-0163,L31,-0.7313983860040909,-1.6057867114723512
L31_A96_B01-0164,L31,-1.6707177605829016,-1.6023944323555208
L31_A96_B01-0165,L31,-0.16258557858115674,-2.7814323906536185
L31_A96_B01-0166,L31,-2.435074003732862,-1.9128780101853522
L31_A96_B01-0167,L31,-0.7861876128590193,-1.6411747977662072
L31_A96_B01-0168,L31,-1.905078214881978,-1.7572087695193315
L31_A96_B01-0169,L31,-3.0342253007947964,-1.6835899612466316
L31_A96_B01-0170,L31,1.2875223850448063,-1.8059280572074357
L31_A96_B01-0171,L31,-0.4868232787620544,-1.7805302234572542
L31_A96_B01-0172,L31,-1.6479596640354692,-1.3075701950061542
L31_A96_B01-0173,L31,-3.8004488618958243,-1.1205971973350761
L31_A96_B01-0174,L31,-1.2930733238508607,-1.2932161568651828
L31_A96_B01-0175,L31,-2.7963073187248524,-1.3155564037800653
L31_A96_B01-0177,L31,-1.3159346472436488,-1.4638952388951707
L31_A96_B01-0179,L31,-0.7249705803435971,-2.6616196680305206
L31_A96_B01-0180,L31,-0.5767915960778774,-1.6047766967324466
L31_A96_B01-0181,L31,-0.426954132193501,-1.8458014233566538
L31_A96_B01-0182,L31,-3.3324438212258114,-0.8633116832261656
L31_A96_B01-0183,L31,-1.0899791162145713,-1.4562674688503692
L31_A96_B01-0184,L31,-3.177845309401856,-1.2114800026963044
L31_A96_B01-0187,L31,-0.8337288827608459,-1.3532760806516368
L31_A96_B01-0191,L31,-0.9668688160546132,-1.303775310571475
L31_A96_B01-0192,L31,-1.2493163111466026,-1.5115476701933137
L31_A96_B01-0193,L31,-2.903790549332432,-1.2072261823588233
L31_A96_B01-0194,L31,-2.1723697714895622,-1.3109533731468666
L31_A96_B01-0196,L31,-0.9758605827002392,-1.4205207303653804
L31_A96_B01-0197,L31,-0.25221878579344337,-1.4464697809577347
L31_A96_B01-0198,L31,-2.2661926622286277,-1.410550183572296
L31_A96_B01-0199,L31,-3.6233222761327424,-1.120245824696204
L31_A96_B01-0200,L31,-3.0058120044704046,-1.347870298034464
L31_A96_B01-0201,L31,-2.3840892172272374,-1.5831418860891209
L31_A96_B01-0202,L31,-0.5599087994089945,-1.34508008778521
L31_A96_B01-0203,L31,-1.5798000060178758,-1.2872042906314192
L31_A96_B01-0204,L31,-0.7253989943683165,-1.6331027199517962
L31_A96_B01-0205,L31,-2.03089493457017,-1.4058559153109196
L31_A96_B01-0206,L31,-1.7966929608564057,-1.6170316778405904
L31_A96_B01-0207,L31,-0.12097335493202604,-1.7649047688660544
L31_A96_B01-0208,L31,-2.17599580757419,-2.0122229850113005
L31_A96_B01-0209,L31,-0.37718902897299855,-1.7007453622883084
L31_A96_B01-0211,L31,-0.4110521964496239,-1.3100937422465788
L31_A96_B01-0212,L31,-0.20592610087780644,-1.3513179549383314
L31_A96_B01-0213,L31,-3.281657230401831,-1.6327287589020734
L31_A96_B01-0215,L31,-1.1270263944541203,-1.06791742315218
L31_A96_B01-0216,L31,-3.261560703527705,-0.9584437193988942
L31_A96_B01-0217,L31,-3.6293288237582373,-0.9508669973093206
L31_A96_B01-0218,L31,-2.038534422800879,-1.188909256456062
L31_A96_B01-0219,L31,-2.0122234009507163,-1.4842060687718983
L31_A96_B01-0220,L31,-1.4521731245952965,-1.401538783575411
L31_A96_B01-0221,L31,-0.837429296336935,-2.0097947423496874
L31_A96_B01-0222,L31,-0.9124771052795432,-1.3674725491876154
L31_A96_B01-0223,L31,-0.587751287100248,-1.8467086671399373
L31_A96_B01-0224,L31,-2.434314489995162,-1.2849299161820635
L31_A96_B01-0225,L31,-0.860876419962509,-1.2689940963155952
L31_A96_B01-0226,L31,-1.5600035210653898,-1.5022874918095177
L31_A96_B01-0227,L31,-0.748326590867489,-1.7805388640910103
L31_A96_B01-0228,L31,-0.8837267575891199,-1.7635048279383316
L31_A96_B01-0229,L31,-0.6210334789779743,-1.4416913676549572
L31_A96_B01-0230,L31,-2.62526498361328,-1.4850895379532203
L31_A96_B01-0231,L31,-0.8847524424803898,-1.7547430951317196
L31_A96_B01-0232,L31,-1.1158415205672156,-1.6902535011805637
L31_A96_B01-0233,L31,-2.0462311724754345,-1.3990855092405916
L31_A96_B01-0235,L31,-0.8720897725899368,-1.0051558027393288
L31_A96_B01-0239,L31,-2.878405935858331,-1.9308645182518196
L31_A96_B01-0240,L31,-0.49427529188236075,-2.4223350680143665
L31_A96_B01-0241,L31,-0.5486775796912624,-1.7760920253381223
L31_A96_B01-0242,L31,-2.260918181600204,-1.4693480778179686
L31_A96_B01-0243,L31,-1.0592919864333332,-1.9393273250428587
L31_A96_B01-0244,L31,-1.1689828730388223,-1.4066398810966554
L31_A96_B01-0245,L31,-0.03582811865972302,-1.5741426556666978
L31_A96_B01-0246,L31,-2.444162282733933,-1.5177343549436466
L31_A96_B01-0248,L31,-2.1324716577420784,-1.64363492387033
NL_A186_B01-0001,NL,-0.831902013579062,-0.4279646517505183
NL_A186_B01-0002,NL,-0.26112595744619677,1.202955729844137
NL_A186_B01-0003,NL,0.40658359276897726,0.3023320639685703
NL_A186_B01-0004,NL,-0.4567906550618403,0.36856138055157056
NL_A186_B01-0005,NL,1.582463971929469,0.38200017638204586
NL_A186_B01-0007,NL,2.9049441201552333,0.29304626093805786
NL_A186_B01-0008,NL,-0.32815210095978464,1.5559947407272932
NL_A186_B01-0010,NL,-0.38913860517417265,-0.03171301767447089
NL_A186_B01-0011,NL,-0.1671674497934887,0.9639196297752943
NL_A186_B01-0012,NL,0.32707218760486834,1.1966927451445974
NL_A186_B01-0013,NL,1.2528368372814085,1.1312340680828565
NL_A186_B01-0014,NL,0.8075701544937292,0.6240840976880471
NL_A186_B01-0015,NL,4.054339192311504,0.9075220766838936
NL_A186_B01-0016,NL,0.7788012686659957,0.9794480723931389
NL_A186_B01-0017,NL,-1.8111066966219056,1.350966541699644
NL_A186_B01-0018,NL,-1.6783074769248196,1.2867762149255342
NL_A186_B01-0019,NL,0.9125353140099756,0.7058154670590564
NL_A186_B01-0020,NL,-0.12340428963413508,0.5606001076358008
NL_A186_B01-0021,NL,-3.2041714393981318,-1.597221729316276
NL_A186_B01-0022,NL,1.5668250147852723,0.7123159922477167
NL_A186_B01-0023,NL,-0.4978977354930729,1.4811052383054335
NL_A186_B01-0025,NL,1.117501167502768,0.06969654713128833
NL_A186_B01-0027,NL,-1.2669029035335586,0.23518343136952358
NL_A186_B01-0028,NL,1.7537097960414685,0.035543464504073176
NL_A186_B01-0029,NL,0.8463579810326298,0.8250676936701978
NL_A186_B01-0030,NL,-1.4362169906513818,0.8478037829535954
NL_A186_B01-0032,NL,1.160432354557627,0.6815133979607124
NL_A186_B01-0035,NL,-0.5632988625106488,0.8471449518242008
NL_A186_B01-0036,NL,-1.9559812910867138,-1.1748159076526519
NL_A186_B01-0037,NL,-2.7042332773115536,-0.4868810650668246
NL_A186_B01-0038,NL,-1.971323616782945,0.7814141269849162
NL_A186_B01-0040,NL,-0.2395979689491706,0.5915071023639253
NL_A186_B01-0041,NL,3.4072482594344433,0.6671318854976617
NL_A186_B01-0043,NL,1.6259928537667436,-0.20346243825266447
NL_A186_B01-0044,NL,1.9960648425101184,0.7941270222377861
NL_A186_B01-0045,NL,-1.8023825358506613,1.8500966208371066
NL_A186_B01-0046,NL,-1.87135634070345,0.24243689325298595
NL_A186_B01-0047,NL,-1.219646545221115,1.0562281973440384
NL_A186_B01-0048,NL,-0.27740035460478724,0.44458157801347586
NL_A186_B01-0049,NL,-0.1824592550918973,0.6333198301369954
NL_A186_B01-0050,NL,-1.3887811031786326,0.863679042360623
NL_A186_B01-0051,NL,-1.5598997004818127,1.2275051303694067
NL_A186_B01-0052,NL,-0.10117048286372285,-0.23638741816080494
NL_A186_B01-0053,NL,-1.8748060317010893,0.9349972000842833
NL_A186_B01-0054,NL,-0.16286963812835106,0.41417953690034515
NL_A186_B01-0055,NL,2.801992134655184,0.1501402734710474
NL_A186_B01-0056,NL,1.9361617531976567,0.0002588724747924209
NL_A186_B01-0057,NL,1.855624877190486,0.32828720605385936
NL_A186_B01-0058,NL,-1.9281570183073693,1.168352985536436
NL_A186_B01-0059,NL,-1.7750717282232877,0.9464105390795704
NL_A186_B01-0060,NL,0.14048302474323707,1.420201345756956
NL_A186_B01-0062,NL,0.9052985192748483,1.0097275816603832
NL_A186_B01-0063,NL,3.5400341029840443,1.5188458988387092
NL_A186_B01-0064,NL,-1.1444853992328647,0.7239349622304277
NL_A186_B01-0065,NL,1.973896306643734,0.06431812355956953
NL_A186_B01-0067,NL,1.8019946375968467,0.13884568290242544
NL_A186_B01-0068,NL,-1.0384415238141766,0.6295213987515833
NL_A186_B01-0069,NL,1.5346570440004985,1.1924275575769552
NL_A186_B01-0070,NL,1.7420426457972056,0.1910459451757638
NL_A186_B01-0071,NL,-0.7012176288078434,0.6882122920201731
NL_A186_B01-0073,NL,1.4565323912899555,0.4859091989061003
NL_A186_B01-0074,NL,-1.4556167408862348,-0.06411516712975791
NL_A186_B01-0075,NL,3.1783158151822786,1.429546074596049
NL_A186_B01-0076,NL,-2.553656069735821,1.2964521736177523
NL_A186_B01-0077,NL,0.14647750101393434,0.6774446867482564
NL_A186_B01-0079,NL,0.8429912647264908,2.8511297806880562
NL_A186_B01-0080,NL,-0.2425366561799811,0.9787665782297047
NL_A186_B01-0081,NL,-0.19750768955370407,0.6123250405467485
NL_A186_B01-0082,NL,3.705339200085921,2.637299822001371
NL_A186_B01-0083,NL,-3.0389933503469,-0.7751123226073457
NL_A186_B01-0084,NL,-1.1072298332210317,0.6713225139593981
NL_A186_B01-0085,NL,-0.3686971730784402,1.119351174111958
NL_A186_B01-0086,NL,1.7617493715173658,1.3131421907522647
NL_A186_B01-0087,NL,-0.7602489603896274,1.7399948004312122
NL_A186_B01-0088,NL,-0.10042932212039113,0.2191899101121662
NL_A186_B01-0089,NL,2.5630645412842963,0.15188648300370333
NL_A186_B01-0090,NL,-0.18958773047376576,0.9125132940598523
NL_A186_B01-0091,NL,1.5497911217159774,0.6974504230202127
NL_A186_B01-0092,NL,0.9630523196135813,0.9045030395278459
NL_A186_B01-0093,NL,-2.6081628832781267,0.23973681822681853
NL_A186_B01-0094,NL,2.559251299797154,1.2798839524729004
NL_A186_B01-0095,NL,-0.6252635860097423,1.2769112532815392
NL_A186_B01-0096,NL,2.9679286768967823,0.6906278829064337
NL_A186_B01-0097,NL,2.5441118828812317,0.9783573521657454
NL_A186_B01-0098,NL,1.6709930355939258,1.46185000761066
NL_A186_B01-0099,NL,-0.21833142677756795,0.6308357038566809
NL_A186_B01-0100,NL,0.21262151109643254,0.6793387559305872
NL_A186_B01-0101,NL,-1.0964701957792173,1.6348582256966455
NL_A186_B01-0102,NL,-0.5166625607279058,0.20393090381435558
NL_A186_B01-0103,NL,1.0637080597641684,0.008760113978405915
NL_A186_B01-0105,NL,1.129139741273585,1.2649656448892037
NL_A186_B01-0106,NL,-0.3170619638975216,0.3331691729704904
NL_A186_B01-0107,NL,-0.6712273031629619,0.42009402235969584
NL_A186_B01-0108,NL,0.7674271549421436,1.0098817345489348
NL_A186_B01-0109,NL,1.158769480899737,1.3393694593813885
NL_A186_B01-0110,NL,-1.3135271473384533,1.3154828529782472
NL_A186_B01-0111,NL,-0.34143360922439353,0.34254271192642594
NL_A186_B01-0112,NL,-0.41343285755239007,0.6527609138532798
NL_A186_B01-0114,NL,0.7834337232009954,1.335011684295052
NL_A186_B01-0115,NL,-0.43395784238215906,0.5695596860776942
NL_A186_B01-0116,NL,2.8648107848566244,0.35688280212160073
NL_A186_B01-0117,NL,0.1586182145465162,0.25233993344345546
NL_A186_B01-0118,NL,-1.2345947407480518,1.0661988766513273
NL_A186_B01-0119,NL,1.151222048439925,-0.18795238042475904
NL_A186_B01-0120,NL,4.264386318456648,0.8687354698579389
NL_A186_B01-0122,NL,3.364330800977734,0.6416290574363549
NL_A186_B01-0123,NL,2.291381728539862,0.0649095174173935
NL_A186_B01-0124,NL,2.346745006922628,0.4187114708630282
NL_A186_B01-0125,NL,-1.6237788737615777,-0.1480370093826502
NL_A186_B01-0126,NL,1.0214820634066155,0.2428331261156146
NL_A186_B01-0128,NL,2.3097199291781054,-0.44815476211636684
NL_A186_B01-0129,NL,-0.2087661561441963,0.592173348199682
NL_A186_B01-0130,NL,-0.07392898619651044,0.5114556001203239
NL_A186_B01-0131,NL,2.3461719050580516,0.9777284568636594
NL_A186_B01-0132,NL,0.8571661509998385,0.27590889430912763
NL_A186_B01-0133,NL,1.8052083169108275,1.437575405968494
NL_A186_B01-0134,NL,1.030705856866821,0.19953926318201132
NL_A186_B01-0135,NL,1.6089881664922947,0.7940721203898713
NL_A186_B01-0137,NL,1.344262085325882,0.9823928467795482
NL_A186_B01-0138,NL,0.8639472027779869,0.7381059754546551
NL_A186_B01-0139,NL,-1.476771659531786,1.043513734850086
NL_A186_B01-0140,NL,2.983861376823209,1.3699013409891136
NL_A186_B01-0141,NL,0.18480675869099922,1.2954452231003775
NL_A186_B01-0142,NL,-0.019388492191350346,0.1528425556675212
NL_A186_B01-0143,NL,0.8373039646887241,0.5620033642459389
NL_A186_B01-0144,NL,-0.17577379495448167,0.5321891094298381
NL_A186_B01-0145,NL,1.9175586708134738,0.18687089511273178
NL_A186_B01-0146,NL,4.854435919454183,0.9193766641174121
NL_A186_B01-0147,NL,1.5826925019932463,0.6972772101493747
NL_A186_B01-0148,NL,-0.3121995464293593,0.6239881071501753
NL_A186_B01-0149,NL,2.686213629918455,0.6351691419620353
NL_A186_B01-0150,NL,3.191613949782072,0.7009034692596245
NL_A186_B01-0151,NL,-1.4816353026269646,0.3110084920647639
NL_A186_B01-0152,NL,0.5820581844021889,0.9807619261748182
NL_A186_B01-0154,NL,-1.9329032561001087,1.7566056311491591
NL_A186_B01-0155,NL,-1.4918031006857633,0.7872711876421117
NL_A186_B01-0156,NL,0.08006513120976252,1.719084166052619
NL_A186_B01-0159,NL,0.7171375278019176,1.5372563580299927
NL_A186_B01-0161,NL,-0.21926726586705464,1.369200719766795
NL_A186_B01-0162,NL,-0.704170198349138,0.9648634631627824
NL_A186_B01-0163,NL,-0.44649061383204575,0.8216690423781399
NL_A186_B01-0164,NL,0.8605353125452039,1.4662389564528895
NL_A186_B01-0167,NL,-0.7759914333272651,0.8371829621159137
NL_A186_B01-0168,NL,-0.2599097899945476,0.9664612643892067
QCL_A184_B01-0001,QCL,1.010496494381918,0.19258632536285364
QCL_A184_B01-0002,QCL,1.3276620680675877,-0.5078610481246167
QCL_A184_B01-0003,QCL,5.269746478768072,-1.0304665390273235
QCL_A184_B01-0004,QCL,1.5540401249278464,-1.997451821812253
QCL_A184_B01-0005,QCL,3.8846780264856817,-1.2618432380632054
QCL_A184_B01-0006,QCL,4.8549534323604275,-1.772070486416789
QCL_A184_B01-0007,QCL,2.3593294934388567,-1.368003045872879
QCL_A184_B01-0008,QCL,6.525057927605037,-0.7340253599501063
QCL_A184_B01-0009,QCL,8.531073152502293,-0.5518832413734627
QCL_A184_B01-0010,QCL,7.244684579554055,-0.946951409974063
QCL_A184_B01-0011,QCL,2.44944904084657,-0.7083165221174366
QCL_A184_B01-0012,QCL,6.987097341741467,-1.2876191281588278
QCL_A184_B01-0013,QCL,4.104479494320762,-2.0816183427680253
QCL_A184_B01-0014,QCL,-0.1121719233704968,-2.315639466045929
QCL_A184_B01-0015,QCL,5.182746376680033,-0.45319170444362455
QCL_A184_B01-0016,QCL,4.627983627711037,-1.2638707176734636
QCL_A184_B01-0017,QCL,4.507549259930947,-1.4559342306226404
QCL_A184_B01-0018,QCL,-0.11006863507520856,-2.440234350342846
QCL_A184_B01-0019,QCL,-0.1643682496216318,-2.0355074882532125
QCL_A184_B01-0020,QCL,6.812206206831716,-1.4345612645780572
QCL_A184_B01-0021,QCL,-0.40202375072038643,-1.5026493815183795
QCL_A184_B01-0022,QCL,2.0069719035917672,-0.8259331458274164
QCL_A184_B01-0023,QCL,3.2695564595561315,-2.4270386587553463
QCL_A184_B01-0024,QCL,2.4247665946376387,-1.1162552598074318
QCL_A184_B01-0025,QCL,-0.3653919102239224,-1.6220206912447095
QCL_A184_B01-0026,QCL,3.478944841524135,-0.47626199758586885
QCL_A184_B01-0027,QCL,2.0303051504390273,-0.2376484026194955
QCL_A184_B01-0028,QCL,3.3085837091983334,-1.2603223796472234
QCL_A184_B01-0029,QCL,0.06849382701418201,-2.0409140968940576
QCL_A184_B01-0030,QCL,3.3077200304041514,-0.5077125876166791
QCL_A184_B01-0031,QCL,0.7023105531937295,-1.2220502185782647
QCL_A184_B01-0032,QCL,-1.5297376392976785,-1.5896669439780733
QCL_A184_B01-0033,QCL,-0.6113618390516249,-1.2853437002968702
QCL_A184_B01-0034,QCL,-1.9226858421579665,-1.7692179959480223
QCL_A184_B01-0035,QCL,0.4367082079466482,-0.7767479697814271
QCL_A184_B01-0036,QCL,0.9767711341829457,-1.6079332381516445
QCL_A184_B01-0037,QCL,4.021245788618965,-1.220737707672189
QCL_A184_B01-0038,QCL,2.4192199705605053,-0.29409939589513584
QCL_A184_B01-0040,QCL,2.407104339847826,-1.49495532140298
QCL_A184_B01-0042,QCL,3.412737436928368,-1.7614012355056667
QCL_A184_B01-0043,QCL,0.6296133150223577,-0.5067395788833184
QCL_A184_B01-0044,QCL,3.759776707707206,-1.5765872296109729
QCL_A184_B01-0045,QCL,2.7868783481450814,-0.4542241779222318
QCL_A184_B01-0046,QCL,0.7898492536594103,-0.7771626372347393
QCL_A184_B01-0047,QCL,4.770950986520005,0.01731113711755833
QCL_A184_B01-0048,QCL,5.051180645727112,-0.33254421285908764
QCL_A184_B01-0049,QCL,-0.7628940547042078,-1.9069941729696722
QCL_A184_B01-0050,QCL,-1.011540853245386,-1.5039477737766127
QCL_A184_B01-0051,QCL,1.508322815668563,-0.1603686950805983
QCL_A184_B01-0052,QCL,2.4790048310087753,-0.867226826329674
QCL_A184_B01-0053,QCL,-0.14396842394138565,-2.2299781246303816
QCL_A184_B01-0054,QCL,3.0933668256156577,-0.6499193343318387
QCL_A184_B01-0055,QCL,4.905419698759635,-0.8123218898863132
QCL_A184_B01-0056,QCL,3.5239498942806997,-0.6223222367685478
QCL_A184_B01-0057,QCL,4.36726304292486,-0.5895841529227853
QCL_A184_B01-0058,QCL,6.912403227456174,-0.8345864085697864
QCL_A184_B01-0059,QCL,4.621562882732516,-0.47256630668603705
QCL_A184_B01-0060,QCL,3.8794881082529464,-0.4205179061000959
QCL_A184_B01-0061,QCL,1.3985475231409183,0.5290726974745572
QCL_A184_B01-0062,QCL,0.23260345185374587,-2.736396923655014
QCL_A184_B01-0063,QCL,0.2596693005573845,-0.2732082857554745
QCL_A184_B01-0064,QCL,2.2889624795191232,-0.4388418753493699
QCL_A184_B01-0065,QCL,1.418943292974567,0.21201847107100144
QCL_A184_B01-0066,QCL,1.97748966818321,-0.36176061803441956
QCL_A184_B01-0067,QCL,2.8347101487777353,-1.3089890864081573
QCL_A184_B01-0068,QCL,0.3979933375948335,-0.6788462119744156
QCL_A184_B01-0069,QCL,0.4148096167177253,-1.4411047776339243
QCL_A184_B01-0070,QCL,1.5226801045667147,-0.05350237794363799
QCL_A184_B01-0071,QCL,5.111775679217537,-0.008920594993727354
QCL_A184_B01-0072,QCL,0.3466515284446758,-1.5444983911808072
QCL_A184_B01-0073,QCL,2.2627907516339447,-0.6562595694864789
QCL_A184_B01-0074,QCL,2.3230341026974832,-0.5375785735282118
QCL_A184_B01-0075,QCL,-0.04930395326533607,-1.6788651011432099
QCL_A184_B01-0076,QCL,-0.2672565080014712,-0.6724762939361467
QCL_A184_B01-0077,QCL,1.3975398265860253,-1.1658824111956783
QCL_A184_B01-0078,QCL,0.2662940630633499,-1.297751647931767
QCL_A184_B01-0080,QCL,1.0079627804718816,-1.3721098180159843
QCL_A184_B01-0081,QCL,2.201049578551951,-1.2845682730807713
QCL_A184_B01-0082,QCL,3.6916472349554637,-1.5990060802904906
QCL_A184_B01-0083,QCL,0.4439000546654112,-2.265003251532915
QCL_A184_B01-0084,QCL,1.8846094102647797,-0.9379479860213137
QCL_A184_B01-0085,QCL,1.7627407167401756,-1.2756980493182086
QCL_A184_B01-0086,QCL,0.6054184266560726,-1.7247506300869933
QCL_A184_B01-0087,QCL,7.321707296720575,-0.21776506606843807
QCL_A184_B01-0088,QCL,0.2988312404553005,-0.5804188247716002
QCL_A184_B01-0089,QCL,4.3981141472510785,-0.6052361809240956
QCL_A184_B01-0090,QCL,5.322514331589542,-1.1176862587502525
QCL_A184_B01-0091,QCL,3.935462123124037,-0.9107980965881827
QCL_A184_B01-0092,QCL,3.6698766881296345,-0.5623974667717153
QCL_A184_B01-0093,QCL,0.5277553563797177,-1.2778423474922636
QCL_A184_B01-0094,QCL,1.5426278807038343,-1.5461849634983214
QCL_A184_B01-0095,QCL,-0.1993801079327735,-2.1495227243550716
QCL_A184_B01-0096,QCL,4.455433701270884,-0.8581816153928433
QCL_A184_B01-0097,QCL,2.364448751543622,-0.9270876105137643
QCL_A184_B01-0098,QCL,4.377669337586466,-0.8627187781708641
QCL_A184_B01-0099,QCL,1.7882608903008854,-1.0877660181565585
QCL_A184_B01-0100,QCL,4.1557705610520825,-1.2166753572233964
QCL_A184_B01-0101,QCL,4.927111575824176,-0.6004174821222403
QCL_A184_B01-0102,QCL,3.100097339281864,-0.37527731179376217
QCL_A184_B01-0103,QCL,1.7883379005597229,-1.9784047913631815
QCL_A184_B01-0104,QCL,1.0384166073734344,-1.6645585609554077
QCL_A184_B01-0105,QCL,4.358779260740441,-0.557209059312004
QCL_A184_B01-0106,QCL,0.5324241872413992,-1.3410491458430913
QCL_A184_B01-0107,QCL,3.9326656868043286,-1.321672041544584
QCL_A184_B01-0108,QCL,-1.5108080533329404,-2.2449195611958803
QCL_A184_B01-0109,QCL,1.0546366691113267,-1.9488605681575883
QCL_A184_B01-0110,QCL,5.658565444416366,-1.267322429472064
QCL_A184_B01-0111,QCL,3.3052910885569946,-1.334001355992012
QCL_A184_B01-0112,QCL,3.0650881198038125,-0.6356083265377799
QCL_A184_B01-0113,QCL,2.339907555833965,-1.7579040461590028
QCL_A184_B01-0114,QCL,0.18787900383513476,-1.8525456826395224
QCL_A184_B01-0115,QCL,-0.27161604348078694,-2.1468029034177465
QCL_A184_B01-0116,QCL,3.236568599699911,-1.2824812982957554
QCL_A184_B01-0117,QCL,-1.3157302584214545,-2.08208222552258
QCL_A184_B01-0118,QCL,4.803932733640641,-1.4260438771585495
QCL_A184_B01-0119,QCL,3.115331713091552,-1.8621091278546384
QCL_A184_B01-0120,QCL,2.895873106208808,-1.339074726275522
QCL_A184_B01-0121,QCL,3.566964114964218,-0.3332827109380123
QCL_A184_B01-0122,QCL,4.714339678442365,-1.1622836426075096
QCL_A184_B01-0123,QCL,0.2629524789243808,-1.783453889792149
QCL_A184_B01-0124,QCL,1.3118439413944556,-1.4474534598460855
QCL_A184_B01-0125,QCL,0.6154674769845717,-1.1792894520834667
QCL_A184_B01-0126,QCL,-0.7872514554330334,-2.352574217656608
QCL_A184_B01-0127,QCL,3.7892317930091375,-0.45627720575594866
QCL_A184_B01-0128,QCL,5.005065008871621,-0.9695771251062708
QCL_A184_B01-0130,QCL,6.606078848330354,-0.7403396140163447
QCL_A184_B01-0131,QCL,0.46148811462880807,-2.2265772271557336
QCL_A184_B01-0132,QCL,3.7235973541440672,-0.7224946615527472
QCL_A184_B01-0133,QCL,4.557160072635597,-0.97486661241923
QCL_A184_B01-0134,QCL,2.533790559630098,-0.08863939111739252
QCL_A184_B01-0135,QCL,5.737785609744948,-0.5771051195992808
QCL_A184_B01-0136,QCL,4.8573275569458225,-1.4488274574223445
QCL_A184_B01-0137,QCL,4.470840496022847,-0.9415062053574403
QCL_A184_B01-0138,QCL,-0.03664234443936948,-0.5086426621937143
QCL_A184_B01-0139,QCL,-0.6585095952633359,-1.1086278255064634
QCL_A184_B01-0140,QCL,2.1243925913412274,-0.6379787473127893
QCL_A184_B01-0141,QCL,2.406624008424926,0.07056519473317242
QCL_A184_B01-0142,QCL,1.561005005294188,0.20606408366896067
QCL_A184_B01-0143,QCL,4.973570479329144,-0.4259552322011395
QCL_A184_B01-0144,QCL,0.6939412201903549,-0.4574341766906993
QCL_A184_B01-0145,QCL,1.5829976363866742,-0.14259473854310156
QCL_A184_B01-0146,QCL,-0.15260462684631254,-0.7166871506943921
QCL_A184_B01-0147,QCL,1.7331799601304454,-0.7371568678810858
QCL_A184_B01-0149,QCL,0.8345328238759157,-1.8083062568633763
QCL_A184_B01-0150,QCL,2.1826948239770134,0.193579913765074
QCL_A184_B01-0151,QCL,-1.1590287032669706,-1.30305013887523
QCL_A184_B01-0152,QCL,4.160377633152261,0.5649976431720759
QCL_A184_B01-0153,QCL,3.4524508483340166,-0.41264441183883194
QCL_A184_B01-0154,QCL,0.24167718086586654,-1.539436235057401
QCL_A184_B01-0155,QCL,1.1643693838120723,-1.374202328860212
QCL_A184_B01-0156,QCL,6.678438791424892,-0.6402808843662045
QCL_A184_B01-0157,QCL,-0.4330118329252919,-1.5530568768536046
QCL_A184_B01-0158,QCL,3.647377968302976,-0.5474448800151932
QCL_A184_B01-0159,QCL,4.121291075346799,-0.2582332736836288
QCL_A184_B01-0160,QCL,0.34750017447826076,-0.2034012754390177
QCL_A184_B01-0161,QCL,0.1435432571948342,-0.8167100346840639
QCL_A184_B01-0162,QCL,-0.5268763675724057,-0.9201027800463246
QCL_A184_B01-0164,QCL,2.1647284780302836,-1.6081969273991341
QCL_A184_B01-0165,QCL,0.4739904966006759,-1.6180842309999504
QCL_A184_B01-0166,QCL,0.9713550774836749,-1.3621436513346101
QCL_A184_B01-0168,QCL,3.0357996239093405,-0.8767318615766346
QCL_A184_B01-0169,QCL,0.6099023189857129,-2.0455538108806435
QCL_A184_B01-0170,QCL,-1.992325659108026,-1.4081042155472712
QCL_A184_B01-0171,QCL,0.5814055820391436,-1.3802346365881912
QCL_A184_B01-0172,QCL,2.695101785764937,-1.7148972086985153
QCL_A184_B01-0173,QCL,2.113673420687716,-0.8917345260237521
QCL_A184_B01-0174,QCL,2.5694758729613234,-0.5597508022878965
QCL_A184_B01-0175,QCL,1.819006317390403,-1.5211145960408494
QCL_A184_B01-0176,QCL,1.0140291597902915,-2.046165178145217
QCL_A184_B01-0177,QCL,-1.4875545342299188,-1.977668791301416
QCL_A184_B01-0178,QCL,-0.6248474390929575,-1.324602957148012
QCL_A184_B01-0179,QCL,0.4121233522894785,-1.654296031009925
QCL_A184_B01-0180,QCL,-0.03277923494467705,-1.2513016256566403
QCL_A184_B01-0181,QCL,4.536968744390203,-0.7949763607511804
QCL_A184_B01-0182,QCL,2.9805789105434597,-1.2057144584378237
QCL_A184_B01-0183,QCL,-1.9283051738030128,-1.1223259586596288
QCL_A184_B01-0185,QCL,2.916150185402649,-1.2261562389611849
QCL_A184_B01-0186,QCL,7.415273478184448,-0.34754301135216165
QCL_A184_B01-0187,QCL,3.239236586001777,-1.8605300567639107
QCL_A184_B01-0188,QCL,3.333556328961538,-1.2078560302494141
QCL_A184_B01-0189,QCL,-1.0179176908096057,-1.545371524828838
QCL_A184_B01-0190,QCL,0.16310754493781715,-1.76098949110591
QCL_A184_B01-0191,QCL,-0.7525598722643647,-1.7309685072936924
QCL_A184_B01-0192,QCL,-3.478634186391666,-2.0015951880092735
QCL_A184_B01-0193,QCL,5.0356135111783376,-0.878573473389274
QCL_A184_B01-0194,QCL,-2.2448980782844394,-2.058764895511973
QCL_A184_B01-0195,QCL,6.680179012024401,-0.3619770609947769
QCL_A184_B01-0196,QCL,0.8861980535979816,-0.4142121403761074
QCL_A184_B01-0197,QCL,0.5291654793953,0.005280216862048594
QCL_A184_B01-0199,QCL,-0.4940632262102663,-0.7625211456325987
QCL_A184_B01-0201,QCL,2.2485743835881165,-0.449007504008211
QCL_A184_B01-0202,QCL,1.1606949178457664,-1.1438688239669403
QCL_A184_B01-0203,QCL,1.2497537796851734,-0.7410208977868824
QCL_A184_B01-0204,QCL,0.9440911404929619,0.5568017168984679
QCL_A184_B01-0206,QCL,-1.5448749741415548,-1.4281618145059771
QCL_A184_B01-0207,QCL,-0.8642832182307911,-0.3475403478482534
QCL_A184_B01-0208,QCL,-0.4974130681827504,-0.9474368665967114
QCL_A184_B01-0209,QCL,1.2080895075168636,0.4664816806962495
QCL_A184_B01-0210,QCL,-2.0064027052028788,-1.480296735015821
QCL_A184_B01-0211,QCL,1.1461440250884025,-0.12545807600382378
QCL_A184_B01-0212,QCL,-0.5058859379354768,-1.037201356246872
QCL_A184_B01-0213,QCL,-1.1027417492749534,-1.2936448969501253
QCL_A184_B01-0215,QCL,-1.5909508457084196,-1.3563346684747528
QCL_A184_B01-0216,QCL,-1.8683228235012548,-1.0935627453072136
QCL_A184_B01-0217,QCL,-0.644500012118972,-0.13903414062175826
QCL_A184_B01-0218,QCL,0.22006838672283008,0.8848532335351333
QCL_A184_B01-0220,QCL,2.8101787046451454,-0.8707239512091652
QCL_A184_B01-0221,QCL,-1.8870315152307313,-1.7691696600305833
QCL_A184_B01-0222,QCL,-0.7120737152431459,-1.8894757999854535
QCL_A184_B01-0223,QCL,-0.02470959840719697,-1.4611544219911616
QCL_A184_B01-0224,QCL,4.420814613523947,-0.8955785768761246
QCL_A184_B01-0225,QCL,1.2298758197198574,-1.1699984454132293
QCL_A184_B01-0226,QCL,0.7391896180904096,-1.4290291964720647
QCL_A184_B01-0227,QCL,2.4379369102414623,-0.8597517948044752
QCL_A184_B01-0228,QCL,-1.9946039052544633,-1.5436018284659614
QCL_A184_B01-0229,QCL,1.9112569508629973,-0.5807165397386927
QCL_A184_B01-0230,QCL,2.206845273391975,-0.6849490466216592
QCL_A184_B01-0231,QCL,3.4922387251303375,-0.6153989919918716
QCL_A184_B01-0232,QCL,0.5076010829215633,-1.71675960880234
QCL_A184_B01-0233,QCL,0.6712666192785454,-2.067554932524106
QCL_A184_B01-0234,QCL,0.5785206296095775,-1.5036683888907652
QCL_A184_B01-0235,QCL,-0.025073367024844112,-1.7254796905675425
QCL_A184_B01-0236,QCL,-2.1144830277066253,-2.6138442182847994
QCL_A184_B01-0237,QCL,-0.8403653151790639,-1.8607288405109785
QCL_A184_B01-0238,QCL,3.6321111774236816,-1.056216601418759
QCL_A184_B01-0239,QCL,1.6072053002779412,-0.673859595890724
QCL_A184_B01-0240,QCL,3.3461382605719794,-1.25831615132704
QCL_A184_B01-0241,QCL,2.5890844597613376,-1.2819473166413689
QCL_A184_B01-0242,QCL,-0.2921578045188438,-1.6073865962300917
QCL_A184_B01-0243,QCL,-0.3732406611500049,-0.9617487698969219
QCL_A184_B01-0244,QCL,-1.2578683316796295,-1.608376482518984
QCL_A184_B01-0245,QCL,-1.6405870358044714,-1.3975687864756956
QCL_A184_B01-0246,QCL,2.2510934322900766,-0.4682449723279253
QCL_A184_B01-0247,QCL,-1.7012753344784035,-1.9195875903984387
QCL_A184_B01-0248,QCL,-0.6892308277287459,-1.9649315794399742
QCL_A184_B01-0249,QCL,-0.6311437973966795,-1.4707860667326877
QCL_A184_B01-0250,QCL,1.3530343696842153,0.0506298123090686
QCL_A184_B01-0251,QCL,-2.0129215593859375,-2.224342013627992
QCL_A184_B01-0252,QCL,-1.9155706788293516,-1.5517356619463842
QCL_A184_B01-0253,QCL,-0.5072977087265989,-1.8058835104190336
QCL_A184_B01-0254,QCL,2.4645593227905227,-0.6586227592717753
QCL_A184_B01-0255,QCL,2.979851746507706,-0.45543713949575826
QCL_A184_B01-0256,QCL,1.2392353710990098,-0.7675485517589665
QCL_A184_B01-0258,QCL,0.35085635764056405,1.2084512758916812
QCL_A184_B01-0259,QCL,3.1855097071996368,0.01742102255398236
QCL_A184_B01-0260,QCL,0.08462901414046478,0.11156221417797933
QCL_A184_B01-0261,QCL,0.8808744808793223,-0.892230354507088
QCL_A184_B01-0262,QCL,1.4334407680320234,0.020205626860449185
QCL_A184_B01-0263,QCL,2.2034469906408845,-0.9192791381171291
QCL_A184_B01-0264,QCL,0.765264402658672,-0.6339299024607554
QCL_A184_B01-0265,QCL,0.7502408128048055,-0.5332782261999804
QCL_A184_B01-0266,QCL,2.8779842417444046,0.9339061782054094
QCL_A184_B01-0267,QCL,2.2144734236920405,-0.5843756753020696
QCL_A184_B01-0268,QCL,1.2021689611389423,0.18976074923245886
QCL_A184_B01-0269,QCL,2.3676115781355587,-1.0476233245504885
QCL_A184_B01-0270,QCL,1.2517134460019057,-0.2861623290288659
QCL_A184_B01-0271,QCL,1.216716272637182,-0.5635327792501176
QCL_A184_B01-0272,QCL,3.709793630263773,0.39795095497338046
QCL_A184_B01-0273,QCL,4.841707192076283,-0.2140070177176242
QCL_A184_B01-0274,QCL,-1.3887577677619523,-1.8397194765604712
QCL_A184_B01-0275,QCL,1.0265611652265103,-0.7225901415713342
QCL_A184_B01-0276,QCL,1.5513730784407898,-0.8689297180954751
QCL_A184_B01-0277,QCL,4.793218327403241,-0.5741817737458177
QCL_A184_B01-0278,QCL,-0.19252122205502625,-0.8740615340522113
QCL_A184_B01-0279,QCL,-0.7287153451650977,-0.2016547419371668
QCL_A184_B01-0280,QCL,-0.9785141550639506,-0.4982870298384136
QCL_A184_B01-0281,QCL,2.205055499075765,0.604294052645829
QCL_A184_B01-0282,QCL,0.7271174304896152,-0.09625796790303848
QCL_A184_B01-0283,QCL,-2.118130112651661,-1.4666963684272438
QCL_A184_B01-0284,QCL,5.203751339508462,-1.243236911721994
QCL_A184_B01-0285,QCL,-0.348885570952611,-1.8369955376568694
QCL_A184_B01-0286,QCL,-0.449069932248018,-0.7857166937013744
QCL_A184_B01-0287,QCL,-1.0495864254384415,-1.0290946985441507
QCL_A184_B01-0288,QCL,-0.6624330354049468,-1.2806385119207642
QCL_A184_B01-0289,QCL,3.6986219770931195,-1.2799374966375776
QCL_A184_B01-0291,QCL,-2.573722715639194,-2.1890876400391934
QCL_A184_B01-0293,QCL,3.338139786273099,-1.4084281339784674
QCL_A184_B01-0294,QCL,1.1996043354688786,-0.9870348909493998
QCL_A184_B01-0295,QCL,-0.2800475117346928,-0.7121579996742511
QCL_A184_B01-0298,QCL,-0.7678528520082138,-1.7048758895521774
QCL_A184_B01-0300,QCL,0.967183065957142,-2.073477233152069
QCL_A184_B01-0301,QCL,3.196739221178034,-1.511770510772878
QCL_A184_B01-0302,QCL,1.2368414798695013,-1.5187628413822105
QCL_A184_B01-0303,QCL,-0.8377546539963683,-1.4307925826001198
QCL_A184_B01-0304,QCL,0.6506977788462591,0.9120377309286961
QCL_A184_B01-0305,QCL,2.2972385451647006,1.1391191134902074
QCL_A184_B01-0306,QCL,6.2601821537986915,-0.50359732481034
QCL_A184_B01-0308,QCL,0.04582154854816178,-1.591193553088654
QCL_A184_B01-0309,QCL,1.1109661426332695,0.4930254459480206
QCL_A184_B01-0310,QCL,1.7754197288589852,-0.267639689735526
QCL_A184_B01-0311,QCL,2.67667630065465,-1.3387954731009732
QCL_A184_B01-0312,QCL,-2.724901970386493,-1.155139244804073
QCL_A184_B01-0313,QCL,0.7397351344899862,-0.37823618097400413
QCL_A184_B01-0314,QCL,4.82425406780706,-0.6112117229371022
QCL_A184_B01-0316,QCL,-0.44559241164645336,-1.4777055241189074
QCL_A184_B01-0317,QCL,1.3481190064843906,-0.6874888196036388
QCL_A184_B01-0318,QCL,-1.5924790611993602,-1.983632830805542
QCL_A184_B01-0319,QCL,-0.9424662375233658,-0.8086185693600955
QCL_A184_B01-0320,QCL,1.6070380278044474,-1.214472590922963
QCL_A184_B01-0321,QCL,0.24345458820948412,-1.3206721459895427
QCL_A184_B01-0322,QCL,-2.062675368310189,-2.4924693190658993
QCL_A184_B01-0323,QCL,-1.4647084249720146,-0.8873572418812621
QCL_A184_B01-0324,QCL,-3.106311931521027,-2.3634173924688837
QCL_A184_B01-0325,QCL,5.968822362735746,-0.36667499170796813
QCL_A184_B01-0326,QCL,2.2192861069374485,-1.120624276692248
QCL_A184_B01-0327,QCL,1.5802594278261994,-0.3900003860049956
QCL_A184_B01-0328,QCL,-3.039948897963613,-2.181179357425531
QCL_A184_B01-0329,QCL,2.9789725312691937,-0.18929316322463838
QCL_A184_B01-0330,QCL,4.4237119114257215,-0.37003302637808383
QCL_A184_B01-0331,QCL,-0.8531201594801147,-1.3919179336984289
QCL_A184_B01-0332,QCL,6.481371686004602,-0.008762818710778442
QCL_A184_B01-0333,QCL,-2.713636741942799,-2.409679951483722
QCL_A184_B01-0334,QCL,-0.09896421012662349,-0.9703803838696908
QCL_A184_B01-0335,QCL,1.326694474062318,-0.9021404075505649
QCL_A184_B01-0336,QCL,4.196337217050737,-1.2840905831342486
QCL_A184_B01-0337,QCL,4.865484927187413,-0.5120250295501872
QCL_A184_B01-0338,QCL,1.2839996269924199,-1.0639112734529417
QCL_A184_B01-0339,QCL,-2.365306734756404,-1.702325229717503
QCL_A184_B01-0340,QCL,5.152791264975213,-0.7613678703915863
QCL_A184_B01-0341,QCL,-1.2143074976338921,-1.3601287679010714
QCL_A184_B01-0342,QCL,3.529185664424517,0.03071796755127726
QCL_A184_B01-0343,QCL,1.6455108263701184,-0.612876276512366
QCL_A184_B01-0344,QCL,2.4769911807465537,-0.04199940103678797
QCL_A184_B01-0345,QCL,-1.1014301208141295,-2.159212641361942
QCL_A184_B01-0346,QCL,1.4412758948960886,-0.9014245596082044
QCL_A184_B01-0347,QCL,5.45274925993312,0.04450472717621154
QCL_A184_B01-0348,QCL,1.0089021170751322,-0.9029694165078438
QCL_A184_B01-0349,QCL,3.732353318291092,-0.9002171485753625
QCL_A184_B01-0350,QCL,4.6670155465779946,-0.367800813698956
WD_B01-0001,WD,-5.254535074858628,1.644990539167037
WD_B01-0003,WD,-3.6848426592388095,1.139801654499907
WD_B01-0004,WD,-4.270701314274989,1.2933274470154994
WD_B01-0005,WD,-5.124577917925867,1.4010250473347985
WD_B01-0006,WD,-4.7441187276571,2.0307212845156366
WD_B01-0007,WD,-4.003918434940218,2.7664514510077645
WD_B01-0008,WD,-4.167036193414274,1.449492226519936
WD_B01-0009,WD,-4.574136259728862,0.8368756352720984
WD_B01-0010,WD,-3.2768456922055824,0.8251385758762697
WD_B01-0011,WD,-3.1543555334857083,1.1633437283620762
WD_B01-0012,WD,-4.241147250078478,1.1225806955651951
WD_B01-0013,WD,-4.410015185339706,1.7033345197378156
WD_B01-0014,WD,-3.708755099778782,1.296726345156491
WD_B01-0015,WD,-3.151452425476652,1.815016638517191
WD_B01-0016,WD,-4.66332383260642,1.9400334576262632
WD_B01-0018,WD,-4.311251146889026,1.478052363752707
WD_B01-0019,WD,-3.284871198482863,-0.02763051924733405
WD_B01-0020,WD,-3.639852844406438,1.677848373084804
WD_B01-0022,WD,-3.3451630225779754,0.23968036632919243
WD_B01-0023,WD,-3.927698397980259,2.0121860067473696
WD_B01-0024,WD,-3.8225285502145105,-0.12523619041753037
WD_B01-0025,WD,-2.7043947391255587,2.016870830883265
WD_B01-0026,WD,-4.183431228602355,0.22984419447502857
WD_B01-0027,WD,-4.1325605522145406,1.1634083423063595
WD_B01-0028,WD,-3.3631724831481504,-0.5686336199832693
WD_B01-0029,WD,-4.24454727983089,-0.033851310090091125
WD_B01-0030,WD,-4.496229662085406,0.6496571754392353
WD_B01-0031,WD,-3.3895836623124636,0.5473766260950995
WD_B01-0032,WD,-4.279256267766791,1.4201278819197662
WD_B01-0033,WD,-3.817607714012984,2.981950513869423
WD_B01-0034,WD,-3.75422550375444,0.40994783231734766
WD_B01-0035,WD,-4.0394656330942,0.8318293296215905
WD_B01-0036,WD,-4.055035360570548,1.518675113524799
WD_B01-0037,WD,-4.465352626731077,-0.2283010254532806
WD_B01-0038,WD,-4.506573391256898,-0.2867787639444765
WD_B01-0039,WD,-2.948215995967343,-0.6248988846382402
WD_B01-0040,WD,-4.681156646240858,2.041280536858424
WD_B01-0042,WD,-4.011631799395758,2.3736851909386707
WD_B01-0043,WD,-2.331844130577014,-1.143062095903144
WD_B01-0045,WD,-4.325860617606504,-0.12114999098137796
WD_B01-0047,WD,-3.3751478558995065,0.5007779263596531
WD_B01-0048,WD,-3.5532800066434502,0.5128522907564365
WD_B01-0049,WD,-3.59524042220582,0.689551375788784
WD_B01-0050,WD,-3.578417915319976,2.172938189615546
WD_B01-0051,WD,-3.1473990532377254,1.5466761328376495
WD_B01-0052,WD,-3.571751921028349,-0.5917817100240046
WD_B01-0053,WD,-3.8390554145312787,0.8750065268918502
WD_B01-0054,WD,-4.988399687212939,0.38116189748659
WD_B01-0055,WD,-4.169969748255693,0.7437933372498097
WD_B01-0056,WD,-2.865919056825762,1.1105839687067498
WD_B01-0057,WD,-3.549891320173672,-0.1476858997946024
WD_B01-0058,WD,-2.7696993360844817,1.0787290712970772
WD_B01-0059,WD,-4.469062774635174,1.3982563399218375
WD_B01-0060,WD,-2.76044175575134,1.0031166496501687
WD_B01-0061,WD,-4.303012003567283,1.3966952288300702
WD_B01-0063,WD,-3.362128937839641,0.3500773320906243
WD_B01-0064,WD,-4.060479442834067,1.953955466565922
WD_B01-0065,WD,-4.459426686829868,0.6149849714429292
WD_B01-0066,WD,-3.3221619708003933,0.5840866752159894
WD_B01-0067,WD,-3.3318617805615673,2.1134035925441497
WD_B01-0068,WD,-4.921567303753828,1.553647737204774
WD_B01-0069,WD,-4.279295876872646,1.3347219610616001
WD_B01-0070,WD,-3.3212209507333297,1.3898921311994876
WD_B01-0071,WD,-3.5361229654307547,0.3204940544003996
WD_B01-0072,WD,-3.900783115389981,0.7640111042067464
WD_B01-0073,WD,-3.549025515427516,2.02568727894412
WD_B01-0074,WD,-4.11466268107046,0.3230055691391276
WD_B01-0075,WD,-2.6678113166429642,-0.6567474066413541
WD_B01-0076,WD,-4.2652901759700566,0.7872778654322488
WD_B01-0077,WD,-3.0583316337041246,-0.3983201922404559
WD_B01-0078,WD,-4.504211304125995,1.777457295260278
WD_B01-0079,WD,-3.6331942151858088,0.890968619313216
WD_B01-0080,WD,-4.721111397897261,1.9656969505206627
WD_B01-0081,WD,-3.193411780741594,1.5888035827959388
WD_B01-0082,WD,-3.6875159491518197,1.2007363897807692
WD_B01-0083,WD,-2.7727641534774063,1.6176154385588308
WD_B01-0084,WD,-3.432381867424484,0.6920405159901358
WD_B01-0085,WD,-4.4063686064424745,1.8887363874491063
WD_B01-0086,WD,-2.6708804373271646,1.764420740235931
WD_B01-0087,WD,-4.705613471499649,2.9633003680335115
WD_B01-0088,WD,-4.760559760736877,1.9033521226120809
WD_B01-0089,WD,-2.2921516631787844,2.1016171527174823
WD_B01-0090,WD,-2.9145221981732568,2.2051732636212016
WD_B01-0091,WD,-2.6269161387619127,1.977940122557972
WD_B01-0092,WD,-4.350991911220179,0.7997929807325211
WD_B01-0093,WD,-1.9002944980597065,1.9297033857644785
WD_B01-0094,WD,-3.6984007416775366,0.8569200247660537
WD_B01-0095,WD,-3.7334695092715355,2.871971653094028
WD_B01-0096,WD,-3.9367237507683224,2.3422679388232495
WD_B01-0097,WD,-3.211386167183931,0.7556947728347227
WD_B01-0098,WD,-4.215896145162189,0.7583811990281464
WD_B01-0099,WD,-4.814303726522602,2.442308205877989
WD_B01-0100,WD,-3.6156659009527026,0.051343031821886306
WD_B01-0101,WD,-4.6524701508384,0.5755573418838955
WD_B01-0102,WD,-3.2620714550655796,0.4254202705434853
WD_B01-0103,WD,-2.1229001216299377,-0.7960747101377993
WD_B01-0104,WD,-3.5855896393663738,1.35355357845282
WD_B01-0106,WD,-4.349243265614504,1.1470064388791419
WD_B01-0107,WD,-4.000339803014824,2.17375108090274
WD_B01-0108,WD,-3.238783750737419,0.4545949199766747
WD_B01-0109,WD,-3.7510498356735535,2.06397734347295
WD_B01-0110,WD,-3.599864907715775,-0.23516641484879583
WD_B01-0111,WD,-3.5731604529066994,0.7382994327503477
WD_B01-0112,WD,-3.3611146533127294,0.34040022233029005
WD_B01-0114,WD,-2.173016958947904,1.1682202196225437
WD_B01-0115,WD,-3.344912620550552,3.4051916704567495
WD_B01-0116,WD,-2.73349560688887,1.5770876532557696
WD_B01-0117,WD,-4.205478040050874,1.2174083615898357
WD_B01-0118,WD,-2.6658910417265123,1.0759871158242653
WD_B01-0119,WD,-3.2492246678323653,-0.17218931865490128
WD_B01-0120,WD,-2.265419824921161,2.2966205477957655
WD_B01-0121,WD,-4.429184866304739,0.9529087158042361
WD_B01-0122,WD,-3.7797860348262358,1.2791410569617367
WD_B01-0123,WD,-3.442464710770815,0.5051633949987177
WD_B01-0124,WD,-3.873217986338259,0.7070610482921441
WD_B01-0125,WD,-3.6934948499528653,1.5686881006535562
WD_B01-0128,WD,-4.40306248145557,1.275656436579601
WD_B01-0129,WD,-0.3874831871310005,3.775768961179407
WD_B01-0130,WD,-1.9081484342539745,2.311164572241847
WD_B01-0131,WD,-3.317293256379479,1.7690547473107037
WD_B01-0132,WD,-4.792976555138802,1.719306975638729
WD_B01-0133,WD,-3.948386166814748,2.401658507779199
WD_B01-0134,WD,-2.7686553385356953,2.349503194242834
WD_B01-0136,WD,-4.40006582421423,0.08401347737119717
WD_B01-0137,WD,-3.5499025781966043,-0.6692789907627358
WD_B01-0138,WD,-3.7807826417923893,-0.04113807468556588
WD_B01-0139,WD,-4.0547590726957115,2.0461008598524844
WD_B01-0140,WD,-4.120527357436521,0.8646982535754989
WD_B01-0141,WD,-3.286500003118825,1.2360534584298053
WD_B01-0142,WD,-3.9648490569012793,1.5952026853742043
WD_B01-0143,WD,-4.581003717410608,1.8132973783848305
WD_B01-0145,WD,-3.4999396662045337,0.5636236843607707
WD_B01-0146,WD,-2.6222234755943155,1.6682598529869659
WD_B01-0147,WD,-3.123617227954029,1.8808290886906283
WD_B01-0148,WD,-3.085806941419918,-1.8816494242211101
WD_B01-0150,WD,-4.6853692795599935,1.2124616189172284
WD_B01-0152,WD,-4.092260245439734,0.5510172977415974
WD_B01-0153,WD,-3.322161746746025,2.4323157090793157
WD_B01-0154,WD,-3.8833250075686765,1.6985658268701267
WD_B01-0155,WD,-3.0938837918912006,0.24706809819447928
WD_B01-0156,WD,-3.3840764799654197,1.4693018784128686
WD_B01-0157,WD,-4.829941177106152,0.7173809250334573
WD_B01-0158,WD,-3.210227592924712,0.12446447530032582
WD_B01-0159,WD,-3.958122125351414,-0.2286977572513138
WD_B01-0160,WD,-3.4785195404980653,-0.3681714302187163
WD_B01-0161,WD,-4.03202061041224,2.1975477174400733
WD_B01-0162,WD,-3.665816742107793,0.725305735764805
WD_B01-0163,WD,-2.1425525388018265,1.1900828973661708
WD_B01-0164,WD,-4.179005307822277,0.38236191247430656
WD_B01-0165,WD,-3.100525242182874,1.0516921260414718
WD_B01-0166,WD,-4.028396147632207,0.08352270763362386
WD_B01-0167,WD,-3.9047336671080966,0.22738513612994515
WD_B01-0168,WD,-3.7008206622335376,-0.4524740625438992
WD_B01-0169,WD,-4.017626291213876,0.7480540824838096
WD_B01-0170,WD,-3.1132729121273752,2.3739684356722153
WD_B01-0171,WD,-3.254190588183066,1.4874960090363727
WD_B01-0172,WD,-2.2742895475693095,1.6872340903809637
WD_B01-0173,WD,-2.6715453389241874,1.9915979426128188
WD_B01-0174,WD,-3.8999844368247567,1.6852185115931626
WD_B01-0175,WD,-4.054248817748657,1.139051127912631
WD_B01-0176,WD,-4.023970445943778,2.579839658572874
WD_B01-0177,WD,-3.0025254483362485,2.336731486350344
WD_B01-0178,WD,-2.0704597682285764,2.4193399718167754
WD_B01-0179,WD,-3.9157511125844984,1.5533996307773659
WD_B01-0180,WD,-3.525875085691052,1.589072859355239
WD_B01-0181,WD,-4.379964274036793,1.952175949050563
WD_B01-0182,WD,-2.540909859472311,1.9500165563142848
WD_B01-0183,WD,-2.4398730778525564,1.9321581902018012
WD_B01-0184,WD,-4.513719824176246,0.6591348495165366
WD_B01-0185,WD,-3.021842185756248,1.2467486570333899
WD_B01-0187,WD,-3.5856996021333547,1.777493942532696
WD_B01-0188,WD,-4.780429370117665,1.9108379826445772
WD_B01-0189,WD,-3.6602625119351364,-0.46078777000526494
WD_B01-0191,WD,-4.307721074253389,1.1999092752727214
WD_B01-0192,WD,-4.322651334215193,2.9292335968555507
WD_B01-0193,WD,-2.650510917419849,1.883833819971263
WD_B01-0194,WD,-3.6791745766161412,2.2649128362357316
WD_B01-0195,WD,-2.703069125477826,1.474071504790113
WD_B01-0196,WD,-4.204527335580791,0.2955176860899959
WD_B01-0197,WD,-3.2562301393894666,0.8544581288678907
WD_B01-0198,WD,-2.5812068911106962,2.0311546210288576
WD_B01-0200,WD,-3.7193307553474173,-0.08977398379132688
WD_B01-0202,WD,-4.34813837947298,2.062993162575597
WD_B01-0203,WD,-5.120308006708062,0.9976784545499462
WD_B01-0204,WD,-3.7452934622235516,1.9799293951234433
WD_B01-0205,WD,-4.9497870600142235,1.3501933604194445
WD_B01-0206,WD,-4.903688477805246,2.2829116518507155
WD_B01-0207,WD,-3.2496948546252957,1.40927909901066
WD_B01-0208,WD,-5.197995609957142,1.5095476486096895
WD_B01-0209,WD,-4.530528207124884,1.2709937601763275
WD_B01-0210,WD,-3.744059562834427,1.0296511496776495
WD_B01-0211,WD,-3.81548559067322,0.34202149063076204
WD_B01-0212,WD,-4.5943380846729935,1.7394395832830272
WD_B01-0213,WD,-3.2241817568273228,-0.17351417135226113
WD_B01-0214,WD,-3.02408754615717,0.6545845549219743
WD_B01-0215,WD,-4.658399776873879,1.4749383859005092
WD_B01-0216,WD,-4.621178698507746,2.428517934371817
WD_B01-0218,WD,-3.379354668320195,-0.17206091731863737
WD_B01-0219,WD,-4.156680501871306,0.3822118381553887
WD_B01-0220,WD,-3.3093050811808054,-0.36628246147924975
WD_B01-0221,WD,-3.4076535582814875,1.2810506816175975
WD_B01-0222,WD,-4.259515880321526,2.332747990609567
WD_B01-0223,WD,-4.201555662738514,1.3870612782733416
WD_B01-0224,WD,-4.422586116128867,0.43336179915055867
WD_B01-0225,WD,-4.775083438819669,1.206437055163904
WD_B01-0226,WD,-4.6413482244561415,1.1242678384927747
WD_B01-0227,WD,-3.2784775930396046,0.10832463843320123
WD_B01-0228,WD,-4.392838989503339,1.511262002208736
WD_B01-0229,WD,-4.368023333536395,2.030606796971781
WD_B01-0230,WD,-2.7437769316292453,2.4067525598112987
WD_B01-0232,WD,-3.368052945365326,-0.8954714032921117
WD_B01-0234,WD,-2.1951075614053694,0.6863147867288301
WD_B01-0235,WD,-3.6743038991688795,0.10683738558302595
WD_B01-0236,WD,-3.9728252687203556,1.0680604020751256
WD_B01-0237,WD,-3.1696682424961953,0.582959897864454
WD_B01-0238,WD,-2.218002669025932,2.0537546698838876
WD_B01-0239,WD,-4.6520796765546555,0.551064655167892
WD_B01-0240,WD,-4.443303506963214,0.9228125201590708
WD_B01-0241,WD,-4.1235188931569775,0.5242431700387369
WD_B01-0242,WD,-3.835075720211622,1.131149009108871
WD_B01-0243,WD,-5.323626729790373,1.158483616838474
WD_B01-0244,WD,-2.6267868176065896,-0.02410956801534718
WD_B01-0245,WD,-3.6666774567139,1.077867934646167
WD_B01-0246,WD,-4.054196514732741,1.0438467202423032
WD_B01-0247,WD,-4.825084428165585,1.7478923193888418
WD_B01-0249,WD,-2.6592705845073144,0.6217575801964913
WD_B01-0250,WD,-2.7910988010869513,0.7204428862160733
WD_B01-0251,WD,-4.77158151466916,1.9591719569827428
WD_B01-0253,WD,-4.187861589674954,1.380103855486993
WD_B01-0254,WD,-3.915088561989421,0.28430026599000596
WD_B01-0255,WD,-2.8451261450252194,2.0861499369903136
WD_B01-0256,WD,-4.641276009748988,0.8822629580429865
WD_B01-0257,WD,-4.033580259136004,1.5216913146881474
WD_B01-0258,WD,-1.688649945316184,2.988146326507026
WD_B01-0259,WD,-4.18482032654653,1.7855646298931025
WD_B01-0260,WD,-4.393199203441748,1.7784324275159407
WD_B01-0261,WD,-2.0479224005775185,1.9201669550469398
WD_B01-0262,WD,-4.719876296738348,1.2718586205646498
WD_B01-0263,WD,-4.06313656012004,1.7364968848177724
WD_B01-0264,WD,-4.900212461586202,0.5229623884929556
WD_B01-0265,WD,-3.5323641902489764,3.287234804676187
WD_B01-0266,WD,-3.203880040720321,3.0005314519876385
WD_B01-0267,WD,-3.56695890234562,1.7113649067352843
WD_B01-0268,WD,-3.9763355506516525,1.6910396401482652
WD_B01-0269,WD,-5.1683191969632265,2.4812589621982912
WD_B01-0270,WD,-3.3731304291539446,1.1370269258781671
WD_B01-0271,WD,-5.278402047081511,2.623978676243661
WD_B01-0272,WD,-2.4429469132989086,1.6393359445263065
WD_B01-0273,WD,-2.9987122319354014,1.6671065455966745
WD_B01-0274,WD,-2.7591744392154784,1.5696011318898004
WD_B01-0275,WD,-3.699375264068565,-0.14830121129978593
WD_B01-0276,WD,-3.78092657914998,1.5982097673947215
WD_B01-0277,WD,-3.848906656516741,0.036632936667505986
WD_B01-0278,WD,-3.0403332659198172,1.8655568949842674
WD_B01-0279,WD,-2.3866839624115053,0.853449108753795
WD_B01-0280,WD,-2.071026107286938,2.17066343525048
WD_B01-0281,WD,-2.139123137082828,1.8397303803173242
WD_B01-0282,WD,-3.1161994080799857,1.929953945619469
WD_B01-0283,WD,-2.1377100298301457,1.914707546032216
WD_B01-0284,WD,-3.2880628956736535,-0.14134968670082698
WD_B01-0285,WD,-2.3967526868683535,2.021611324591886
WD_B01-0286,WD,-3.2068703877225033,-0.7529510601351097
WD_B01-0287,WD,-3.389141121099544,1.991993224448712
WD_B01-0288,WD,-2.5031745096717026,1.6632931645613356
WD_B01-0289,WD,-2.417350495771022,2.384754681355392
WD_B01-0290,WD,-2.9792818207627607,1.7549481236672158
WD_B01-0291,WD,-2.806828909539357,1.6425953673335782
WD_B01-0292,WD,-2.9202785920746566,1.723703853805095
WD_B01-0293,WD,-2.9149710518724072,1.8058823903686856
WD_B01-0294,WD,-3.2061991375070247,0.45228286701058046
WD_B01-0295,WD,-2.924913717664577,1.5322169575522224
WD_B01-0296,WD,-3.0657361842636086,0.8727802827572868
WD_B01-0297,WD,-3.6411102415554066,0.7137340211940603
WD_B01-0298,WD,-2.9476438382666306,1.9286633653694207
WD_B01-0299,WD,-2.006784760687451,1.375457012937646
WD_B01-0300,WD,-3.2866832007431803,1.4393253907871217
WD_B01-0301,WD,-3.0105051745207865,1.6897143038976195
WD_B01-0302,WD,-4.409029529450964,1.0851308310296206
WD_B01-0303,WD,-3.252126463436161,0.2190641105050431
WD_B01-0304,WD,-3.0786557446141676,0.6165335925021577
WD_B01-0305,WD,-3.4422182993483537,-0.5209942709567359
WD_B01-0306,WD,-4.193464758867992,0.2867733275425373
WD_B01-0307,WD,-4.693011628799247,2.200691095833757
WD_B01-0308,WD,-3.514160574588365,0.9960512054764896
WD_B01-0309,WD,-3.9091825969176224,0.17271525925832293
WD_B01-0310,WD,-3.29962188143484,0.413974186453185
WD_B01-0311,WD,-3.602298257628774,1.9602960165837646
WD_B01-0312,WD,-5.230023327368146,0.9859824889975061
WD_B01-0313,WD,-3.6644390620280762,1.4234390744165955
WD_B01-0314,WD,-3.5158310861038413,0.20454396445218936
WD_B01-0315,WD,-3.360753265285697,0.9567555949859418
WD_B01-0316,WD,-4.794699275869771,1.8082646533306534
WD_B01-0317,WD,-4.229417211875868,0.6939587049645215
WD_B01-0318,WD,-1.6333041341238714,1.7365860023168913
WD_B01-0319,WD,-2.7580199887260823,1.6717864473947919
WD_B01-0320,WD,-3.6553262012559453,0.4886121889344261
WD_B01-0321,WD,-2.802071884239366,1.722625537974919
WD_B01-0322,WD,-3.72052877554153,2.687823768454078
WD_B01-0323,WD,-3.6808464230863818,0.19282258823022305
WD_B01-0324,WD,-3.3548876240805097,0.26745555428905765
WD_B01-0325,WD,-3.410821673090147,-0.21683109994857133
WD_B01-0326,WD,-3.9330771850971136,0.28287426283697964
WD_B01-0327,WD,-2.2423294086474157,1.893420339572828
WD_B01-0328,WD,-3.763280665779112,1.5774916311423701
WD_B01-0329,WD,-2.5839289548432376,-0.6406611410568238
WD_B01-0330,WD,-3.8541432557900905,1.8170391338267469
WD_B01-0331,WD,-3.1736981780638613,-1.3482012067081728
WD_B01-0332,WD,-2.957951721040621,-0.6671566492042343
WD_B01-0333,WD,-3.255198930471477,-0.37329597010390386
WD_B01-0334,WD,-4.245599955336913,2.0409715301199958
WD_B01-0335,WD,-3.088779816861618,1.7284377416394292
WD_B01-0336,WD,-2.9369434846262013,1.658230316821018
WD_B01-0337,WD,-3.737084603042338,2.7141805226758806
WD_B01-0338,WD,-2.9573906675109716,2.172776104375632
WD_B01-0339,WD,-2.960535746341372,2.8856613601377883
WD_B01-0341,WD,-3.3743782067516053,2.261653931771446
WD_B01-0342,WD,-2.0944151989223645,1.663736887051989
WD_B01-0343,WD,-4.091851679593414,1.6228948144952762
WD_B01-0344,WD,-2.2761505787709564,1.713752303751512
WD_B01-0345,WD,-3.8209545477467266,1.5259756590903035
WD_B01-0346,WD,-3.6047550794890815,2.8141633341452135
WD_B01-0347,WD,-3.6557011077926815,2.578355295698932
WD_B01-0348,WD,-2.8969839746451163,1.7443098418154048
WD_B01-0349,WD,-3.455097684830747,-0.11014531241294949
WD_B01-0350,WD,-3.572664455908841,0.7391832018238895
WD_B01-0351,WD,-2.526786574565006,2.189814672753756
WD_B01-0352,WD,-4.996675479940161,0.935669226028189
WD_B01-0353,WD,-3.3132528933625736,2.4961043478260896
WD_B01-0354,WD,-2.6319391554039444,0.9417886791431809
WD_B01-0355,WD,-3.7027952706628326,1.9792377216525245
WD_B01-0356,WD,-4.491256613263234,0.7260186806547894
WD_B01-0357,WD,-3.654044519094717,1.6414210246014727
WD_B01-0358,WD,-3.7351628765844787,0.7425004149863716
WD_B01-0359,WD,-4.885735064832737,1.5940814710963032
WD_B01-0360,WD,-2.8853673866300005,0.9704080548092471
WD_B01-0361,WD,-4.727247374338488,1.5652348442518156
WD_B01-0362,WD,-3.8177240224172073,0.9237448205909692
WD_B01-0363,WD,-2.5800217672385766,0.7346667133937476
WD_B01-0364,WD,-4.10342887164005,0.14683716299893845
WD_B01-0366,WD,-4.314737802289722,1.6669809225718664
WD_B01-0367,WD,-5.022708894540808,1.7336394071588799
WD_B01-0368,WD,-2.9786212395715643,0.6272513325201899
WD_B01-0369,WD,-2.166972121741309,2.2308502999923046
WD_B01-0370,WD,-3.1412802899867405,2.289351210526766
WD_B01-0371,WD,-3.291929557494377,2.0752744099002194
WD_B01-0372,WD,-4.358899186150154,2.3817008146586165
WD_B01-0374,WD,-3.60675043777829,2.5556824114317984
WD_B01-0375,WD,-3.36756315326623,1.8565420395017997
WD_B01-0376,WD,-4.8807739524118725,2.0237710032486054
WD_B01-0377,WD,-3.473166965184586,0.27051525389384257
WD_B01-0378,WD,-4.41832724725223,0.5201011915395762
WD_B01-0379,WD,-3.996665872420532,2.494067594586397
WD_B01-0380,WD,-3.524071228587125,2.3112137532144628
WD_B01-0381,WD,-3.108762488734314,2.017325139718033
WD_B01-0382,WD,-5.102117865511678,1.8251411521601053
WD_B01-0383,WD,-2.709485502693346,2.3754471877293453
WD_B01-0385,WD,-2.973923814128116,1.3434269971630248
WD_B01-0386,WD,-4.098113785799241,1.5934064059528628
WD_B01-0387,WD,-4.890305020048694,2.1261330414106925
WD_B01-0388,WD,-2.868236139383992,2.1323728457389994
WD_B01-0389,WD,-2.8422001973129865,0.9927381839227145
WD_B01-0390,WD,-2.4075032046076963,2.22462678483377
WD_B01-0391,WD,-3.4999302584552887,0.31924128365353305
WD_B01-0392,WD,-3.4572475162494345,1.5486093277623063
WD_B01-0393,WD,-3.883078425871233,2.152829637165989
WD_B01-0394,WD,-3.1816755888337154,1.6518336227414905
WD_B01-0396,WD,-3.242181276671755,1.9922201666901054
WD_B01-0397,WD,-3.0885851674816487,2.507427314190102
WD_B01-0398,WD,-4.131294156753972,0.7581312719480698
WD_B01-0399,WD,-2.8300597166345827,2.168729947556165
WD_B01-0400,WD,-2.6155795003546776,1.7802191559981564
WD_B01-0401,WD,-5.110933993242946,1.1424312077425485
WD_B01-0402,WD,-3.619976690978746,1.8277249551900778
WD_B01-0403,WD,-3.9511243991017335,0.32972107581848453
WD_B01-0404,WD,-3.8223501733369383,1.6652532219088823
WD_B01-0405,WD,-4.571760124293134,2.4286916904566263
WD_B01-0406,WD,-4.985341717652302,2.119995060169517
WD_B01-0408,WD,-3.59956843242477,0.1642851106438187
WD_B01-0410,WD,-4.349616731388901,1.5234434194376494
WD_B01-0411,WD,-5.317283510860809,2.146506635582975
WD_B01-0412,WD,-3.794624398663464,1.2428547872385
WD_B01-0415,WD,-4.0983036054011235,1.5653356861782557
WD_B01-0416,WD,-3.8530283375471712,1.4954091942411813
WD_B01-0417,WD,-4.974504331266743,1.2536316461527641
WD_B01-0418,WD,-3.853424765553757,2.2462684523159573
WD_B01-0419,WD,-3.9144226240380045,2.4707331477148076
WD_B01-0420,WD,-3.1680181879281784,0.49244457311702794
WD_B01-0421,WD,-5.476038355278227,1.3766253745161892
WD_B01-0422,WD,-4.447929413718732,1.6147146019438539
WD_B01-0423,WD,-2.621764197981993,0.6662833373557109
WD_B01-0424,WD,-4.709880023670393,1.9972828526740092
WD_B01-0425,WD,-4.106208549100718,2.0864230036551734
WD_B01-0426,WD,-3.479031730002678,2.5385696036320087
WD_B01-0427,WD,-3.894355036826315,0.24114925880301424
WD_B01-0428,WD,-3.8353004030363995,2.0124920556154104
WD_B01-0429,WD,-2.77166131334585,2.118379765280122
WD_B01-0430,WD,-4.2177939513297265,1.9098315191168957
WD_B01-0432,WD,-4.569012490312277,1.6526505346960336
WD_B01-0433,WD,-3.059596094086036,1.875575359174589
WD_B01-0434,WD,-4.640702223711756,2.0595055246956595
WD_B01-0435,WD,-3.4459492023261125,1.4652143935756006
WD_B01-0437,WD,-1.803219297036117,1.8878126418014363
WD_B01-0438,WD,-5.536511884788124,2.0825903266376202
WD_B01-0439,WD,-5.036919081338975,1.4049567682561461
WD_B01-0440,WD,-3.484240776473844,2.0999670204429504
WD_B01-0441,WD,-4.959729773749645,2.3388159967479734
WD_B01-0442,WD,-4.791596286160634,0.8269800683197075
WD_B01-0443,WD,-3.7599240388155084,0.07848342518470923
WD_B01-0444,WD,-3.991717302147854,1.6150887806115108
WD_B01-0445,WD,-3.8945190474449793,0.5160901951482059
WD_B01-0446,WD,-4.918922925532608,1.1618543541917623
WD_B01-0447,WD,-4.013322595149695,2.5320535910245376
WD_B01-0449,WD,-3.651580970016025,0.42604868442852284
WD_B01-0450,WD,-4.018013870623165,0.08576301005284895
WD_B01-0451,WD,-5.474621880335794,1.4595856301045376
WD_B01-0452,WD,-4.747813584503509,2.5390411710539813
WD_B01-0453,WD,-3.5910224188523765,2.0339891531279757
WD_B01-0454,WD,-4.6272049313610815,1.4935623532056388
WD_B01-0455,WD,-3.167090126176214,2.220527143363041
WD_B01-0456,WD,-4.222818278327344,1.6119814151639298
WD_B01-0457,WD,-3.475157325590028,1.6875047029048726
WD_B01-0458,WD,-4.561273608520068,2.4351017853056565
WD_B01-0459,WD,-4.234510559866927,2.474144425674147
WD_B01-0460,WD,-3.520382469933411,0.014541644743304688
WD_B01-0461,WD,-4.809158109969163,1.2097281977462815
WD_B01-0462,WD,-2.0524009617959633,2.5926389999612223
WD_B01-0463,WD,-3.0222751800943968,1.620710353867696
WD_B01-0464,WD,-4.89189099332742,1.240426918920415
WD_B01-0465,WD,-4.326588382663312,0.8224656603454396
WD_B01-0466,WD,-2.946360517009311,0.689231648147512
WD_B01-0467,WD,-5.16384098644123,2.720733270362431
WD_B01-0468,WD,-4.289050467446915,1.9240985260117927
WD_B01-0469,WD,-4.477616406680523,1.8037159914583878
WD_B01-0470,WD,-3.8849819908606897,0.8566383589040036
WD_B01-0471,WD,-5.138454181219904,0.5974058107655149
WD_B01-0472,WD,-4.956164110354187,2.514264049954038
WD_B01-0473,WD,-4.311133519947235,2.449976480585669
WD_B01-0474,WD,-3.9241583121926125,2.6332480239612095
WD_B01-0475,WD,-4.445736983042687,2.2335112274904243
WD_B01-0476,WD,-4.974898199531885,1.6299898706817708
WD_B01-0477,WD,-5.041900156495157,2.3527177517381483
WD_B01-0478,WD,-4.689912587274093,1.6438250514123771
WD_B01-0479,WD,-3.3336901326156325,1.59029657242934
WD_B01-0480,WD,-4.09910876394937,0.88942072485036
WD_B01-0481,WD,-4.220092383748267,0.5448605858817697
WD_B01-0482,WD,-3.443339163768697,2.124938940859601
WD_B01-0483,WD,-3.338361688503996,1.5343958862022045
WD_B01-0484,WD,-4.77013690106748,1.7137717338104586
WD_B01-0485,WD,-5.081872757326625,1.4101037205318094
WD_B01-0486,WD,-5.15265311405524,1.8131945823390445
WD_B01-0487,WD,-4.789852651285351,2.2758517136422127
WD_B01-0489,WD,-5.243625582456926,1.3214455564360046
WD_B01-0490,WD,-4.800250498190586,1.6773295184333459
WD_B01-0491,WD,-3.4623060236684724,0.8794468561227754
WD_B01-0492,WD,-4.475392167600776,1.6914914306999718
WD_B01-0493,WD,-4.368405527598522,1.9700936798017932
WD_B01-0494,WD,-3.659482960348784,1.6803591886189573
WD_B01-0495,WD,-3.921419932166441,2.2821468537533836
WD_B01-0496,WD,-2.976111076347559,1.6937548966988791
WD_B01-0497,WD,-4.208429101176958,1.8338024160312023
WD_B01-0498,WD,-4.217260829089052,2.1702631759389903
WD_B01-0499,WD,-3.181936911468004,1.78305199607946
WD_B01-0500,WD,-4.789830276067482,2.4340320785141403
WD_B01-0501,WD,-3.1664350599977764,0.049208105116851156
WD_B01-0502,WD,-2.851689974382364,2.095770632504664
WD_B01-0503,WD,-3.6186803142270083,1.9361827106608758
WD_B01-0504,WD,-3.1161327734416435,2.1610704036659754
WD_B01-0505,WD,-3.3372034896129636,0.9897958024942476
WD_B01-0506,WD,-4.319555065997373,2.8358312454702683
WD_B01-0507,WD,-5.755427708443079,1.947890019102873
WD_B01-0508,WD,-3.366999158340244,1.410332376655523
WD_B01-0509,WD,-1.8955581558332626,1.900399534577139
WD_B01-0510,WD,-3.757472719553067,2.4722293169069944
WD_B01-0511,WD,-3.4993904842006556,2.059232143559049
WD_B01-0512,WD,-4.207842883756402,2.1597818645625186
WD_B01-0513,WD,-4.519587572521507,0.3025729462675379
WD_B01-0514,WD,-3.3380075009948866,0.6972854355183916
WD_B01-0515,WD,-4.809935056241688,1.845467927925869
WD_B01-0516,WD,-4.374514363290196,1.6029731719732085
WD_B01-0517,WD,-4.975770182903768,2.5581941257404273
WD_B01-0518,WD,-2.8796942726867982,0.544092248244517
WD_B01-0519,WD,-4.402902544198739,1.5356433854774494
WD_B01-0520,WD,-4.374286432678849,1.7222243597967326
WD_B01-0521,WD,-3.282811554761446,1.9154939964025965
WD_B01-0522,WD,-4.9115882702502525,1.4017526497433686
WD_B01-0523,WD,-4.423371061399774,1.7776800920870302
WD_B01-0524,WD,-4.749397230661424,1.4143295491951033
WD_B01-0525,WD,-5.091317126836148,1.341249227167606
WD_B01-0526,WD,-3.979937550973449,2.424794338507715
WD_B01-0527,WD,-4.462833316164176,1.3926598093997695
WD_B01-0528,WD,-5.226192001249087,1.534788027507724
WD_B01-0529,WD,-3.2660652948572233,1.4615389545702673
WD_B01-0530,WD,-2.7918870664720496,1.4636203388368194
WD_B01-0531,WD,-2.135935976056423,2.2122354933134254
WD_B01-0532,WD,-4.012833441290915,1.8496329716800441
WD_B01-0533,WD,-2.791662368704054,1.7161983614835212
WD_B01-0534,WD,-4.702863936588143,2.777508562060599
WD_B01-0535,WD,-5.067409732727481,2.246234432486792
WD_B01-0536,WD,-4.97978116010229,2.0370731351376636
WD_B01-0537,WD,-3.224399872154552,0.7042587685020987
WD_B01-0538,WD,-2.3843960481233895,2.1069008342078757
WD_B01-0539,WD,-3.7688744791171582,2.0439151934944277
WD_B01-0540,WD,-2.2223439429072602,2.434030753259062
WD_B01-0541,WD,-4.168762689675712,3.2422495557844293
WD_B01-0542,WD,-3.145795213873784,1.6209712130378753
WD_B01-0543,WD,-2.7217264590696706,1.7019278122284858
WD_B01-0545,WD,-4.475311785783785,2.1558896510191823
WD_B01-0546,WD,-3.6037619893411623,1.633998080811967
WD_B01-0547,WD,-3.5845514074356246,0.7460974705016988
WD_B01-0548,WD,-4.431104818499275,1.1387593274967247
WD_B01-0549,WD,-4.080184594211434,1.8818080480797932
WD_B01-0550,WD,-4.560821567144929,1.7628919573893271
WD_B01-0551,WD,-4.789833754537932,1.9661376910991644
WD_B01-0552,WD,-2.2504240214078806,2.1015154836803767
WD_B01-0553,WD,-5.364539274393425,2.066656014224483
WD_B01-0554,WD,-3.934189163965479,1.9262599948596826
WD_B01-0555,WD,-2.3417853941224505,1.3353482071424967
WD_B01-0556,WD,-3.3200037113013665,2.1542101223333683
WD_B01-0557,WD,-5.001936877647588,1.9062824235065476
WD_B01-0558,WD,-5.018330247781676,2.5436814892582187
WD_B01-0559,WD,-4.836782498529175,2.0687365859886526
WD_B01-0560,WD,-3.546506546547921,-0.2447286300966584
WD_B01-0561,WD,-3.741783419277329,1.6591844334113652
WD_B01-0562,WD,-2.8441998874764374,2.113703998743584
WD_B01-0565,WD,-3.854404495762879,2.2203913622140905
WD_B01-0566,WD,-2.732894659933888,2.159927744932588
WD_B01-0567,WD,-3.6710364301902096,0.7839274404337939
WD_B01-0568,WD,-4.481036616669379,2.164640375399479
WD_B01-0569,WD,-2.5729816350610624,2.08458559346668
WD_B01-0570,WD,-4.403232647005264,1.295979882090504
WD_B01-0572,WD,-1.9736782261512225,1.987611716970151
WD_B01-0573,WD,-3.068796230981771,2.9973547734629813
WD_B01-0574,WD,-3.3563194669271916,-0.07919361245543377
WD_B01-0575,WD,-5.532252225888209,0.8608046136288465
WD_B01-0576,WD,-3.72774600654445,0.7935393302745256
WD_B01-0577,WD,-3.85418038607572,2.266339694351941
WD_B01-0578,WD,-4.055281540205406,2.0529989617961446
WD_B01-0579,WD,-4.002014535961143,0.24948585155796593
WD_B01-0580,WD,-4.489036669183904,0.8437216858461585
WD_B01-0581,WD,-4.136499633234582,1.6599305313782367
WD_B01-0582,WD,-2.810456288281235,2.196883639640796
WD_B01-0583,WD,-3.2079608934700223,2.0163113685831116
WD_B01-0584,WD,-5.327533326936855,1.7092828302185468
WD_B01-0585,WD,-3.9134401729907906,0.6846331460032966
WD_B01-0586,WD,-3.971683148296837,0.3597352349889762
WD_B01-0587,WD,-4.434608228631304,1.5975311985883984
WD_B01-0588,WD,-3.6073997830928417,0.7097356538326224
WD_B01-0589,WD,-3.181206442668043,2.0270015694547006
WD_B01-0590,WD,-3.590405606071328,0.3300700528820901
WD_B01-0591,WD,-4.732956708823392,1.8326470962311892
WD_B01-0592,WD,-4.472390846680497,1.4151824270416038
WD_B01-0593,WD,-3.9151089540474477,2.1131723201330384
WD_B01-0594,WD,-4.904999483710373,1.907643937874873
WD_B01-0596,WD,-3.9009108817568228,0.5362582943931439
WD_B01-0597,WD,-3.4889251535721018,-0.25763518620189824
WD_B01-0598,WD,-4.101208497011282,1.2175093465749134
WD_B01-0599,WD,-3.908470921653514,1.0660206338978668
WD_B01-0600,WD,-4.176366706690983,-0.11743860684313968
WD_B01-0601,WD,-5.136631972966163,2.164560180471466
WD_B01-0602,WD,-4.151525805650584,-0.41951705421630286
WD_B01-0603,WD,-3.4105323641363343,0.6427294902696346
WD_B01-0604,WD,-4.2083862425847585,1.0991740516983304
WD_B01-0605,WD,-4.393542870815881,1.050610193325421
WD_B01-0606,WD,-5.191926381881141,2.237881349095794
WD_B01-0608,WD,-5.318452853111663,0.5350532259424469
WD_B01-0609,WD,-3.6440459523476116,2.4712744872938845
WD_B01-0610,WD,-3.9943938255514055,2.715999883903991
WD_B01-0611,WD,-4.049019489753655,0.5803265634325181
WD_B01-0612,WD,-3.986678658306921,2.3323704599564263
WD_B01-0613,WD,-5.135842706868923,2.0292604885654955
WD_B01-0614,WD,-4.49294301095122,2.1129236337255213
WD_B01-0616,WD,-5.090589902427305,2.464328301333002
WD_B01-0617,WD,-3.405325907145299,2.1776048131532586
WD_B01-0618,WD,-4.119748526732854,2.2407943577786478
WD_B01-0619,WD,-4.41943406727136,1.9216837673593936
WD_B01-0622,WD,-3.498388239369218,1.0754552676312756
WD_B01-0623,WD,-3.6863250661978118,-0.07309341233204648
WD_B01-0624,WD,-4.218303604428161,2.6704428072969035
WD_B01-0625,WD,-3.872609679569545,1.921972440863062
WD_B01-0626,WD,-5.432623177485453,0.9194673011886261
WD_B01-0627,WD,-4.484451878284176,2.585522238331561
WD_B01-0628,WD,-4.236063426521155,1.1826066103238324
WD_B01-0629,WD,-3.9092894053939715,1.8299336072499641
WD_B01-0630,WD,-2.7692981084516366,1.462225467939459
WD_B01-0631,WD,-4.321635884829714,1.166596801951483
WD_B01-0632,WD,-3.1019125878099656,0.9178764601101721
WD_B01-0633,WD,-4.482540585230682,0.6973745186841208
WD_B01-0634,WD,-3.293759246960041,2.130225185716806
WD_B01-0635,WD,-3.0900423440070908,3.175796572877073
WD_B01-0636,WD,-4.2750799147874226,2.531198643453886
WD_B01-0637,WD,-3.834972524932043,1.7269446913913735
WD_B01-0639,WD,-4.376508887479817,0.48530751369677366
WD_B01-0640,WD,-2.5692798267529393,0.9407414033198019
WD_B01-0641,WD,-3.9006526192837203,1.328120483259168
WD_B01-0642,WD,-3.796126515000947,0.7898658039595684
WD_B01-0643,WD,-3.8081810169199644,0.9759846370059146
WD_B01-0644,WD,-5.018336056368275,1.6006092234891893
WD_B01-0645,WD,-4.179117801727687,-0.13158382447660466
WD_B01-0646,WD,-3.799082709975457,-0.24436019733425374
WD_B01-0647,WD,-3.8752682789892434,0.17992922198147795
WD_B01-0648,WD,-2.1644371223140015,2.6215069112583933
WD_B01-0649,WD,-4.222374498865572,0.03058606438358258
WD_B01-0650,WD,-5.198601209222721,1.6308109071999064
WD_B01-0651,WD,-4.741546381946987,0.8389587913003362
WD_B01-0652,WD,-4.675523463888858,0.9227184914109919
WD_B01-0653,WD,-3.551397890248381,-0.21230734840355459
WD_B01-0654,WD,-3.6080403979896833,2.47064889758151
WD_B01-0655,WD,-3.729125793895396,-0.2563341565146387
WD_B01-0656,WD,-5.423313961456214,1.982345862060886
WD_B01-0657,WD,-4.50458342807606,2.3933441135332094
WD_B01-0658,WD,-3.8235649314400857,-0.04132223605468589
WD_B01-0659,WD,-2.5794625834447205,1.6910497293168196
WD_B01-0660,WD,-4.102998395341401,0.30010240857143045
WD_B01-0661,WD,-5.037055341842564,2.5964129955918693
WD_B01-0662,WD,-3.356007172641881,1.6098949599576444
WD_B01-0663,WD,-4.967675703181854,1.9444448113892627
WD_B01-0664,WD,-2.832092899637413,0.5067991811092805
WD_B01-0665,WD,-3.809967653754991,-0.03395478021146593
WD_B01-0666,WD,-4.389129245591739,0.9267065377439235
WD_B01-0667,WD,-4.793951997068874,1.5349906095890697
WD_B01-0668,WD,-4.223052716412136,0.7367292044703513
WD_B01-0669,WD,-4.065838020881655,0.07673074226684623
WD_B01-0670,WD,-4.198137488989465,1.322415389914941
WD_B01-0671,WD,-4.007285658495992,0.8396050306415832
WD_B01-0672,WD,-3.4575019831666,0.3076048577334078
WD_B01-0673,WD,-4.757116606500853,1.064203357595752
WD_B01-0674,WD,-3.3665147083219145,2.216198457691362
WD_B01-0675,WD,-5.1058765825737975,2.079433306619388
WD_B01-0676,WD,-3.697767347155798,0.03488215507504602
WD_B01-0677,WD,-5.580490707334696,1.9533180534576853
WD_B01-0679,WD,-3.888870127072814,-0.1616930091736468
WD_B01-0680,WD,-3.5796525634562646,-0.18318542462074622
WD_B01-0681,WD,-3.33672846835919,0.27066891016366834
WD_B01-0684,WD,-3.8187844169457352,-0.24544541829729344
WD_B01-0685,WD,-3.7330237324059703,-1.202262223498462
WD_B01-0686,WD,-4.190902783369739,1.3952343584929139
WD_B01-0687,WD,-3.6699472875360835,-1.0471530946823706
WD_B01-0688,WD,-5.191114397817787,1.786998421841401
WD_B01-0689,WD,-4.229789370003178,-0.378077192415568
WD_B01-0690,WD,-3.806603715917425,1.1925082524942598
WD_B01-0691,WD,-3.3607412593742474,0.45142142653805595
WD_B01-0694,WD,-4.4288879429617385,0.24427981517375846
WD_B01-0695,WD,-4.272581291804633,-0.09296639863862126
WD_B01-0696,WD,-3.841288360417519,-0.2846148454547076
WD_B01-0697,WD,-4.895466789520864,0.18637342111198946
WD_B01-0698,WD,-3.873705843877551,0.5132404707871426
WD_B01-0699,WD,-4.046018105738775,-0.5935837193073641
WD_B01-0700,WD,-4.86457313641385,0.9379253466701848
WD_B01-0701,WD,-4.3948766858140065,0.4868298536327307
WD_B01-0702,WD,-5.388025473666244,1.123423282139499
WD_B01-0703,WD,-5.726165439299649,0.761951337888513
WD_B01-0704,WD,-4.07962664401616,1.1279547329780557
WD_B01-0705,WD,-4.625023872159459,2.2445748111869643
WD_B01-0707,WD,-5.421664679336625,1.0769650513597644
WD_B01-0708,WD,-4.785888336740823,3.073944614327567
WD_B01-0709,WD,-4.442088647249216,1.5698268844168335
WD_B01-0710,WD,-3.18609104767161,1.5304873101508985
WD_B01-0712,WD,-4.0933991393459435,0.16419710947948798
WD_B01-0714,WD,-4.745410493476092,0.6432143705572735
WD_B01-0715,WD,-3.4160240068180396,1.8493289078993926
WD_B01-0716,WD,-4.202573451523893,1.1692375429061712
WD_B01-0717,WD,-4.122805637091076,0.1484681650125695
WD_B01-0720,WD,-4.252795686645597,0.47453408598381924
WD_B01-0721,WD,-3.8612812471457154,-0.33320658127974395
WD_B01-0722,WD,-3.4468820266452056,-0.2970317667452934
WD_B01-0723,WD,-3.7388417132946654,0.1958149641176329
WD_B01-0725,WD,-3.656345753127857,0.2909356510552725
WD_B01-0726,WD,-4.754892511407015,0.7213218095127583
WD_B01-0727,WD,-5.343035691393352,0.4525441398019403
WD_B01-0728,WD,-3.9820723466357038,0.1766163618387676
WD_B01-0729,WD,-2.9938113764769647,1.4347320197430855
WD_B01-0730,WD,-3.7760639185623526,0.5800082532191297
WD_B01-0731,WD,-3.363115112045429,-0.2644305698504623
WD_B01-0732,WD,-3.732411422539812,0.6507616250239756
WD_B01-0733,WD,-3.696299414464799,-0.3463364880476308
WD_B01-0735,WD,-3.9766666760078517,-0.21591809789498279
WD_B01-0736,WD,-4.650771640122818,0.46526617741953785
WD_B01-0737,WD,-4.525834723403995,1.079460945487301
WD_B01-0738,WD,-4.226925881244243,0.2621873851986658
WD_B01-0740,WD,-3.7279527652235154,0.11779381438063884
WD_B01-0741,WD,-4.528839014134194,0.5306679545939902
WJ_B01-0001,WJ,-0.0796137699783065,-0.45396869890342817
WJ_B01-0002,WJ,1.7660373379663956,-0.8236916898843937
WJ_B01-0003,WJ,1.846823495222748,0.46497012991936076
WJ_B01-0004,WJ,-1.4006534575840206,-0.7314878769510207
WJ_B01-0005,WJ,1.1230042708528725,1.2552584176287909
WJ_B01-0006,WJ,3.6249778510421606,0.31164397775777697
WJ_B01-0007,WJ,1.3210401150925506,-0.013209541509259648
WJ_B01-0008,WJ,0.03815482967258368,-0.4415357288193771
WJ_B01-0009,WJ,-0.8273105411614373,-0.7292023946401037
WJ_B01-0010,WJ,3.2688425191557546,0.06790752747525954
WJ_B01-0012,WJ,0.7645158204664665,-0.5152302371200431
WJ_B01-0013,WJ,0.1896250647892729,-0.4052646528828943
WJ_B01-0014,WJ,0.2886296864589638,-0.07988070183411154
WJ_B01-0015,WJ,3.81392176591386,0.24495913097571947
WJ_B01-0016,WJ,0.7455661746086906,0.07960761610529862
WJ_B01-0017,WJ,2.0745217889456766,-0.3600238758796027
WJ_B01-0018,WJ,-0.37465357280289385,-0.947175768760579
WJ_B01-0019,WJ,0.671684111975386,-0.3708247988182838
WJ_B01-0020,WJ,2.607639200909016,-0.3996170094468974
WJ_B01-0021,WJ,0.2742451824159988,-0.2311915865840831
WJ_B01-0022,WJ,0.8965454380142436,-0.06763091353214078
WJ_B01-0023,WJ,1.0823080646615157,-1.4216173938583387
WJ_B01-0024,WJ,0.5550645976692431,-0.26703442125507265
WJ_B01-0025,WJ,1.08141435652707,-0.2915369790196823
WJ_B01-0026,WJ,1.34944478388014,-0.14051897530343446
WJ_B01-0027,WJ,3.8935218116579176,0.3541287379864392
WJ_B01-0028,WJ,0.6108339980766382,-0.35543926285655575
WJ_B01-0029,WJ,0.9847151630889175,-0.36447236293337254
WJ_B01-0030,WJ,0.29773474204965017,-0.70331433636862
WJ_B01-0033,WJ,2.5128837995961666,0.1924590752336096
WJ_B01-0034,WJ,4.428492221746065,1.1446667301527587
WJ_B01-0036,WJ,1.8081210249423028,-0.06439728476241056
WJ_B01-0037,WJ,1.2686729930338916,0.13420725870653488
WJ_B01-0038,WJ,1.7005484962366981,-1.0675456268571613
WJ_B01-0039,WJ,0.0956966282180943,-0.11329124242373656
WJ_B01-0040,WJ,0.10421558825226265,-0.3641587902473025
WJ_B01-0041,WJ,1.6180141323954897,-0.12809939572681653
WJ_B01-0042,WJ,0.8447182779963364,0.07056094709130602
WJ_B01-0043,WJ,0.2517128877287847,-0.36968460715981655
WJ_B01-0044,WJ,0.9154124341346341,-0.5913391585801498
WJ_B01-0046,WJ,2.701357596165386,-1.003341570891549
WJ_B01-0047,WJ,0.40217777594596593,-1.8172161736326955
WJ_B01-0048,WJ,0.9734383015870856,-0.2463030922955419
WJ_B01-0049,WJ,0.8758496193690005,0.1317280038510828
WJ_B01-0050,WJ,0.6932354926895687,-0.4806578422361951
WJ_B01-0051,WJ,0.7925085349868739,0.06615462792741039
WJ_B01-0052,WJ,0.8978139906120315,-0.46013803213230037
WJ_B01-0053,WJ,-0.3736230840488357,-0.49145302852037537
WJ_B01-0054,WJ,3.6256959957315864,-0.7211911373739709
WJ_B01-0055,WJ,-0.4133556569163772,1.5790712615224431
WJ_B01-0056,WJ,1.7117642675523266,0.13559828921880102
WJ_B01-0057,WJ,2.817408649906094,-0.09345545183725794
WJ_B01-0058,WJ,2.411488416518645,0.4044369847521434
WJ_B01-0059,WJ,1.1150285206166441,-0.4200959159502209
WJ_B01-0060,WJ,1.1040587343310895,-0.5192655543049381
WJ_B01-0061,WJ,2.084005118802216,-0.2729241502555165
WJ_B01-0062,WJ,0.9032214139903194,-0.573802320300588
WJ_B01-0063,WJ,1.210786330309455,-1.1489884390984983
WJ_B01-0064,WJ,0.9939074521207081,0.2504699203886475
WJ_B01-0065,WJ,2.009571852251917,-1.8527825786217509
WJ_B01-0066,WJ,-0.031448774684610374,-0.8620457946321366
WJ_B01-0067,WJ,1.7378434254481325,-1.025347094812457
WJ_B01-0068,WJ,1.81342197532232,0.5113070490490056
WJ_B01-0069,WJ,0.8591781349190873,-0.3867158980360769
WJ_B01-0070,WJ,0.9226135125253021,-0.16956042141265484
WJ_B01-0072,WJ,1.7108455784913654,1.3604270136565666
WJ_B01-0073,WJ,0.02508548528542251,-0.3642698419688211
WJ_B01-0074,WJ,1.4323379185663752,0.22174970005798197
WJ_B01-0076,WJ,1.3260068907332283,0.37987202755897936
WJ_B01-0077,WJ,0.924608196599257,0.4177632987907592
WJ_B01-0078,WJ,-0.2873552993031979,-1.2125039915686149
WJ_B01-0079,WJ,1.3327193917166291,-1.7153100094374167
WJ_B01-0080,WJ,0.7188410958794237,-0.9476642410190184
WJ_B01-0081,WJ,3.7542520871087186,-0.7593446692710886
WJ_B01-0082,WJ,2.9690162597252425,-0.37077341870478864
WJ_B01-0083,WJ,4.520270176940063,-0.8589129259298037
WJ_B01-0084,WJ,2.660853170167936,-1.1469128881044424
WJ_B01-0085,WJ,-0.9628093366601658,-0.6081386711437565
WJ_B01-0086,WJ,1.756389783943041,0.6360506679182841
WJ_B01-0087,WJ,1.409100379197752,-0.3665900038906975
WJ_B01-0088,WJ,0.602720748547362,-0.47314449500754446
WJ_B01-0089,WJ,0.4601282556160031,-0.8314887365986628
WJ_B01-0090,WJ,1.931368472729268,0.4960993551115075
WJ_B01-0091,WJ,1.9605448632941074,0.33654594924662223
WJ_B01-0092,WJ,1.0113819408987645,-0.8121801291864871
WJ_B01-0093,WJ,-0.23593539124386215,-0.4363686568394036
WJ_B01-0094,WJ,0.4499215889557416,-0.2117140674152722
WJ_B01-0095,WJ,1.3194416899725638,-1.7280215520640223
WJ_B01-0096,WJ,0.8485100127167549,0.13739772867807049
WJ_B01-0098,WJ,1.3446893490117904,-1.9722848895084566
WJ_B01-0099,WJ,1.3946676472005601,-2.5017026053339255
WJ_B01-0100,WJ,0.19470416076736488,-0.30826437520925565
WJ_B01-0101,WJ,2.0912278582849746,0.06774069672878022
WJ_B01-0102,WJ,0.6639168496537377,-1.727782032770824
WJ_B01-0103,WJ,0.201752188824874,-2.478159289488681
WJ_B01-0104,WJ,1.069183390669813,-1.8311446551484358
WJ_B01-0106,WJ,2.076093323164868,0.3638576285080231
WJ_B01-0107,WJ,2.2186553768650525,-0.7042989620078617
WJ_B01-0108,WJ,2.1128918097054075,0.8564659458100318
WJ_B01-0109,WJ,0.9279112598056604,-0.8055797546907908
WJ_B01-0110,WJ,1.9546036397508495,1.2812894051787431
WJ_B01-0111,WJ,4.35975109172604,1.1242235121762147
WJ_B01-0112,WJ,1.1954413458921727,-0.7124104565963388
WJ_B01-0113,WJ,2.685734399663076,-1.2234302324978468
WJ_B01-0114,WJ,-0.08246935144175532,1.2615326262139186
WJ_B01-0115,WJ,-0.5685542282743289,-0.5090904624444457
WJ_B01-0116,WJ,3.0996793255069917,-0.9377983042419875
WJ_B01-0117,WJ,0.13808492381256862,-1.1656758611300004
WJ_B01-0118,WJ,2.132739908577673,-1.0849970585926543
WJ_B01-0119,WJ,1.304113034402934,0.5180381945080343
WJ_B01-0120,WJ,1.0476549119852139,0.31629360183224553
WJ_B01-0121,WJ,0.38165387327766526,-0.08367320672991554
WJ_B01-0123,WJ,1.5342341508622082,-0.5035350563801458
WJ_B01-0124,WJ,2.255815692401179,-1.265216694803537
WJ_B01-0125,WJ,1.0828612739527796,-0.5627863350714715
WJ_B01-0126,WJ,0.8093474469554703,-1.3200598247225568
WJ_B01-0127,WJ,0.6055828416938037,-0.18417074645381795
WJ_B01-0128,WJ,0.4971599782244666,1.2347985644268533
WJ_B01-0129,WJ,0.5991174890656086,-0.7747648448372767
WJ_B01-0130,WJ,1.1730323598670391,-0.4131277995596737
WJ_B01-0131,WJ,1.3272803259746846,-0.6695234352530414
WJ_B01-0132,WJ,2.2413341773343176,-0.9437724661038672
WJ_B01-0133,WJ,0.3214469826457088,-1.2504518754278149
WJ_B01-0134,WJ,3.815329288997233,-1.3577513638350347
WJ_B01-0135,WJ,0.5087163836485077,-1.409938270186243
WJ_B01-0136,WJ,3.143339642194347,-0.20891408517993446
WJ_B01-0137,WJ,0.10873127929099607,-0.7319287826593175
WJ_B01-0138,WJ,2.3195966413071907,-0.43757268289310386
WJ_B01-0139,WJ,1.4889073846064398,-0.08022029383199149
WJ_B01-0140,WJ,2.4346290985436934,1.4143799198401608
WJ_B01-0142,WJ,0.9057841073582407,0.4506755957957118
WJ_B01-0143,WJ,3.473881594580691,0.17787576303180286
WJ_B01-0144,WJ,-0.4054978367842345,-0.7045276245232449
WJ_B01-0145,WJ,0.9375386684824545,-0.5729188776323407
WJ_B01-0147,WJ,1.1018251891244393,-0.4055817187070558
WJ_B01-0148,WJ,1.7931403058432152,-0.3211342257863328
WJ_B01-0150,WJ,0.33004122249310613,-1.0566215979736615
WJ_B01-0151,WJ,1.9567367375984697,0.4477095194122203
WJ_B01-0152,WJ,2.995563564855198,0.2279994278379498
WJ_B01-0153,WJ,3.501326199698754,0.6695099646618664
WJ_B01-0154,WJ,1.7731521520866653,-1.2152625152746004
WJ_B01-0155,WJ,0.19580099774462345,0.49956072921214734
WJ_B01-0156,WJ,1.8301211678527214,-0.039617368856613266
WJ_B01-0157,WJ,3.3615001574942354,-0.5999025608363586
WJ_B01-0158,WJ,0.36721773858663537,-0.5620531682009352
WJ_B01-0159,WJ,1.2456389950703541,-0.11597525434285813
WJ_B01-0160,WJ,1.348757251763298,-0.07200439598795683
WJ_B01-0161,WJ,3.6876702201462117,1.3600772400857803
WJ_B01-0162,WJ,2.025682978700083,0.041473087299671564
WJ_B01-0163,WJ,1.3479637567942349,0.6141194867612016
WJ_B01-0164,WJ,1.0447048826025314,-0.4589240590019056
WJ_B01-0165,WJ,0.05733928676484809,-0.41028955072194473
WJ_B01-0166,WJ,2.5006487719597184,-1.1299835672966403
WJ_B01-0167,WJ,2.782465884283754,-0.2608794848088299
WJ_B01-0168,WJ,1.371494695679098,0.5044524698939604
WJ_B01-0169,WJ,1.3556208670972913,0.295406091998685
WJ_B01-0170,WJ,0.8124614234348406,1.1766290312095602
WJ_B01-0171,WJ,1.0411736638971036,0.5499520391003119
WJ_B01-0172,WJ,2.337953876967675,-0.7987688646871909
WJ_B01-0173,WJ,0.200733315684835,0.3466300853910689
WJ_B01-0174,WJ,0.25295360729208294,0.09134273536330907
WJ_B01-0175,WJ,0.37926415356459203,-0.41240617077326897
WJ_B01-0176,WJ,1.1655729580179772,0.47201033454893404
WJ_B01-0177,WJ,1.5673384679228104,0.2654760998667333
WJ_B01-0178,WJ,2.153285001459609,-0.037191043993193854
WJ_B01-0179,WJ,0.15924501979021788,-0.679457381223396
WJ_B01-0180,WJ,0.23609464528579305,-1.1546491814653015
WJ_B01-0181,WJ,2.8160894853648384,0.8739473091695882
WJ_B01-0182,WJ,0.4936947351360429,0.3739834290671006
WJ_B01-0183,WJ,0.26627479295556805,0.08674208507026597
WJ_B01-0184,WJ,0.05568551047708814,-1.3251326478740844
WJ_B01-0185,WJ,-0.6025721687910505,-1.422735094240878
WJ_B01-0186,WJ,-0.5085367099221938,-1.536386785271419
WJ_B01-0187,WJ,2.2359676392111503,-1.6808876783459157
WJ_B01-0188,WJ,1.938883919929509,-1.098072738168727
WJ_B01-0189,WJ,1.8884850328085852,-1.4277354698409
WJ_B01-0190,WJ,1.16966551366997,-1.2033213601521404
WJ_B01-0191,WJ,0.013626098428602823,-1.3565007122799835
WJ_B01-0192,WJ,1.2624764086527867,-2.194375675221446
WJ_B01-0194,WJ,1.9705900745277776,-1.3117611252086328
WJ_B01-0195,WJ,1.4172441184706903,-1.526524480573285
WJ_B01-0196,WJ,1.1703932613494434,0.441876132130484
WJ_B01-0197,WJ,1.8368055641491934,-1.357922909918542
WJ_B01-0198,WJ,2.9627087937248513,-0.47528432723760666
WJ_B01-0199,WJ,1.0153673599571915,-1.0890412160723284
WJ_B01-0200,WJ,0.5421085603310007,-1.6716343854685407
WJ_B01-0201,WJ,1.1938821040037684,-1.0861630171158578
WJ_B01-0203,WJ,2.077656695858078,-1.4258659444395811
WJ_B01-0204,WJ,2.98611432652282,-2.2241102193467945
WJ_B01-0205,WJ,0.8108878557528926,-1.870395625326497
WJ_B01-0206,WJ,1.5401231638512243,-0.4229225623698179
WJ_B01-0207,WJ,-1.1175420119601247,-0.861735895225773
WJ_B01-0208,WJ,4.712894217311029,1.9074262781786568
WJ_B01-0209,WJ,0.24140330082168143,0.09239021311585784
WJ_B01-0210,WJ,2.779054518913055,1.6876394945822826
WJ_B01-0211,WJ,3.448147369254664,0.32668209273763926
WJ_B01-0212,WJ,-0.41411348988051705,-0.06345953885724051
WJ_B01-0213,WJ,1.4431645128990587,0.48702231686276004
WJ_B01-0217,WJ,2.7109648754289943,1.1330821328039398
WJ_B01-0218,WJ,0.07603283184679765,-0.7652084769891274
WJ_B01-0219,WJ,4.7221627448810075,1.2580909164957874
WJ_B01-0220,WJ,1.4207222688655967,1.1755953262011678
WJ_B01-0221,WJ,0.37113162135947986,-0.32855611441086574
WJ_B01-0222,WJ,-0.20147968017726164,-0.11259169930478165
WJ_B01-0223,WJ,3.5035143871481838,0.6743723112249083
WJ_B01-0224,WJ,2.6582359293507825,-1.6790665756822425
WJ_B01-0225,WJ,1.1606901298206311,-0.4725712606030385
WJ_B01-0226,WJ,2.360347930360681,0.14092846603718373
WJ_B01-0227,WJ,1.2523660389818216,-0.9593976197407883
WJ_B01-0228,WJ,2.9854519817275142,0.20273710461204986
WJ_B01-0229,WJ,1.692073363500454,-0.2908715832966365
WJ_B01-0230,WJ,1.5867797752089503,-1.4979066537397783
WJ_B01-0231,WJ,2.338108699341073,0.7121863986481896
WJ_B01-0232,WJ,1.3021127678381876,-2.128456831249442
WJ_B01-0233,WJ,1.7011335719298266,-0.739531177946375
WJ_B01-0234,WJ,1.3775368173058733,-2.49236971250525
WJ_B01-0235,WJ,2.0190588473114257,-1.1387478577431562
WJ_B01-0236,WJ,1.2783109270236173,-0.9836974114088481
WJ_B01-0238,WJ,1.2213387889141034,-0.8788240152179381
WJ_B01-0240,WJ,1.5240725509444746,-0.9695189940808125
WJ_B01-0241,WJ,1.1073082983781763,0.5256135589118728
WJ_B01-0242,WJ,-0.5977568254355717,-0.7682714489975344
WJ_B01-0244,WJ,3.643102064317416,0.4986840129388356
WJ_B01-0245,WJ,0.7846679012417694,-0.16780402488778665
WJ_B01-0246,WJ,0.0067850736999243155,-1.0343735136112981
WJ_B01-0247,WJ,1.3383911233613268,-0.1112885215519317
WJ_B01-0248,WJ,3.0334292396467104,0.5084907196542028
WJ_B01-0249,WJ,2.1250725361913063,0.8095434134789193
WJ_B01-0250,WJ,4.392337624599592,0.8364950309867774
WJ_B01-0251,WJ,1.2604559329727918,-0.25267031041099414
WJ_B01-0253,WJ,2.557207292474782,-0.5224698934967899
WJ_B01-0255,WJ,3.3466759389531435,0.5413470987366041
WJ_B01-0256,WJ,-0.29043522710323766,-0.6982485708957483
WJ_B01-0257,WJ,5.056004492799412,1.4057346206293742
WJ_B01-0259,WJ,0.26654514033068943,0.22245283699169308
WJ_B01-0260,WJ,0.08792331709754526,0.38929600961057886
WJ_B01-0261,WJ,0.6755837647729305,0.39063683453422626
WJ_B01-0264,WJ,0.8529090443633621,0.6219598700348045
WJ_B01-0265,WJ,2.5422812040967075,0.29643585030159314
WJ_B01-0267,WJ,-0.3156718947574807,0.022595661865639383
WJ_B01-0268,WJ,1.513327829147017,-0.1613161289196204
WJ_B01-0269,WJ,2.3335765664966557,-0.8256832327277862
WJ_B01-0270,WJ,3.634120593961945,0.6924259072160291
WJ_B01-0271,WJ,-1.0442087396224198,-0.8656786615350702
WJ_B01-0272,WJ,1.0303571326921226,-0.7495818357206467
WJ_B01-0273,WJ,1.8138067725492155,-1.9118971746329376
WJ_B01-0275,WJ,1.7822244657227182,-0.1364849879147575
WJ_B01-0276,WJ,1.5917275054433442,-0.18326836232720123
WJ_B01-0277,WJ,-0.5536722253330044,-1.6896689812516428
WJ_B01-0278,WJ,2.4339763886792047,-0.05399085702525162
WJ_B01-0280,WJ,1.4110412416654716,-0.05865860068047167
WJ_B01-0281,WJ,0.5170999557537583,-1.3259162025843547
WJ_B01-0282,WJ,0.4308026555890714,-0.833913221697849
WJ_B01-0283,WJ,-0.3725426579700794,-1.0073900367376591
WJ_B01-0284,WJ,1.3952261796111336,-1.0694337483966172
WJ_B01-0285,WJ,2.808126935687254,-0.2783020840457435
WJ_B01-0287,WJ,2.6597952120200037,-0.8123847775146611
WJ_B01-0288,WJ,1.7402713315579366,0.7615122031096003
WJ_B01-0289,WJ,1.8332924689046466,-0.8343333364114998
WJ_B01-0290,WJ,2.3243228141365595,-0.3971855858811827
WJ_B01-0291,WJ,0.9227038819889722,0.5140510362315716
WJ_B01-0292,WJ,0.8432189664404943,-0.13535422911381526
WJ_B01-0293,WJ,0.5390850903232707,-0.5818696819781076
WJ_B01-0294,WJ,2.538917092647886,-0.3477095897367089
WJ_B01-0295,WJ,2.4406777024958854,0.34550895291951356
WJ_B01-0296,WJ,0.7657773889973079,-0.4081433186789358
WJ_B01-0297,WJ,0.27407233485136573,-0.2258523870558914
WJ_B01-0298,WJ,0.7515916306258045,-0.10163240188720192
WJ_B01-0299,WJ,1.4302668807604941,-0.8155240146054303
WJ_B01-0300,WJ,1.0073992539229415,-0.5513267149684983
WJ_B01-0301,WJ,-0.0916673823840197,-0.6429299251112531
WJ_B01-0302,WJ,2.6723874244786403,-0.9096572598411597
WJ_B01-0303,WJ,1.893129179109193,-0.9079386336784017
WJ_B01-0304,WJ,0.6669266266559345,-0.0541085291030612
WJ_B01-0305,WJ,0.45987010689848185,-0.6298592863593591
WJ_B01-0306,WJ,0.08064831292173623,-0.6906465407582661
WJ_B01-0308,WJ,0.5518830694212445,0.3532921200218139
WJ_B01-0309,WJ,2.727511896792488,1.2285277866181379
WJ_B01-0310,WJ,0.3035129152514978,-0.2277970824017977
WJ_B01-0312,WJ,0.5448225949042996,-0.685365349221115
WJ_B01-0313,WJ,0.7441586296113971,1.0138162598158185
WJ_B01-0314,WJ,2.1817821285984156,0.884258735484918
WJ_B01-0315,WJ,2.781149685842575,-1.06628505499338
WJ_B01-0316,WJ,0.3746085629680926,-1.1111282595578709
WJ_B01-0317,WJ,1.787986793976335,-0.7972647809091286
WJ_B01-0318,WJ,3.7308793070620077,-1.6808665392282205
WJ_B01-0319,WJ,-0.05361751508910856,-0.7637352772477255
WJ_B01-0320,WJ,3.515936103988264,0.5551803366384025
WJ_B01-0321,WJ,2.9306437802895156,0.3496523367983507
WJ_B01-0322,WJ,1.6409483286320552,-0.8268514615155318
WJ_B01-0323,WJ,2.3477562067290205,0.7573749278359543
WJ_B01-0324,WJ,1.1506127069955356,-0.5382754297488964
WJ_B01-0325,WJ,2.735140658179069,0.7065068604626614
WJ_B01-0326,WJ,2.0239780766845246,-2.1564335994768755
WJ_B01-0327,WJ,0.7422471624307011,0.09315133031639405
WJ_B01-0328,WJ,0.3685682899276007,0.43722301072612463
WJ_B01-0329,WJ,1.4888255069875,-0.4650395655063041
WJ_B01-0330,WJ,0.27013490567588955,-0.8463132938678826
WJ_B01-0331,WJ,0.8058187155668686,0.5780564776843958
WJ_B01-0332,WJ,0.6263323065164915,0.08083725740443587
WJ_B01-0333,WJ,0.19408839314909038,0.016712728798710264
WJ_B01-0334,WJ,2.86856472204827,-0.8644484839837577
WJ_B01-0335,WJ,0.6242713010498053,-0.2921535470698004
WJ_B01-0336,WJ,-0.3253099979470152,-0.7534743249508393
WJ_B01-0337,WJ,2.8597392583111594,-0.7345955813655157
WJ_B01-0338,WJ,1.3107632951776498,0.353216855302792
WJ_B01-0340,WJ,1.4828194972452131,-0.23929331935615258
WJ_B01-0341,WJ,0.8751166153276128,0.6415112082792965
WJ_B01-0342,WJ,-0.6907813410265091,-0.3811109036332517
WJ_B01-0343,WJ,0.7663146090122662,-0.5249289598969062
WJ_B01-0344,WJ,2.047985226168274,-0.18923203344961817
WJ_B01-0345,WJ,0.1785162771706027,-1.4796000233477071
WJ_B01-0346,WJ,0.909757201210541,-1.6308649761669738
WJ_B01-0347,WJ,1.420469339560053,-1.4978806908711482
WJ_B01-0348,WJ,-0.009415283938154523,0.4640362232744234
WJ_B01-0349,WJ,0.2268401621190736,-0.14766521369652363
WJ_B01-0350,WJ,-0.3815667341719966,-1.194790219767774
WW_B01-0001,WW,6.3448582786997845,-0.44540822010549264
WW_B01-0002,WW,5.381571978505261,-0.291762895357704
WW_B01-0003,WW,1.4503494272937218,-0.8896798679966675
WW_B01-0005,WW,0.837734999270835,-1.2525481042010331
WW_B01-0006,WW,4.159915157707491,-0.048568788565440044
WW_B01-0007,WW,3.913762864685684,-0.6826681102305685
WW_B01-0008,WW,4.54478336301857,-0.12302575878135354
WW_B01-0009,WW,4.488196582865834,-0.5877346473838709
WW_B01-0010,WW,6.564530744554082,0.5183229957553255
WW_B01-0011,WW,-1.7314525200525788,-1.8590357713221866
WW_B01-0012,WW,1.0320335200376534,-0.43075783537567713
WW_B01-0013,WW,3.9557044551766447,-0.5767910117503803
WW_B01-0014,WW,-0.2349583471848234,-1.737746802492235
WW_B01-0015,WW,1.8931797315908965,-0.620156707574652
WW_B01-0017,WW,-1.1271378052782137,-1.953785082428865
WW_B01-0018,WW,0.10980458215133662,-1.3999956988792843
WW_B01-0019,WW,0.5104315273943434,-1.170823786715503
WW_B01-0020,WW,0.9795148770443124,-0.27911404197696477
WW_B01-0021,WW,6.994677284342567,-0.09717057807240848
WW_B01-0022,WW,1.7503800405255037,-1.1587608707398216
WW_B01-0023,WW,2.290091761993322,-0.6392483994475117
WW_B01-0024,WW,2.574486553138948,-1.1878605166888956
WW_B01-0025,WW,6.215992132627579,-0.21796722521328288
WW_B01-0026,WW,2.1936082604830136,-1.264302727221495
WW_B01-0027,WW,3.756280698565773,-0.7971576704696052
WW_B01-0028,WW,2.5393424051117828,-1.4318459434879471
WW_B01-0029,WW,3.2560265452617676,-0.8041962615898948
WW_B01-0030,WW,4.465603717217662,-0.7954857250371516
WW_B01-0031,WW,7.673127573600475,0.5411393021727091
WW_B01-0032,WW,1.9908185982917606,-0.6518398326415874
WW_B01-0033,WW,0.9472127820662637,-1.4594484114447204
WW_B01-0036,WW,2.4362786782160053,-0.2241118262464222
WW_B01-0037,WW,5.394633275577061,-0.07721399625194886
WW_B01-0038,WW,5.450566416336537,-0.4495419407150031
WW_B01-0040,WW,-1.0172205871175757,-0.6242565493366997
WW_B01-0041,WW,-0.7073296661486546,-0.8434195080679924
WW_B01-0042,WW,-0.8556230927076388,-0.76751316131999
WW_B01-0043,WW,2.308628695308559,-0.5173915862709617
WW_B01-0044,WW,0.7896779402098999,-0.6709118947704531
WW_B01-0045,WW,2.896113354957882,-0.12246823508483956
WW_B01-0046,WW,2.0315477503930106,-0.48498575401876903
WW_B01-0049,WW,0.7492433765770377,-1.1842486254328022
WW_B01-0050,WW,4.880337369474027,0.46143095625757347
WW_B01-0051,WW,3.4030311644467948,-0.550155519102522
WW_B01-0052,WW,2.405555551453092,-0.707380406130036
WW_B01-0053,WW,2.185977222672974,-0.6606230473808734
WW_B01-0054,WW,6.235884092355806,0.9651274190474539
WW_B01-0055,WW,6.520928573838945,1.0495745717505442
WW_B01-0056,WW,5.523332433792555,-0.18897197950108163
WW_B01-0057,WW,2.1151339539544614,0.2758294304221491
WW_B01-0059,WW,0.9893580479855248,-1.0082484136555756
WW_B01-0060,WW,6.205604501471328,-0.39802710844248856
WW_B01-0062,WW,-0.07446045410933962,-1.3989096971232722
WW_B01-0063,WW,4.906747834377631,-0.5419098633274977
WW_B01-0064,WW,7.443587635615176,-0.20004782685253733
WW_B01-0067,WW,7.767987467815539,0.0580687557246492
WW_B01-0068,WW,9.1777495053404,0.4120290520793749
WW_B01-0069,WW,5.607629792683161,0.7663043395851814
WW_B01-0070,WW,-1.436633130819259,-0.9840678357787898
WW_B01-0071,WW,8.026223778340004,1.0941332960844115
WW_B01-0072,WW,6.774290581562992,-0.05583455976222687
WW_B01-0073,WW,2.550141539441147,0.031815610281172746
WW_B01-0074,WW,6.883030776658406,0.079526447388543
WW_B01-0075,WW,4.814123427307732,-0.470382338081879
WW_B01-0076,WW,-0.04771540529800495,-1.0306216638086911
WW_B01-0077,WW,9.87103126875518,-0.02278732337174133
WW_B01-0078,WW,7.74058952403211,-0.18258007198393258
WW_B01-0079,WW,4.504545529806717,-0.16453730520791165
WW_B01-0080,WW,2.8523047805371236,-0.13866648195201303
WW_B01-0082,WW,7.588371153263367,-0.2050213383100281
WW_B01-0083,WW,9.489112794039059,0.8810381283450205
WW_B01-0084,WW,7.985382007066972,0.767301580642308
WW_B01-0085,WW,3.5206863677273508,0.23300618620290214
WW_B01-0086,WW,1.4955396624343362,-1.1618106496873066
WW_B01-0087,WW,2.2795834758395976,0.1263268451065105
WW_B01-0088,WW,8.305053269634675,-0.19635221619541943
WW_B01-0089,WW,5.093752636243362,0.33985728976486446
WW_B01-0090,WW,1.4132867765795685,-0.8139327430353729
WW_B01-0091,WW,1.0585044255523604,-0.44953396277277935
WW_B01-0093,WW,1.7612554344672926,-0.008004890672378431
WW_B01-0094,WW,2.1967584154449353,-0.32160382170030427
WW_B01-0095,WW,3.4280933981167787,-0.12642174286109337
WW_B01-0097,WW,3.095027780439472,0.7028858022363482
WW_B01-0098,WW,9.834102435082455,0.47091978782902
WW_B01-0099,WW,7.070952995534293,0.16308627904318945
WW_B01-0100,WW,-0.8023562153698989,-1.0390288908213332
WW_B01-0101,WW,1.4961286803103941,-0.921395565352552
WW_B01-0102,WW,3.7438510689383526,0.3649395792935238
WW_B01-0103,WW,-0.7474602025464069,-1.2950120186908578
WW_B01-0104,WW,1.4648685443021607,-1.2565822402200122
WW_B01-0105,WW,4.2866365642207125,-0.8967397885253935
WW_B01-0106,WW,2.748717207514718,0.3999386191723241
WW_B01-0107,WW,7.295831210748968,-0.011926562645978078
WW_B01-0108,WW,7.3126593657392345,-0.6319917511525786
WW_B01-0109,WW,4.249457553089709,-0.9605008472717365
WW_B01-0110,WW,3.0935166840529438,0.43694125750220064
WW_B01-0111,WW,2.89278139461755,-0.7974456275683798
WW_B01-0112,WW,-1.2824645141493412,-1.1240165252749452
WW_B01-0113,WW,1.2196171653065448,-0.6663431486504701
WW_B01-0115,WW,5.554152327114367,-0.28887544052880515
WW_B01-0116,WW,3.4381252250310546,-0.04534847883871897
WW_B01-0117,WW,0.050867330644691136,0.5437433852869678
WW_B01-0118,WW,1.6600431295986315,-0.17812262000236778
WW_B01-0119,WW,5.40618113574114,0.22132330945606962
WW_B01-0120,WW,0.8443162081402166,-0.8738905606158478
WW_B01-0121,WW,1.3014012309265202,-0.5088438989470603
WW_B01-0122,WW,0.589121737141686,-0.7056342327987224
WW_B01-0123,WW,5.770443958403546,-0.6526387916989309
WW_B01-0124,WW,0.97839816140463,-1.180763712668795
WW_B01-0125,WW,0.7412509018954658,-1.2083231645226808
WW_B01-0126,WW,-0.39051285332901886,-1.4782400481190774
WW_B01-0127,WW,6.289415700625991,-0.015774318392133696
WW_B01-0128,WW,5.310528190781112,0.3740292491560002
WW_B01-0129,WW,3.9938627293441598,-1.4810329254219294
WW_B01-0130,WW,4.47788027327645,-0.6792381260077482
WW_B01-0131,WW,3.853534633046881,0.9750829099892757
WW_B01-0132,WW,1.6805882383285486,-0.6477952831614293
WW_B01-0133,WW,0.6529747932865618,-0.8292144939518423
WW_B01-0134,WW,-0.16434600038354485,-0.44591389440774215
WW_B01-0135,WW,0.0431378636894402,-0.007288730501110572
WW_B01-0136,WW,3.7822090854780166,-0.04838806101291629
WW_B01-0137,WW,0.49462075250144977,-0.137900279726221
WW_B01-0138,WW,0.7623144666048063,-0.3810831477227532
WW_B01-0140,WW,1.7236937114585642,-0.4050957447083843
WW_B01-0141,WW,3.6573984220995683,-0.5078555777828918
WW_B01-0142,WW,2.0377933391538785,-0.742186311329513
WW_B01-0143,WW,2.011050014609962,-1.1337692497825513
WW_B01-0144,WW,1.4465379243453582,0.1753168337636822
WW_B01-0145,WW,0.15820785200029705,-1.035702923900279
WW_B01-0146,WW,3.892011907849386,-0.008018252328808276
WW_B01-0147,WW,1.8588180730937207,-0.7008012279348519
WW_B01-0149,WW,1.8687714468224303,-0.7446379671245238
WW_B01-0150,WW,0.4939606651504408,-0.43362899412135736
WW_B01-0151,WW,9.497115308258273,0.23534464505512942
WW_B01-0153,WW,2.658605208398864,0.09668054572130512
WW_B01-0154,WW,2.3415683481848903,-0.6576625283207703
WW_B01-0155,WW,2.22229815859267,-0.362486455112888
WW_B01-0157,WW,-0.013231803465617205,-0.23758094124336543
WW_B01-0158,WW,1.2943679493477596,-1.2548175207406467
WW_B01-0159,WW,0.7619041459403947,-1.6172923956865173
WW_B01-0162,WW,3.9211989817819926,0.16775556830765667
WW_B01-0163,WW,0.015568135587056282,-0.35528170770805484
WW_B01-0166,WW,1.8173772774297954,0.025816152229627135
WW_B01-0168,WW,2.274382748159015,0.2034948044859515
WW_B01-0169,WW,1.5049050458116944,-0.39976684801950324
WW_B01-0170,WW,-0.14861658566924807,-1.6409959050108354
WW_B01-0171,WW,-0.07145456705084302,-0.6610865174755518
WW_B01-0172,WW,2.0364045255587033,-1.7368232339185175
WW_B01-0174,WW,2.0591555357720615,-1.2534278122168345
WW_B01-0176,WW,2.058846101773065,-0.5108296990462418
WW_B01-0177,WW,2.909491306585693,-1.05269774526798
WW_B01-0178,WW,3.359341092729771,-0.6854137898425625
WW_B01-0179,WW,-1.3552358538233715,-1.798306784016999
WW_B01-0180,WW,4.514651304651636,-0.661641567475783
WW_B01-0181,WW,-0.48308391420585756,-1.327578508166812
WW_B01-0182,WW,2.1833819078478873,-0.9416848602726842
WW_B01-0183,WW,4.014331567929322,-0.6730770414123579
WW_B01-0184,WW,0.6076373229158729,-1.5396470896420573
WW_B01-0185,WW,0.08165428633388232,-1.5529430440342755
WW_B01-0186,WW,-0.37267949267348793,-1.9980824558801722
WW_B01-0187,WW,2.1757665411429117,-1.723885822575025
WW_B01-0188,WW,2.1931567173498756,-0.619911182535997
WW_B01-0189,WW,1.6386887324143689,-1.2807505952972065
WW_B01-0190,WW,-0.34163233432548573,-1.620350711726516
WW_B01-0191,WW,2.1241510518837057,-1.0747817882194624
WW_B01-0192,WW,5.357538362606119,0.22873230076448547
WW_B01-0193,WW,-0.1423408643995974,-1.1929741841245565
WW_B01-0194,WW,3.9202968199735393,-0.8335561545505441
WW_B01-0196,WW,2.9006913357412794,-0.1720340960700209
WW_B01-0197,WW,0.83505461175652,0.24938471515419194
WW_B01-0198,WW,-0.27775751683598665,-0.5880765022386615
WW_B01-0199,WW,7.3822428594381755,-0.0032333835272415623
WW_B01-0200,WW,5.633108943747042,0.11154036623712735
WW_B01-0201,WW,-0.5677533726926365,-1.5286355276452177
WW_B01-0202,WW,1.8607644186699652,0.45969356017090685
WW_B01-0203,WW,1.7710210985525094,0.2469928996524423
WW_B01-0204,WW,1.3201745736316557,0.7129646300647263
WW_B01-0207,WW,1.2231224922949981,-0.21714282938693882
WW_B01-0208,WW,2.0399331765722577,0.408523778750917
WW_B01-0209,WW,2.0906043397317893,0.5076130327303825
WW_B01-0210,WW,2.073981567704551,0.7157535528580767
WW_B01-0211,WW,-0.6205180378082068,-0.7260570854519327
WW_B01-0212,WW,1.654522911357187,0.2697084584692644
WW_B01-0213,WW,0.8610359771206186,-0.2950406963585813
WW_B01-0214,WW,1.5321533728956436,0.08808747450316128
WW_B01-0215,WW,8.746542293208506,0.21868336895431062
WW_B01-0216,WW,2.1791129471878907,0.4118408829232397
WW_B01-0217,WW,4.042286982060117,-0.42057084105604314
WW_B01-0218,WW,2.973178909201499,-0.7010892127640816
WW_B01-0219,WW,-0.7395428976915718,-1.1996040749872392
WW_B01-0220,WW,1.1148475318094282,-1.0183984563439776
WW_B01-0221,WW,1.5160235885824807,-0.9663681388353517
WW_B01-0222,WW,-0.3643657876134837,-1.4316633456071484
WW_B01-0223,WW,1.08999322183908,-0.4357106664914663
WW_B01-0224,WW,0.17019698093788582,-0.7512249347610286
WW_B01-0225,WW,4.855351715505108,0.2738407627530591
WW_B01-0226,WW,4.963516703097287,0.2982608844688029
WW_B01-0227,WW,1.0441014870453087,0.24009738506799363
WW_B01-0228,WW,3.36566326651509,-0.16841522933769298
WW_B01-0229,WW,4.3632843589028125,0.4477184167404835
WW_B01-0230,WW,0.5514191184933218,0.24569313402737478
WW_B01-0231,WW,1.059637547223951,-0.06690179924575636
WW_B01-0232,WW,5.065259549856849,0.11676252023400982
WW_B01-0233,WW,-0.04896940527214008,-1.7398033511498678
WW_B01-0234,WW,-0.8380827131011422,-0.783714675045658
WW_B01-0235,WW,0.44627732759017275,0.19265348391768108
WW_B01-0236,WW,5.410865072089067,0.10315588962966221
WW_B01-0237,WW,2.4531353726478446,-0.7311432811320961
WW_B01-0238,WW,1.8976011210814472,0.33045751971812526
WW_B01-0239,WW,5.052922856268628,-0.6228809383508789
WW_B01-0240,WW,-0.07674942929653283,-1.0505441430356572
WW_B01-0241,WW,1.0339635803540907,-0.4551242779746012
WW_B01-0242,WW,-0.8107717750797219,-1.4266782711249664
WW_B01-0243,WW,-1.0647206048210798,-1.4229484802174648
WW_B01-0244,WW,0.14447248487205155,-0.5494864107793991
WW_B01-0245,WW,2.533035328400052,-0.178430828548213
WW_B01-0247,WW,3.47574557020324,-0.48942434716726724
WW_B01-0248,WW,-1.566254223534257,-1.3092002785068446
WW_B01-0249,WW,4.781025382304482,-0.6584371531824624
WW_B01-0250,WW,0.17345656930205602,-1.3388381028875052
WW_B01-0251,WW,-0.4901441023318941,-0.8360561156860227
WW_B01-0252,WW,1.8423132629074659,-0.835418241010264
WW_B01-0253,WW,0.5481680742671914,-1.432951311207485
WW_B01-0254,WW,-0.08892494203024673,-1.255788590748515
WW_B01-0255,WW,0.889689532574121,-1.11252194781896
WW_B01-0256,WW,3.990991783019839,0.9983694812727225
WW_B01-0257,WW,2.092477269491855,-0.06482842271770903
WW_B01-0258,WW,3.245331743808069,-0.324839091588941
WW_B01-0259,WW,2.395203232080024,0.6976451863799741
WW_B01-0260,WW,1.7306890878727728,-0.48249751410277564
WW_B01-0261,WW,2.2953005954477432,0.062150806744758
WW_B01-0262,WW,3.209580056648522,-0.524097453602733
WW_B01-0263,WW,-0.385095989038218,-0.8967562478911987
WW_B01-0264,WW,-1.3032164543630655,-1.0111888849467072
WW_B01-0265,WW,3.9174055462380015,1.3590320784335521
WW_B01-0266,WW,0.04453563738273686,0.1027612024222764
WW_B01-0267,WW,2.074295855776124,-0.846781802665757
WW_B01-0268,WW,1.8069292862247237,0.24053603010348623
WW_B01-0269,WW,-0.1931066086713634,-0.27505666177816457
WW_B01-0270,WW,0.8188330546556449,0.07453631786982097
WW_B01-0271,WW,-0.18368254499856398,-0.6347445572655008
WW_B01-0272,WW,-1.5883029787828906,0.503022539536918
WW_B01-0273,WW,-0.15619267421351213,-0.4878313231756835
WW_B01-0277,WW,1.1540072261971788,-0.2267821122870662
WW_B01-0278,WW,4.131259482462452,0.1811344519096229
WW_B01-0279,WW,0.5077956547142773,-0.5974103155312641
WW_B01-0280,WW,-0.12878810444523353,-0.7365144078782346
WW_B01-0282,WW,-0.7351535031132251,-0.7857770617491386
WW_B01-0283,WW,0.03886672689263321,-0.5575041873274509
WW_B01-0284,WW,-0.10052031141664225,-0.9644288571482703
WW_B01-0285,WW,-0.09057040552805881,-1.0149650438350286
WW_B01-0286,WW,1.6231824993573443,0.07105018075930145
WW_B01-0287,WW,-0.8907528024006837,-1.1651652620344037
WW_B01-0288,WW,-0.27183702003292476,-1.0106278030583158
WW_B01-0289,WW,0.9238802529440606,-1.3528798422995643
WW_B01-0290,WW,0.619451947012404,0.22220943801238355
WW_B01-0291,WW,4.1429281102788575,-0.9873840720612903
WW_B01-0292,WW,4.725070110916364,-0.7029392158725758
WW_B01-0293,WW,-0.7075516229796981,-1.703002445133078
WW_B01-0294,WW,1.1247706750850712,-1.1690791499097535
WW_B01-0295,WW,2.165008145160008,-0.5968503503497727
WW_B01-0296,WW,1.5848431257657303,0.37718999325699515
WW_B01-0297,WW,1.4782461687989712,-1.0956453479982953
WW_B01-0298,WW,-1.1843613888247355,-1.4559561701377757
WW_B01-0299,WW,1.6025084243109438,-1.0299689015375084
WW_B01-0300,WW,4.0287029488677915,-0.29350816965610516
WW_B01-0301,WW,7.317265923775603,0.2233311499341305
WW_B01-0302,WW,3.8471285497306833,-0.5711194401509615
WW_B01-0303,WW,3.89147347306103,-0.7989621613037865
WW_B01-0304,WW,1.8174357363484115,-1.0822519129731383
WW_B01-0305,WW,2.075546826537552,-0.7398375769127187
WW_B01-0306,WW,4.003365976710746,-0.6742032549969773
WW_B01-0307,WW,2.157894547631967,-1.0427899559916805
WW_B01-0308,WW,5.655745038340192,0.3157428062347691
WW_B01-0309,WW,2.2589687766135653,-1.283091969944878
WW_B01-0310,WW,3.3920635650828355,-0.7422929029248638
WW_B01-0311,WW,1.8946192467954717,0.6981267044645252
WW_B01-0313,WW,-0.8497020782291216,-0.7764651002733046
WW_B01-0314,WW,0.1647612943462882,-0.22722505935599976
WW_B01-0315,WW,0.424773312099903,0.3913329082230615
WW_B01-0316,WW,1.0130158358378836,-0.2328882289379641
WW_B01-0317,WW,2.2703088085365,0.20605635804166608
WW_B01-0318,WW,2.649474352362069,0.052130667841466395
WW_B01-0319,WW,1.6343115176727094,-1.7794050672177821
WW_B01-0320,WW,2.3599794533567935,-0.39193776181247225
WW_B01-0321,WW,0.869725329187879,-0.41294159507047656
WW_B01-0322,WW,1.1903626076484164,-0.1386299232554718
WW_B01-0323,WW,0.29797447605033955,0.886221841444727
WW_B01-0325,WW,1.2761506868790464,-0.3098461367966047
WW_B01-0326,WW,1.3424652248524294,0.7738009574749728
WW_B01-0327,WW,2.7262154819116384,0.41109112708563006
WW_B01-0328,WW,-0.21303141037357623,-0.2771066590351264
WW_B01-0329,WW,1.7581677044213158,-0.11235024716626954
WW_B01-0330,WW,0.604206648872846,0.20843060817145947
WW_B01-0331,WW,1.3481033740623631,-0.2390796258558714
WW_B01-0332,WW,-0.18082435127550225,-0.7966864308919273
WW_B01-0333,WW,1.689345015703452,-0.2635437319313673
WW_B01-0334,WW,3.309555987116222,0.4152144905973572
WW_B01-0335,WW,3.227841091269223,0.34157564737553187
WW_B01-0336,WW,3.5031919577714876,0.5565687239623747
WW_B01-0337,WW,1.8681719125967673,-0.8653896225461263
WW_B01-0338,WW,0.7250978029767956,-0.2776340299615692
WW_B01-0339,WW,4.530688908502019,0.3427773787872837
WW_B01-0340,WW,0.09777092795870403,-0.8823464488028013
WW_B01-0341,WW,-0.6925956919282734,-0.943882417840796
WW_B01-0342,WW,5.5522244998817545,-0.39810186389326674
WW_B01-0343,WW,1.1958273805411788,-0.3713740283694914
WW_B01-0344,WW,-0.5082995931142935,-0.6457293814951824
WW_B01-0346,WW,-0.6231296916370732,-0.7396854051980022
WW_B01-0347,WW,0.21402263319107806,-0.3985866963364548
WW_B01-0348,WW,0.9622744884538531,-0.2110190301213436
WW_B01-0349,WW,2.4256829343095667,0.2128862957759417
WW_B01-0350,WW,-1.1246431342317298,-2.0025526398589273
WW_B02-0001,WW,-1.1582355561653328,-0.5659613178691246
WW_B02-0003,WW,1.2339369572262708,-0.6857910413089146
WW_B02-0004,WW,0.6631875590734287,-0.9304026946992563
WW_B02-0006,WW,4.036905265482559,-0.06429638423268584
WW_B02-0007,WW,-0.979467958242868,-1.0151603587218154
WW_B02-0008,WW,1.9673098988886775,0.04716475300943071
WW_B02-0009,WW,1.3577204364336541,0.08662838346943033
WW_B02-0010,WW,3.095840457677537,0.6165434324474477
WW_B02-0011,WW,-1.2312274008480875,-1.256316062676244
WW_B02-0012,WW,2.086094154358264,-0.43504349356526656
WW_B02-0013,WW,1.2626646399398842,-0.33088734288708893
WW_B02-0014,WW,1.5944608239239078,-0.3745307614083035
WW_B02-0018,WW,2.504606377148346,-0.7578074066202696
WW_B02-0019,WW,-1.0161393286467573,-1.9852618224935108
WW_B02-0020,WW,-1.3180971312493273,-1.4949410671015617
WW_B02-0021,WW,-0.2119964936495517,-1.0472091317343828
WW_B02-0022,WW,2.273498126184487,-0.7905837871580251
WW_B02-0023,WW,2.2806573837295776,-0.43017588115328576
WW_B02-0024,WW,3.4844283790071753,0.4073978467695665
WW_B02-0025,WW,0.35616089995311406,-1.5058351542802442
WW_B02-0026,WW,0.25546695475672426,-0.82484920022554
WW_B02-0027,WW,0.5500202677078814,-0.027325040474631
WW_B02-0028,WW,0.5389320679948173,0.3049961295098933
WW_B02-0029,WW,0.10574465203157582,-0.9218037883264195
WW_B02-0031,WW,-1.089873294298135,-1.235824443924225
WW_B02-0032,WW,0.5141456628510152,-0.5174573937968188
WW_B02-0033,WW,-1.97714295978562,-0.9692483525177142
WW_B02-0035,WW,0.5655483883785856,-0.9672742805076638
WW_B02-0037,WW,-0.5523228791814176,-1.4847067628792812
WW_B02-0040,WW,-0.32957054856888396,-0.9903464094886535
WW_B02-0041,WW,2.3918968238756397,0.16076832575056121
WW_B02-0042,WW,2.494351713994444,0.3436905531179304
WW_B02-0043,WW,0.09127831037516654,-0.750861341371433
WW_B02-0044,WW,2.166964288027688,0.9339074207570145
WW_B02-0045,WW,3.130668108772772,-0.026183160564696523
WW_B02-0046,WW,-1.036369794970452,-1.5520678828010153
WW_B02-0047,WW,2.342698828190313,0.9197217647626665
WW_B02-0049,WW,1.298602061156635,-1.2274801106673319
WW_B02-0050,WW,0.9606992569918494,-1.3454228866504754
WW_B02-0052,WW,4.738134619949049,0.3679535655642654
WW_B02-0053,WW,0.42423123282664743,0.3069231688324846
WW_B02-0055,WW,0.46427702638465,-0.9655107272540224
WW_B02-0057,WW,1.4505108276552843,0.11424300362247435
WW_B02-0058,WW,-0.46365500459566716,-1.0367738319104436
WW_B02-0061,WW,2.19680136074533,-0.6887198283604652
WW_B02-0062,WW,2.701038474047418,-0.4356342344713949
WW_B02-0063,WW,-0.17664033122708628,-0.6362062415516461
WW_B02-0064,WW,-1.2319433356414746,-1.1599290053088955
WW_B02-0065,WW,0.2723393713313116,-0.7533596303274027
WW_B02-0066,WW,-0.902284902747971,-0.8710830479047422
WW_B02-0067,WW,1.9086865066455676,-0.1792243322515991
WW_B02-0068,WW,-0.4098465946812623,-0.2163763567195213
WW_B02-0069,WW,0.3532245546548942,-1.1352824928094916
WW_B02-0070,WW,0.2437840633151049,-0.9712335859424442
WW_B02-0071,WW,2.593159613519342,-0.3579434794603627
WW_B02-0072,WW,-1.6812132764111545,-1.8162038429875336
WW_B02-0073,WW,0.015115211560915078,-1.2919900863487468
WW_B02-0074,WW,1.3317059251639214,0.012581403230162401
WW_B02-0076,WW,0.5677217285926894,-1.4390782785418188
WW_B02-0077,WW,0.22543992977775126,-0.6468044325355037
WW_B02-0078,WW,-1.5461376632500687,-0.8548701860106434
WW_B02-0079,WW,-0.6425223947957531,-0.8621993645139853
WW_B02-0080,WW,-0.7925058144914925,-1.0480971840547928
WW_B02-0081,WW,1.8127565232419354,-0.21914787944165057
WW_B02-0083,WW,3.7714435366226375,0.21460149247804572
WW_B02-0084,WW,-0.1320504088828759,-0.9888767358491811
WW_B02-0085,WW,2.505113676947443,0.427802993022371
WW_B02-0086,WW,3.5830641307089173,-0.8706834654193379
WW_B02-0087,WW,0.44652369747732473,-1.4811310565458677
WW_B02-0088,WW,4.645646402184636,-0.37862298835877506
WW_B02-0089,WW,-0.763834071465409,-1.5159235726663294
WW_B02-0090,WW,-0.07209741552317057,-1.3092445675801851
WW_B02-0091,WW,5.574236340787632,-0.17876432786310506
WW_B02-0092,WW,0.8250030961731903,-0.07739402561630748
WW_B02-0093,WW,-1.6041769415065266,-0.9923001357321007
WW_B02-0094,WW,0.2720191151184741,-0.8218241308801231
WW_B02-0095,WW,2.845474309677442,0.18667981520694424
WW_B02-0096,WW,0.7740157452308529,0.1473767336964848
WW_B02-0097,WW,2.5748874723979536,-0.44269883330841486
WW_B02-0098,WW,0.6765762282923998,-1.1839417119915754
WW_B02-0099,WW,-1.1430297673273133,-1.1017845415307252
WW_B02-0100,WW,-2.0309310648270897,-1.5835768162157837
WW_B02-0101,WW,0.9179317807045178,-0.753971029896812
WW_B02-0102,WW,1.1409555537235674,-0.27302228366407666
WW_B02-0104,WW,1.8551497621475619,-0.6200458911884931
WW_B02-0105,WW,1.667010494688463,-0.7778670929169731
WW_B02-0106,WW,0.7856311625009219,-0.9266725662842109
WW_B02-0108,WW,-1.468713462501673,-1.6841306012900636
WW_B02-0109,WW,-0.6163636863682249,-0.8542492861433583
WW_B02-0110,WW,-0.07079058696298246,-0.7064274781332809
WW_B02-0111,WW,0.44559920324060825,0.31270395521091787
WW_B02-0112,WW,0.531325245536487,-1.556435135357591
WW_B02-0113,WW,2.152762110001418,-0.16647638937739292
WW_B02-0114,WW,-1.3771518029926844,-1.9673960128801096
WW_B02-0115,WW,0.3468039529052193,-0.7713584326294904
WW_B02-0117,WW,4.137158116341787,0.38640455679646557
WW_B02-0118,WW,3.9165370925507785,-0.1553422627296528
WW_B02-0119,WW,4.959496733015854,-0.061915875118676966
WW_B02-0120,WW,1.24998614310387,-1.1263504724009312
WW_B02-0121,WW,4.7492141202540195,0.8860452821531288
WW_B02-0122,WW,1.020529783183061,-1.6363726152081288
WW_B02-0123,WW,6.015570116811775,0.3707485927841284
WW_B02-0124,WW,4.986717089620626,-0.2465697221385998
WW_B02-0125,WW,0.22895742401624586,-1.2558650309568775
WW_B02-0126,WW,-1.3296389628947995,-1.4155289751721158
WW_B02-0127,WW,1.7097815899829625,-1.0950859482000512
WW_B02-0128,WW,-2.2410461783772773,-1.774058149473125
WW_B02-0129,WW,0.7353775222816457,-1.8423845770177134
WW_B02-0130,WW,5.244107162245541,-0.26430411229037043
WW_B02-0131,WW,-0.030931856076868956,-0.48562798630738
WW_B02-0132,WW,1.8582456264389036,-0.5333421245334263
WW_B02-0133,WW,5.218553763346391,-0.0897493147895749
WW_B02-0135,WW,0.979456643292831,0.13969197962980034
WW_B02-0136,WW,3.0490985529785375,-0.7462655236068056
WW_B02-0137,WW,1.6675665111747628,0.11292143068498581
WW_B02-0138,WW,-1.6391505471026164,-1.7592472169961484
WW_B02-0139,WW,-0.25949492647007133,-0.13455889600177412
WW_B02-0140,WW,0.8270590118552088,-1.089767020946002
WW_B02-0141,WW,-0.22533796875381934,-1.5266024721140024
WW_B02-0142,WW,-1.7275764575285861,-1.069331316556019
WW_B02-0145,WW,4.072998494135671,-0.1623469722598725
WW_B02-0146,WW,0.030249169551353303,-1.4834703543532364
WW_B02-0147,WW,-1.6262399634296658,-1.6653770712556204
WW_B02-0148,WW,-0.8497256762185323,-1.570215953987365
WW_B02-0149,WW,0.4633743550228261,-0.31593430846311665
WW_B02-0150,WW,1.161399779969458,-1.0880642847466961
WW_B02-0152,WW,-1.2443497477114431,-1.9452646907982074
WW_B02-0153,WW,2.2577096080657206,-0.214429998199759
WW_B02-0154,WW,0.042892208707481824,-0.8831033162777211
WW_B02-0155,WW,1.6429986786232849,-1.3019407663217788
WW_B02-0156,WW,0.13231407619870011,-0.1386076722044398
WW_B02-0157,WW,-0.7771980256207957,-1.1985689097203343
WW_B02-0158,WW,-1.2108691393675004,-2.052816035909409
WW_B02-0159,WW,1.0854253611400946,-0.45785874418714007
WW_B02-0160,WW,-1.3268952360268969,-2.3364617615155585
WW_B02-0161,WW,2.8005236894419387,-0.3490158457690324
WW_B02-0162,WW,3.632104330807332,0.3560591875378639
WW_B02-0163,WW,-1.0338768551122626,-0.9039018089046261
WW_B02-0164,WW,0.37386056587699545,-1.7767246926554625
WW_B02-0165,WW,-1.216363820486411,-1.329759630466621
WW_B02-0167,WW,-1.4549231569381726,-0.9821342512529521
WW_B02-0168,WW,-0.056741537085070626,-1.3869852654457235
WW_B02-0169,WW,-1.0875191996070386,-1.186920313025901
WW_B02-0170,WW,4.4284421958185565,1.3308489840486137
WW_B02-0171,WW,-1.3747008833362904,-0.861243920980311
WW_B02-0173,WW,-0.963004411446489,-1.0133063931816721
WW_B02-0174,WW,3.394464269391645,0.25462715095120353
WW_B02-0175,WW,6.032210399279954,-0.3034251607360077
WW_B02-0176,WW,-0.8869662895330165,-1.2160859196084812
WW_B02-0177,WW,1.16332663389016,-0.440263903298653
WW_B02-0178,WW,0.5472875924352372,-0.38614221368869234
WW_B02-0179,WW,0.8862360791232681,-0.0008491292090864917
WW_B02-0180,WW,-0.6273330633974189,-1.3019132500181223
WW_B02-0181,WW,-1.984274534215165,-1.1394144038514304
WW_B02-0182,WW,1.9976028799958323,0.549108466668401
WW_B02-0183,WW,2.3057464936928564,-1.5960991362142676
WW_B02-0184,WW,-1.8169852644885098,-1.8437071774406297
WW_B02-0185,WW,-0.9051234475517838,-1.701961779666728
WW_B02-0186,WW,1.196449889866826,-0.3425438131155391
WW_B02-0187,WW,3.1532500723513843,0.4520689959855654
WW_B02-0188,WW,2.37022876675644,0.46462140110324973
WW_B02-0189,WW,1.0287592103906034,-1.1106888969618618
WW_B02-0190,WW,1.6846748349695684,-0.8315369095108144
WW_B02-0191,WW,-0.7208384914601282,-1.214995386370307
WW_B02-0193,WW,0.8560045560737197,0.6353666388890971
WX_B01-0001,WX,0.05875135452035821,0.7068173634129032
WX_B01-0002,WX,3.819326722269733,1.069142791311349
WX_B01-0003,WX,0.14079009938802656,1.008841523157024
WX_B01-0004,WX,0.6803362969326789,1.0996960276258265
WX_B01-0005,WX,-1.877023251196202,0.7113674647303858
WX_B01-0006,WX,3.027463247342129,0.7639025068439546
WX_B01-0007,WX,1.7948150328319843,0.9204612262115843
WX_B01-0008,WX,1.9726853180634638,1.129214195251469
WX_B01-0009,WX,1.2275163509640343,0.3160660921498452
WX_B01-0010,WX,0.6416521376718789,1.067631017896818
WX_B01-0011,WX,2.4110049236766984,1.3042627447626667
WX_B01-0012,WX,2.8640155918799075,0.1657569175150604
WX_B01-0013,WX,1.1604414746570306,0.7311743903462925
WX_B01-0014,WX,0.51287762649879,1.4470632292011971
WX_B01-0015,WX,2.0620383808809484,1.4025523592181117
WX_B01-0016,WX,1.3671900837856563,1.9677749662830464
WX_B01-0017,WX,-0.05623344539543554,2.095309309199613
WX_B01-0018,WX,3.235692901849225,1.545022730413238
WX_B01-0019,WX,1.5536992871189699,-0.13846894957902695
WX_B01-0020,WX,0.256667273399264,0.3380927447095239
WX_B01-0022,WX,-0.8386458624769221,0.8452985758203218
WX_B01-0023,WX,-0.15711243276097478,0.7000696715564674
WX_B01-0024,WX,1.2540804204181144,0.3111575191934413
WX_B01-0025,WX,0.8700364989178239,0.7016163839489085
WX_B01-0026,WX,0.3846927896604231,0.9222992154185163
WX_B01-0027,WX,0.5428056388930984,0.44270746278009604
WX_B01-0028,WX,1.593656976963188,0.27078013069512996
WX_B01-0029,WX,-1.0585891986555307,-0.374885360645459
WX_B01-0030,WX,2.136096113974317,-0.5210971360176893
WX_B01-0031,WX,-2.242767775589169,0.4007480125227499
WX_B01-0032,WX,1.3373272476334075,1.1275814722424247
WX_B01-0033,WX,3.6386919039773424,0.9116195837515166
WX_B01-0034,WX,-0.9849980262376488,1.047188924264951
WX_B01-0035,WX,2.0383724053109096,0.3862423282753798
WX_B01-0036,WX,-1.415276646847944,0.8463806883064708
WX_B01-0037,WX,0.6554564462315895,1.0197317548069929
WX_B01-0038,WX,4.869743214623872,1.397518767700295
WX_B01-0039,WX,3.798184369521459,0.8045476088283661
WX_B01-0040,WX,-0.4788205589536475,0.8848790373381643
WX_B01-0041,WX,-1.4374785852947007,0.5433632715175866
WX_B01-0042,WX,0.047903176006068846,0.9421762922239622
WX_B01-0043,WX,0.22764694761804644,0.7067150530756999
WX_B01-0044,WX,2.4894349701218283,0.773865852814791
WX_B01-0045,WX,-0.816954369992333,0.8119768828596807
WX_B01-0046,WX,3.698013076177845,1.591788033847138
WX_B01-0047,WX,0.5797002449547796,0.7779745754512083
WX_B01-0049,WX,3.1712311471431978,1.1217440032406134
WX_B01-0050,WX,3.5372051799510267,1.0318853770461935
WX_B01-0052,WX,0.346349734254911,1.2763291859037014
WX_B01-0054,WX,1.5181075409591425,1.1661786573848543
WX_B01-0055,WX,1.7982140265611377,0.7265558203529612
WX_B01-0056,WX,2.62873053628577,-0.12174571672122046
WX_B01-0057,WX,1.7600435680898239,1.0927721387414182
WX_B01-0058,WX,1.7801638049663393,0.977274489953302
WX_B01-0059,WX,-0.021031969899590712,0.6679268097948631
WX_B01-0060,WX,1.7056995968640718,0.6441282882037453
WX_B01-0061,WX,-0.6296315874520946,1.0332127858090057
WX_B01-0062,WX,0.20262806031527936,0.4595539192712329
WX_B01-0063,WX,0.22864542541992836,-0.25792229949843065
WX_B01-0064,WX,0.9566970180470135,-0.16221712036869376
WX_B01-0065,WX,-1.636259672902201,0.7848616894592444
WX_B01-0066,WX,-0.7893827806555589,0.4665392271692603
WX_B01-0067,WX,0.2869386285880993,0.19035133355690056
WX_B01-0068,WX,3.349102099958377,0.12897268789409022
WX_B01-0070,WX,0.6539989793713563,1.3212765683723304
WX_B01-0071,WX,0.4048683656694946,-0.3865874747865296
WX_B01-0072,WX,0.48450336991753523,0.2898949772216257
WX_B01-0073,WX,-3.1895910419687468,0.3867287001045283
WX_B01-0074,WX,-0.8575889776991066,0.6284240660992227
WX_B01-0075,WX,-1.0572716613900381,0.05899150904916829
WX_B01-0076,WX,1.2349435721741928,0.2226719333920499
WX_B01-0077,WX,3.5268610039071637,0.018099703267693418
WX_B01-0078,WX,0.3096217644069877,0.8556488937643925
WX_B01-0079,WX,-1.6059870129270442,0.4060612997428554
WX_B01-0080,WX,3.571935394228257,0.15368233774740064
WX_B01-0081,WX,-0.9066256547966121,0.027319161751503382
WX_B01-0082,WX,0.1365606573968483,0.41685300364139677
WX_B01-0083,WX,2.3540636462691755,0.5937564682417658
WX_B01-0084,WX,-1.4888321240910356,0.6582509245565262
WX_B01-0085,WX,0.3615315039846947,0.16080781500661745
WX_B01-0086,WX,-0.11889201218863367,-0.021682448305733792
WX_B01-0087,WX,-0.6507355296227341,0.2715584235981185
WX_B01-0088,WX,0.5477524392528466,-0.5108175478499677
WX_B01-0089,WX,-0.8333009870985154,0.2686452612338825
WX_B01-0090,WX,3.348297768345904,0.30185018875339115
WX_B01-0092,WX,-0.37793079204111724,1.572506866413852
WX_B01-0093,WX,-0.5042493627874268,0.3622771579653668
WX_B01-0094,WX,0.7366389723238789,0.8858083302432282
WX_B01-0095,WX,0.14839252167446954,1.2216989154575986
WX_B01-0098,WX,4.297650793728527,0.2660162449053478
WX_B01-0099,WX,-0.392194450039378,1.044599171726049
WX_B01-0100,WX,0.2738378318299932,1.1787752158029525
WX_B01-0101,WX,1.5037257517137108,1.2239062737209507
WX_B01-0102,WX,1.2559202718207985,0.6811642184298607
WX_B01-0103,WX,-0.8232708055342024,0.5938321002863536
WX_B01-0104,WX,2.9697084137589744,1.229794810390987
WX_B01-0105,WX,0.4868456141336375,0.5596056599131589
WX_B01-0107,WX,0.853856021317281,0.2924137106832351
WX_B01-0109,WX,1.9910283076859943,1.5949910435292496
WX_B01-0110,WX,-0.0478241377328904,0.7631105577807965
WX_B01-0111,WX,0.8666530589942913,1.0670583655563286
WX_B01-0112,WX,1.430890360219585,0.3706733126324212
WX_B01-0113,WX,2.6520009608544863,0.5382916370374651
WX_B01-0114,WX,-0.0977655369655638,0.3041909357529612
WX_B01-0115,WX,1.8491101597302877,0.8783785528994056
WX_B01-0116,WX,-0.19482418033502616,0.19247114151766395
WX_B01-0117,WX,1.9284124158159395,1.2883272970546003
WX_B01-0118,WX,-0.793345950022488,0.0547327632210069
WX_B01-0119,WX,0.9046136774938011,0.8535321225957134
WX_B01-0120,WX,0.695559966714208,0.06299736158306549
WX_B01-0121,WX,-1.3883344594603544,1.0433300484628651
WX_B01-0122,WX,-0.7640205295988578,1.000922346891984
WX_B01-0123,WX,-0.06491236728216823,-0.11597147986771787
WX_B01-0124,WX,2.74046254526741,0.5180227125947712
WX_B01-0125,WX,-0.3093333687447974,1.2766113989394994
WX_B01-0127,WX,0.9466924443926618,-0.05828843207557934
WX_B01-0128,WX,-1.3291208345881553,0.5156682161884023
WX_B01-0129,WX,1.5539108422661159,0.344761502569739
WX_B01-0130,WX,1.5175400507153693,1.1868113649061327
WX_B01-0131,WX,1.924578370400907,0.038752066966469156
WX_B01-0133,WX,-0.14867680717090664,-0.32902882564846
WX_B01-0134,WX,-0.05768036594946799,0.37723356483341
WX_B01-0135,WX,0.13215313942762658,0.03217847937580067
WX_B01-0136,WX,-0.2074377492902773,0.14391122926228025
WX_B01-0137,WX,-0.24809948877183965,0.0017306083037107733
WX_B01-0138,WX,-0.0818032595164922,0.43208923467707555
WX_B01-0140,WX,0.8036803688294489,0.6082312232811111
WX_B01-0141,WX,0.5123287466637918,0.9771859923090028
WX_B01-0142,WX,1.6480943975517066,0.3486825619852132
WX_B01-0144,WX,-0.45201776013126405,-0.1050740598341255
WX_B01-0147,WX,-0.5432802402857525,0.7906609311202112
WX_B01-0148,WX,0.20672901450179326,-0.17873754131436503
WX_B01-0149,WX,0.9067971212923978,0.39711830974508083
WX_B01-0150,WX,0.2673930119042663,0.3438353154352519
WX_B01-0151,WX,-1.8452935156255326,0.6602641546892591
WX_B01-0152,WX,-0.055546334688978447,1.0023639351226123
WX_B01-0153,WX,1.4312405790731253,0.010686391621435844
WX_B01-0154,WX,2.3904116290719406,0.5779841137787416
WX_B01-0155,WX,-0.26123020643406847,1.0020058435396164
WX_B01-0159,WX,0.1882918862967948,-0.02052752823699837
WX_B01-0160,WX,1.91521075220939,1.2142886819175585
WX_B01-0161,WX,0.18927477348885352,1.306432843648542
WX_B01-0162,WX,1.3346600740498389,0.26950754585659453
WX_B01-0163,WX,0.7355458183997211,0.6006133065824764
WX_B01-0164,WX,1.6436992512687594,0.34744019591170294
WX_B01-0165,WX,2.4258372627096456,0.3500482385198177
WX_B01-0166,WX,0.26214608162395864,0.1781772785136273
WX_B01-0168,WX,-0.8580646131597031,1.0921065409370692
WX_B01-0169,WX,-1.78949020032306,0.305035401502345
WX_B01-0171,WX,-1.4061827683836559,0.7611511675805459
WX_B01-0172,WX,-2.4342889023166236,0.6583593640495751
WX_B01-0173,WX,-0.36087281245627345,0.28954897536512647
WX_B01-0174,WX,-0.055032279754825573,0.14780236577973688
WX_B01-0175,WX,-0.7238767738360224,0.17238751869288158
WX_B01-0176,WX,-2.3094592678428847,0.8222935814573744
WX_B01-0177,WX,0.6883487026031776,1.062915310381259
WX_B01-0178,WX,-1.380928620737443,-0.11386841748306531
WX_B01-0180,WX,-2.344722680506846,-0.12821052887099144
WX_B01-0181,WX,0.8120470134595079,0.7141470589499861
WX_B01-0182,WX,-1.0389933167999923,-0.06582774794433284
WX_B01-0184,WX,0.6367388287404036,1.1846519065977277
WX_B01-0185,WX,0.07981893188400381,0.07903219823989309
WX_B01-0186,WX,-1.3616416163594105,0.7432217361744373
WX_B01-0188,WX,-0.6619348491332476,0.6357004695413347
WX_B01-0189,WX,-1.2019391308226937,0.871850198855442
WX_B01-0190,WX,1.6402167813918083,0.7718206373424552
WX_B01-0191,WX,0.6726378506863383,0.9311597753793447
WX_B01-0192,WX,-0.7828430225876732,0.1056904478865327
WX_B01-0193,WX,-0.14801699416450803,0.4725338899671253
WX_B01-0194,WX,1.7404880830462248,0.5954793880009038
WX_B01-0195,WX,2.248314272982752,1.6403541216061954
WX_B01-0196,WX,1.5239239040903196,0.7193156822597508
WX_B01-0197,WX,3.2925942659100187,0.30526752802892565
WX_B01-0198,WX,-0.7768264131671734,0.687068747275262
WX_B01-0199,WX,1.7054411472477067,0.7414683672156092
WX_B01-0200,WX,0.2783981592391083,1.2297683561849995
WX_B01-0201,WX,-0.008085165747155287,0.5796666664026351
WX_B01-0202,WX,3.4062755650169887,0.8685671374737388
WX_B01-0203,WX,0.7371248665595079,1.1330907094884057
WX_B01-0204,WX,3.389144086254511,-0.3457789922782819
WX_B01-0205,WX,0.2014326713855613,0.28438773978839943
WX_B01-0206,WX,2.5070153225340874,0.4725252458262754
WX_B01-0207,WX,1.2099526429130927,1.008825544122167
WX_B01-0209,WX,-0.7478623618056593,1.1482021294496623
WX_B01-0210,WX,0.3768572516262812,0.9037326011349273
WX_B01-0212,WX,-1.7104896633687412,0.728088726993166
WX_B01-0213,WX,2.4475804347352907,0.07470292447518702
WX_B01-0214,WX,-0.3773548865237202,-0.4291974682187591
WX_B01-0215,WX,1.3302943741784943,-0.1117169690830982
WX_B01-0216,WX,-2.216814258277815,0.695424678128123
WX_B01-0218,WX,1.9802889640128294,1.2492689523887197
ZSKLD_B01-0001,ZSKLD,0.5883983237304524,-0.21318599725119458
ZSKLD_B01-0002,ZSKLD,0.6318262400042655,-0.16306500157216583
ZSKLD_B01-0003,ZSKLD,0.09419188049600388,-0.8255896639276779
ZSKLD_B01-0004,ZSKLD,-1.5162359206384048,-0.09864055994203602
ZSKLD_B01-0005,ZSKLD,0.237327215155623,-0.42511211409538474
ZSKLD_B01-0007,ZSKLD,-1.6016030230288338,0.19727104005119925
ZSKLD_B01-0008,ZSKLD,-0.9196109885061692,0.04416660374301685
ZSKLD_B01-0009,ZSKLD,-0.2699060844043185,0.2590053362132217
ZSKLD_B01-0010,ZSKLD,-0.12140702048733105,-0.18773199955904313
ZSKLD_B01-0011,ZSKLD,-1.1452621883123404,0.26799637737116316
ZSKLD_B01-0012,ZSKLD,0.36396160695145263,-0.47994269003839635
ZSKLD_B01-0013,ZSKLD,-0.271170687525472,-0.4152853645772855
ZSKLD_B01-0014,ZSKLD,-0.4840958495770256,-0.0839557786305396
ZSKLD_B01-0015,ZSKLD,-0.2970415241334504,-0.6507761765258357
ZSKLD_B01-0016,ZSKLD,-0.16258853429896342,-0.4417299298316125
ZSKLD_B01-0017,ZSKLD,-1.095572312577034,0.10167288684635234
ZSKLD_B01-0018,ZSKLD,0.5240734226211958,-0.03370091022168668
ZSKLD_B01-0019,ZSKLD,-2.0264772639176685,-0.3275944774633422
ZSKLD_B01-0020,ZSKLD,-0.6994897572331369,0.0032943195552034184
ZSKLD_B01-0022,ZSKLD,2.2239886920818135,-0.19442059675122525
ZSKLD_B01-0023,ZSKLD,-1.3460475621662258,-0.21620991221880628
ZSKLD_B01-0024,ZSKLD,-0.9179308445502152,-0.44896094929832103
ZSKLD_B01-0025,ZSKLD,-0.35183112647174053,-0.8976872275015616
ZSKLD_B01-0026,ZSKLD,-0.6554940836680068,-0.9523073571898187
ZSKLD_B01-0027,ZSKLD,-1.1775443961553114,-0.08664820370196605
ZSKLD_B01-0028,ZSKLD,0.06241156561167108,-0.2721959891283241
ZSKLD_B01-0029,ZSKLD,0.6754624446593558,-0.20144518127023295
ZSKLD_B01-0030,ZSKLD,-1.7975679791438794,-0.30005148632380724
ZSKLD_B01-0031,ZSKLD,-0.4615686971290859,-0.41160061664220626
ZSKLD_B01-0032,ZSKLD,-2.011981401306625,-0.32185643811220116
ZSKLD_B01-0033,ZSKLD,-1.2191364042164066,0.11611083744338044
ZSKLD_B01-0034,ZSKLD,0.4843212505486799,-0.7880110461313248
ZSKLD_B01-0035,ZSKLD,-2.558078598355621,-0.3684515911766836
ZSKLD_B01-0037,ZSKLD,-2.419192475739428,-0.2183330222584356
ZSKLD_B01-0038,ZSKLD,0.036579707905159825,-0.005276008799916798
ZSKLD_B01-0039,ZSKLD,-1.0702748013618288,-0.2831669631379101
ZSKLD_B01-0040,ZSKLD,0.6777325428554075,-0.08954652859313822
ZSKLD_B01-0041,ZSKLD,1.2791127326659155,-1.1038688497446452
ZSKLD_B01-0042,ZSKLD,0.7316350729015606,-0.27369085531840537
ZSKLD_B01-0043,ZSKLD,-0.8334565699668209,-0.25790063641995686
ZSKLD_B01-0044,ZSKLD,-0.796976877310951,-0.21424785128672963
ZSKLD_B01-0045,ZSKLD,-0.2477352715942096,-0.0518446843204691
ZSKLD_B01-0046,ZSKLD,1.6041801581837607,-0.3920959436041884
ZSKLD_B01-0047,ZSKLD,-0.44092421144763827,-0.08139003290855246
ZSKLD_B01-0048,ZSKLD,-0.8398610702523667,-0.13059379228812193
ZSKLD_B01-0049,ZSKLD,-0.7427427470755492,-0.06314541035525588
ZSKLD_B01-0050,ZSKLD,0.32227763690368244,-0.6957767264167313
ZSKLD_B01-0051,ZSKLD,-0.8544984932939118,-0.2191816995473901
ZSKLD_B01-0052,ZSKLD,0.9753923228839726,-0.40190590433700096
ZSKLD_B01-0054,ZSKLD,-0.6440673707419744,-0.7706501242985603
ZSKLD_B01-0055,ZSKLD,0.36686886297321086,-0.5357778205945873
ZSKLD_B01-0056,ZSKLD,-1.8064743293704333,-0.2426476616818064
ZSKLD_B01-0057,ZSKLD,-0.6541105056080694,-0.45328513052030356
ZSKLD_B01-0058,ZSKLD,-0.5437755160112122,-0.09944559383621626
ZSKLD_B01-0059,ZSKLD,0.12868409657016824,-0.516356094683888
ZSKLD_B01-0060,ZSKLD,-0.9654642595888755,-0.2511449204815951
ZSKLD_B01-0061,ZSKLD,0.6556876234376221,-0.24823028980307837
ZSKLD_B01-0062,ZSKLD,1.5478449569291857,-0.7416987162537807
ZSKLD_B01-0063,ZSKLD,-1.1360340419360715,-0.5294126008347854
ZSKLD_B01-0064,ZSKLD,-0.9749528158766619,-1.01582291794034
ZSKLD_B01-0065,ZSKLD,-0.7683216951204889,0.04190521398595421
ZSKLD_B01-0066,ZSKLD,-1.5965654114480425,0.3770524162758347
ZSKLD_B01-0068,ZSKLD,0.6869146682330728,0.21545174117077243
ZSKLD_B01-0069,ZSKLD,-1.5831893301971574,0.3619532786180693
ZSKLD_B01-0071,ZSKLD,-0.4957292054343415,0.2491561941235107
ZSKLD_B01-0072,ZSKLD,1.3869026534676892,-0.029567826297634166
ZSKLD_B01-0073,ZSKLD,-0.4961777785721815,-0.1877158055274143
ZSKLD_B01-0075,ZSKLD,-0.7782716626271952,0.23608870889133068
ZSKLD_B01-0077,ZSKLD,-0.006849985808560562,-0.18051304139865937
ZSKLD_B01-0078,ZSKLD,-1.2507918819742183,0.5072834626501427
ZSKLD_B01-0079,ZSKLD,-0.8309499303157543,-0.1320146295781069
ZSKLD_B01-0080,ZSKLD,0.28740823618463407,-0.4226517454229762
ZSKLD_B01-0081,ZSKLD,-1.1768234968086622,-0.5889246522344409
ZSKLD_B01-0082,ZSKLD,-0.7241908925599461,0.3661522423879988
ZSKLD_B01-0083,ZSKLD,0.01993269986593524,0.16355734946747166
ZSKLD_B01-0084,ZSKLD,-1.0752385032868002,-0.03460573603859958
ZSKLD_B01-0085,ZSKLD,-0.8638427714840563,-0.00910831353596104
ZSKLD_B01-0087,ZSKLD,0.42315822596820185,-0.009990259047125583
ZSKLD_B01-0088,ZSKLD,-0.08035613015331483,0.030152378506703624
ZSKLD_B01-0089,ZSKLD,1.966347803002332,-0.3295230199856237
ZSKLD_B01-0090,ZSKLD,0.10586447591496836,-0.6652514848325155
ZSKLD_B01-0091,ZSKLD,-0.5124925329435969,0.6401021124778362
ZSKLD_B01-0092,ZSKLD,-0.18531939181647064,-0.38339608945954146
ZSKLD_B01-0093,ZSKLD,-0.4038100126339285,-0.41252630552417946
ZSKLD_B01-0094,ZSKLD,-0.1050119307012857,-0.2240728074793808
ZSKLD_B01-0095,ZSKLD,-1.4551126393549834,-0.1669955823308327
ZSKLD_B01-0096,ZSKLD,-0.91186711803906,-0.3195354670305368
ZSKLD_B01-0097,ZSKLD,0.056032209743875155,-0.6227330555019739
ZSKLD_B01-0098,ZSKLD,-0.3840908154136221,-0.5154315745816621
ZSKLD_B01-0099,ZSKLD,-0.41536941872403155,-0.5132644760797134
ZSKLD_B01-0100,ZSKLD,-0.6946428089871397,-0.30110182436705357
ZSKLD_B01-0102,ZSKLD,-2.203877448349038,-0.6915384721248422
ZSKLD_B01-0103,ZSKLD,-0.7428214684948602,-0.2391176137312348
ZSKLD_B01-0104,ZSKLD,-1.5508871014842185,-0.37317818165232114
ZSKLD_B01-0105,ZSKLD,-1.7094272342083976,-0.18661342852580248
ZSKLD_B01-0106,ZSKLD,1.3963860728663842,-0.30401182119043846
ZSKLD_B01-0107,ZSKLD,-0.4823395443446556,-0.1210988946064055
ZSKLD_B01-0108,ZSKLD,-0.42011966348369123,0.10917189863705465
ZSKLD_B01-0109,ZSKLD,0.9910740277264174,-0.38071738152427176
ZSKLD_B01-0110,ZSKLD,-0.5056665493686271,-0.6101016542098352
ZSKLD_B01-0111,ZSKLD,-0.6080056481209828,-0.2972256741730833
ZSKLD_B01-0112,ZSKLD,0.7902950268035723,-0.14037657144990137
ZSKLD_B01-0113,ZSKLD,2.0625515712606126,-0.5338498588309784
ZSKLD_B01-0114,ZSKLD,-1.6003377456956087,0.03624186725921866
ZSKLD_B01-0115,ZSKLD,-0.3554937540855352,-0.4585055337993652
ZSKLD_B01-0116,ZSKLD,-0.5873550017209688,-0.5010614264337152
ZSKLD_B01-0117,ZSKLD,1.3227855553908077,-0.7501708148899584
ZSKLD_B01-0118,ZSKLD,-2.328453281220349,-0.1660633030814842
ZSKLD_B01-0119,ZSKLD,-0.6682393245858994,-0.13586425929122808
ZSKLD_B01-0120,ZSKLD,-0.35298555735533044,-0.10027993604568962
ZSKLD_B01-0121,ZSKLD,-1.4058257695223189,-0.3050342415488431
ZSKLD_B01-0122,ZSKLD,-2.4761257421505403,-0.12572401887635293
ZSKLD_B01-0123,ZSKLD,-1.3495827440857517,-0.029427051179307058
ZSKLD_B01-0124,ZSKLD,1.9160833377356552,-0.7043299732731089
ZSKLD_B01-0125,ZSKLD,-0.5927691365938531,0.00169813732910392
ZSKLD_B01-0126,ZSKLD,-0.06088761429390192,-0.4337238282422253
ZSKLD_B01-0127,ZSKLD,-0.9681087255442451,0.020524902260647564
ZSKLD_B01-0128,ZSKLD,-0.02734443843678827,0.5912201866285173
ZSKLD_B01-0129,ZSKLD,-1.8179053743220144,-0.5158622242128538
ZSKLD_B01-0130,ZSKLD,-0.9302002150616614,-0.11822309116760193
ZSKLD_B01-0131,ZSKLD,-0.4495433426606856,-0.14668326988832403
ZSKLD_B01-0132,ZSKLD,-1.1400258278281599,0.1475095272018871
ZSKLD_B01-0133,ZSKLD,0.659763008687515,-0.11023396291332987
ZSKLD_B01-0134,ZSKLD,-0.1994542079501569,-0.4362449410426557
ZSKLD_B01-0135,ZSKLD,-1.3704218315636074,-1.2373693483194306
ZSKLD_B01-0136,ZSKLD,-0.49588918196743115,-0.5067989385170446
ZSKLD_B01-0138,ZSKLD,-0.7038389144910283,-0.8285530653289546
ZSKLD_B01-0139,ZSKLD,0.8961482032473513,-0.2536276754670349
ZSKLD_B01-0140,ZSKLD,-0.7015705842612023,-0.41890787779351396
ZSKLD_B01-0141,ZSKLD,-1.160846837654855,-0.35281982338863593
ZSKLD_B01-0142,ZSKLD,-0.8305411066750396,-0.610407475464338
ZSKLD_B01-0143,ZSKLD,-0.6672880276874554,0.4480439976676433
ZSKLD_B01-0144,ZSKLD,0.512069568262202,0.3600365063462388
ZSKLD_B01-0145,ZSKLD,1.9558871790715815,-0.16443957682504923
ZSKLD_B01-0146,ZSKLD,0.028279422326955295,-0.896169832011412
ZSKLD_B01-0147,ZSKLD,-0.31973928351748615,-0.09543515714772383
ZSKLD_B01-0148,ZSKLD,1.2378689128069282,-0.23575340786182702
ZSKLD_B01-0149,ZSKLD,-1.1388422704852474,-0.006336021006221881
ZSKLD_B01-0150,ZSKLD,-0.2599920568316031,-0.3544229551712441
ZSKLD_B01-0151,ZSKLD,-0.3219747942546377,0.1301915818443306
ZSKLD_B01-0152,ZSKLD,-0.16189867929489957,-0.3208345114787717
ZSKLD_B01-0153,ZSKLD,0.4426530653834616,-0.6783698658388839
ZSKLD_B01-0154,ZSKLD,-2.3385098852756543,-0.04982974825222341
ZSKLD_B01-0155,ZSKLD,-0.8121084645677591,0.13602532763384695
ZSKLD_B01-0156,ZSKLD,-1.7112090584616317,-0.2542623601824544
ZSKLD_B01-0157,ZSKLD,0.2276931080085362,-0.11258764785244542
ZSKLD_B01-0158,ZSKLD,-1.278488543950128,0.2449451358073989
ZSKLD_B01-0161,ZSKLD,-2.03495858944704,-0.49488341343060915
ZSKLD_B01-0163,ZSKLD,0.068414846110562,-0.4273362919884445
ZSKLD_B01-0164,ZSKLD,-0.8334351294573337,-0.5958300457640281
ZSKLD_B01-0165,ZSKLD,-0.3464534316784321,0.5286556759590331
ZSKLD_B01-0166,ZSKLD,0.578490054173967,-0.00011650560215229009
ZSKLD_B01-0167,ZSKLD,-1.4622985735805725,0.11960607659368647
ZSKLD_B01-0168,ZSKLD,-0.6504854196623795,0.3673339001029283
ZSKLD_B01-0169,ZSKLD,-1.7016549308107582,0.18735138822356412
ZSKLD_B01-0170,ZSKLD,-2.025069987745596,0.35292981478141994
ZSKLD_B01-0171,ZSKLD,-0.990465158164392,-0.006104004743040861
ZSKLD_B01-0173,ZSKLD,-1.2548526604163288,-0.04551877805298589
ZSKLD_B01-0174,ZSKLD,2.025472094128852,-0.3239182083533069
ZSKLD_B01-0175,ZSKLD,-0.005706069354771193,0.4121231978882962
ZSKLD_B01-0176,ZSKLD,-0.6360415468481759,-0.5324495518584171
ZSKLD_B01-0177,ZSKLD,-1.4239396283924721,-0.08401808451229498
ZSKLD_B01-0178,ZSKLD,-1.5695396476192254,-0.2343705261824786
ZSKLD_B01-0179,ZSKLD,-2.916340275268113,0.3021879300674609
ZSKLD_B01-0181,ZSKLD,-1.0869345296548256,0.16886700919628003
ZSKLD_B01-0182,ZSKLD,-1.8047881595107327,0.001648117983214542
ZSKLD_B01-0183,ZSKLD,-0.9301136886383305,-0.30447312455794456
ZSKLD_B01-0185,ZSKLD,-1.6927824222613275,-0.11986750442382405
ZSKLD_B01-0186,ZSKLD,-0.8772010907687322,-0.6050184380249509
ZSKLD_B01-0188,ZSKLD,-1.262642611724465,-0.21530842997348387
ZSKLD_B01-0189,ZSKLD,-2.1869730489465495,-0.26306514785095986
ZSKLD_B01-0191,ZSKLD,0.8029759241485855,-0.31168052071254393
ZSKLD_B01-0192,ZSKLD,0.2572323368201894,0.155826380700021
ZSKLD_B01-0194,ZSKLD,-1.8057224817163933,0.21775873386210448
ZSKLD_B01-0195,ZSKLD,-1.4981827908835763,0.16361470351006707
ZSKLD_B01-0196,ZSKLD,-1.3150983827087737,0.11927202988655403
ZSKLD_B01-0198,ZSKLD,-1.7007265542647283,-0.03648912840286801
ZSKLD_B01-0199,ZSKLD,-3.0243011515919713,0.144908001523155
ZSKLD_B01-0200,ZSKLD,1.044453312143034,-0.030589625763854298
ZSKLD_B01-0201,ZSKLD,-1.1255189946670692,-0.05429903450239112
ZSKLD_B01-0203,ZSKLD,-0.04706778508651349,0.29132795508955966
ZSKLD_B01-0204,ZSKLD,-1.9798552022506404,0.4510077413811516
ZSKLD_B01-0205,ZSKLD,-1.7330502941085602,0.397852606343362
ZSKLD_B01-0208,ZSKLD,-1.7063687860539138,-0.10983755758994865
ZSKLD_B01-0209,ZSKLD,1.4188691175583572,-0.09366173868314853
ZSKLD_B01-0211,ZSKLD,-0.6786239124391807,-0.31262481349636895
ZSKLD_B01-0212,ZSKLD,-0.7543134816732487,-0.40353608584546724
ZSKLD_B01-0213,ZSKLD,-0.6456227113491974,-0.01711322226171344
ZSKLD_B01-0214,ZSKLD,-0.08500916173170894,-0.3679827260650215
ZSKLD_B01-0215,ZSKLD,-0.3011698172876358,-0.2258485620252766
ZSKLD_B01-0216,ZSKLD,0.31542990156503853,-0.16493310035416814
ZSKLD_B01-0217,ZSKLD,-1.3733868996258987,-0.14663709072810066
ZSKLD_B01-0218,ZSKLD,-1.5739982395310823,-0.407720445621689
ZSKLD_B01-0219,ZSKLD,-0.5130286427586646,-1.121330925915692
ZSKLD_B01-0220,ZSKLD,0.13650903724016128,-0.09690471573667252
ZSKLD_B01-0221,ZSKLD,0.4513182946276211,-0.47952002023418555
ZSKLD_B01-0222,ZSKLD,-0.300973408365492,-0.17332488350840186
ZSKLD_B01-0223,ZSKLD,-0.4904221161021609,-0.35343362770282516
ZSKLD_B01-0224,ZSKLD,1.6388483429166836,-0.5010795839579224
ZSKLD_B01-0226,ZSKLD,-1.462077210254182,0.2269605879068198
ZSKLD_B01-0227,ZSKLD,-0.9593396933078658,-0.23303469741932725
ZSKLD_B01-0228,ZSKLD,-0.9316493705012796,-0.13797482878892017
ZSKLD_B01-0229,ZSKLD,-0.5894612981355999,-0.4480464490018112
ZSKLD_B01-0230,ZSKLD,-1.2203280435112687,-0.03445159742059678
ZSKLD_B01-0231,ZSKLD,-0.9535002861119767,0.12289999702115835
ZSKLD_B01-0232,ZSKLD,-0.7666750738229139,0.8341014555293339
ZSKLD_B01-0234,ZSKLD,-0.347336886892559,0.07795545033725831
ZSKLD_B01-0235,ZSKLD,-0.08564199348651624,0.12472943512056735
ZSKLD_B01-0236,ZSKLD,0.10455212859731586,0.020197045063917188
ZSKLD_B01-0237,ZSKLD,-0.06354468303883926,0.025154321031281825
ZSKLD_B01-0238,ZSKLD,-0.5128931821455125,0.15999326443990014
ZSKLD_B01-0239,ZSKLD,-0.8602214994427244,-0.04309359899525794
ZSKLD_B01-0240,ZSKLD,-0.10282409048398304,0.36352988759748944
ZSKLD_B01-0241,ZSKLD,-0.7776740178725372,0.02338320338125975
ZSKLD_B01-0243,ZSKLD,-0.282108955992051,-0.4896396174934622
ZSKLD_B01-0244,ZSKLD,-0.07247107221750268,-0.2094705133925857
ZSKLD_B01-0245,ZSKLD,0.12035200964774628,-0.5449877164258455
ZSKLD_B01-0246,ZSKLD,0.3731367524912276,0.15772533579768994
ZSKLD_B01-0247,ZSKLD,-1.4610263758311899,-0.25562653568832716
ZSKLD_B01-0248,ZSKLD,0.06055022405483046,0.526438988084888
ZSKLD_B01-0249,ZSKLD,-0.4142148779269192,0.14672568996977495
ZSKLD_B01-0250,ZSKLD,-1.4220808501439808,-0.21748201385334048
ZSKLD_B01-0251,ZSKLD,-0.9651639920803711,-0.3671748473050616
ZSKLD_B01-0253,ZSKLD,-0.5885065914704538,-0.19279112217195649
ZSKLD_B01-0255,ZSKLD,-0.5094809277280108,-0.05483593931041377
ZSKLD_B01-0256,ZSKLD,-1.3122220790729051,0.20379795266690745
ZSKLD_B01-0257,ZSKLD,-1.7710160616233463,0.09437566376790738
ZSKLD_B01-0258,ZSKLD,-0.767623129962319,-0.28798514829894994
ZSKLD_B01-0259,ZSKLD,-0.5233773778667494,0.19459522253656092
ZSKLD_B01-0260,ZSKLD,-1.4784797761923638,0.33230741320051826
ZSKLD_B01-0261,ZSKLD,-0.8331993038673124,-0.19069793242998218
ZSKLD_B01-0262,ZSKLD,-0.442906631535508,0.29746520804731313
ZSKLD_B01-0263,ZSKLD,-2.598626228876018,-0.21235585112437239
ZSKLD_B01-0264,ZSKLD,-0.9074736545058053,-0.030608401843669204
ZSKLD_B01-0267,ZSKLD,-1.0519047172429539,0.4001479776570627
ZSKLD_B01-0268,ZSKLD,-0.7825314655178909,-0.0940805787414964
ZSKLD_B01-0269,ZSKLD,-0.5118333340215686,-0.8628980530366764
ZSKLD_B01-0270,ZSKLD,-0.34816950812125014,-0.001201204946111395
ZSKLD_B01-0271,ZSKLD,-0.41926706553998083,-0.009405399733098445
ZSKLD_B01-0272,ZSKLD,-0.7155626594723605,0.01967399868361276
ZSKLD_B01-0273,ZSKLD,-0.38674694089211514,-0.1868747870998635
ZSKLD_B01-0275,ZSKLD,-1.8137068458594268,-0.3844574887002314
ZSKLD_B01-0276,ZSKLD,-1.9759556758323906,0.2463800200913793
ZSKLD_B01-0277,ZSKLD,-1.0438898329310848,-0.17021243692840382
ZSKLD_B01-0278,ZSKLD,-2.193254640579652,-0.13196377559875583
ZSKLD_B01-0279,ZSKLD,1.0957931505952987,-0.24022846188285424
ZSKLD_B01-0280,ZSKLD,0.7916872675329595,-0.3201508345115633
ZSKLD_B01-0282,ZSKLD,-1.7850543002073476,0.02044474451205936
ZSKLD_B01-0283,ZSKLD,-0.5643577269213702,0.17730828883717162
ZSKLD_B01-0285,ZSKLD,-0.2714960771828844,0.3106692413219271
ZSKLD_B01-0286,ZSKLD,-0.46512691604946776,-0.11821459678174429
ZSKLD_B01-0287,ZSKLD,-0.2704304436558224,-0.4257914812788634
ZSKLD_B01-0289,ZSKLD,-1.0788950882564257,-0.5611629211268394
ZSKLD_B01-0290,ZSKLD,-1.3357760039590618,0.05396284563196321
ZSKLD_B01-0291,ZSKLD,-0.5048894808426629,0.32580623020553734
ZSKLD_B01-0292,ZSKLD,-0.19701519815550037,-0.013673311132191914
ZSKLD_B01-0293,ZSKLD,-0.5221262978100943,0.20983300827301796
ZSKLD_B01-0294,ZSKLD,-0.6636254365249135,-0.11803408924682085
ZSKLD_B01-0295,ZSKLD,-0.6563576285466376,0.4720073301116252
ZSKLD_B01-0296,ZSKLD,-1.2863522595301842,0.23944130817470968
ZSKLD_B01-0297,ZSKLD,-0.9297922326595756,0.016737180550047033
ZSKLD_B01-0298,ZSKLD,-1.075351231328881,-0.10691490531223555
ZSKLD_B01-0299,ZSKLD,-1.1970731491331401,-0.4653308111475394
ZSKLD_B01-0300,ZSKLD,-0.7645202380901543,-0.508514703402032
